rank,front,variants_raw,pos_codes,source
1,في,في,P\PRE,Al-Said 2023 Table 4
2,أن,ْأن | َّأن,P\PO,Al-Said 2023 Table 4
3,من,ِّم + ْن | ْمَن,P\PRE | N\RP,Al-Said 2023 Table 4
4,على,ع + َلى,P\PRE,Al-Said 2023 Table 4
5,لا,لا,P\PO,Al-Said 2023 Table 4
6,إلى,إلى,P\PRE,Al-Said 2023 Table 4
7,هذا,ه + َذا,N\DE,Al-Said 2023 Table 4
8,كان,َكان,V\VP,Al-Said 2023 Table 4
9,إن,ْإن | َّإن,P\PO,Al-Said 2023 Table 4
10,ما,ما,N\RP,Al-Said 2023 Table 4
11,له,ل + ه,P\PRE,Al-Said 2023 Table 4
12,أنا,أنا,PRO,Al-Said 2023 Table 4
13,عن,َع + ْن,P\PRE,Al-Said 2023 Table 4
14,ذلك,َذ + َلك,N\DE,Al-Said 2023 Table 4
15,مع,َمع,ADV,Al-Said 2023 Table 4
16,به,ب + ه,P\PRE,Al-Said 2023 Table 4
17,يكون,َي + ك + ُون,V\VI,Al-Said 2023 Table 4
18,لم,َل + ْم,P\PO,Al-Said 2023 Table 4
19,أنت,ْأن + َت | ِّأنْت,PRO,Al-Said 2023 Table 4
20,هل,َه + ْل,P\QU,Al-Said 2023 Table 4
21,التي,ال + َّتي,N\RP,Al-Said 2023 Table 4
22,ليس,َل + ْي + َس,V\VP,Al-Said 2023 Table 4
23,لكن,َل + ِّك + ْن | َّلَكِّن,P\PO,Al-Said 2023 Table 4
24,كل,ُك + ل | ْكُل,N\CN | V\VR,Al-Said 2023 Table 4
25,هذه,َه + ِّذه,N\DE,Al-Said 2023 Table 4
26,يا,يا,P\PO,Al-Said 2023 Table 4
27,الذي,ال + َّذي,N\RP,Al-Said 2023 Table 4
28,هو,ُه + َو,PRO,Al-Said 2023 Table 4
29,لقد,َل + َقد,P\PO,Al-Said 2023 Table 4
30,شيء,َش + ْيء,N\CN,Al-Said 2023 Table 4
31,ماذا,ماذا,P\QU,Al-Said 2023 Table 4
32,حسنا,َح + سن + ًا,N\CN,Al-Said 2023 Table 4
33,يريد,ي + ُريد,V\VI,Al-Said 2023 Table 4
34,هنا,ه + ُنا,ADV,Al-Said 2023 Table 4
35,قال,َقال,V\VP,Al-Said 2023 Table 4
36,يمكن,ُي + ْم + ِّكن,V\VI,Al-Said 2023 Table 4
37,بعد,َب + ْعد,ADV,Al-Said 2023 Table 4
38,أي,ْأي | أ + ي,P\PO | N\CN,Al-Said 2023 Table 4
39,يعرف,َي + ْع + ِّرف | يُعَر + ِّف,V\VI,Al-Said 2023 Table 4
40,هناك,ه + ُناك,ADV,Al-Said 2023 Table 4
41,لدى,ل + َدى,ADV,Al-Said 2023 Table 4
42,اآلن,َاآلن,ADV,Al-Said 2023 Table 4
43,أو,ْأو,P\CO,Al-Said 2023 Table 4
44,إذا,إذا,ADV,Al-Said 2023 Table 4
45,عم,َعم,P\PO,Al-Said 2023 Table 4
46,رئيس,ر + َئيس,N\CN,Al-Said 2023 Table 4
47,عام,عام,N\CN | ADJ,Al-Said 2023 Table 4
48,هي,ِّهي,PRO,Al-Said 2023 Table 4
49,يوم,َي + ْوم,N\CN,Al-Said 2023 Table 4
50,سيد,َس + يد,N\CN,Al-Said 2023 Table 4
51,بين,َب + ْين | َبَيَّن,ADV | V\VP,Al-Said 2023 Table 4
52,قد,َق + ْد,P\PO,Al-Said 2023 Table 4
53,بعض,َب + ْعض,N\CN,Al-Said 2023 Table 4
54,فقط,َف + َقط,KH,Al-Said 2023 Table 4
55,لن,َل + ْن,P\PO,Al-Said 2023 Table 4
56,حتى,َح + َّتى,P\PRE,Al-Said 2023 Table 4
57,أمر,أم + ْر | َأمَر,N\CN | V\VP,Al-Said 2023 Table 4
58,عمل,َع + َمل | َعَمِّل,N\CN | V\VP,Al-Said 2023 Table 4
59,يجب,َي + ِّجب,V\VI,Al-Said 2023 Table 4
60,أحد,َأ + َحد,N\CN,Al-Said 2023 Table 4
61,وقت,َو + ْقت,N\CN,Al-Said 2023 Table 4
62,أجل,َأ + َجل,P\PO,Al-Said 2023 Table 4
63,قبل,َقَبِّل,V\VP,Al-Said 2023 Table 4
64,خالل,خ + ِّالل,ADV,Al-Said 2023 Table 4
65,نفس,ْفس | نَفَس,N\CN,Al-Said 2023 Table 4
66,يفعل,َي + ْف + َعل,V\VI,Al-Said 2023 Table 4
67,يعتقد,َي + ْع + َت + ِّقد,V\VI,Al-Said 2023 Table 4
68,يستطيع,َي + ْس + َت + ط + ِّيع,V\VI,Al-Said 2023 Table 4
69,كما,ك + َما,P\PO,Al-Said 2023 Table 4
70,رجل,َر + ُجل | ر + ِّجْل,N\CN,Al-Said 2023 Table 4
71,عندما,ِّع + ْن + د + َما,ADV,Al-Said 2023 Table 4
72,كيف,َك + ْي + َف,P\QU,Al-Said 2023 Table 4
73,حن,ْح + ُن,PRO,Al-Said 2023 Table 4
74,أول,َأ + َّول,N\CNU,Al-Said 2023 Table 4
75,جيد,َج + يد,ADJ,Al-Said 2023 Table 4
76,يقول,َي + ق + ُول,V\VI,Al-Said 2023 Table 4
77,يرى,ي + َرى,V\VI,Al-Said 2023 Table 4
78,غير,َغ + ْير | َغَيَّر,P\EX | V\VP,Al-Said 2023 Table 4
79,واحد,واح + ِّد,N\CNU,Al-Said 2023 Table 4
80,جديد,جديد,ADJ,Al-Said 2023 Table 4
81,أكثر,أكث + َر,N\CN,Al-Said 2023 Table 4
82,مثل,مَثَل,N\CN,Al-Said 2023 Table 4
83,جدا,ِّج + ًّدا,N\CN,Al-Said 2023 Table 4
84,آخر,آخ + ِّر | آخَر,N\CN,Al-Said 2023 Table 4
85,سوف,َس + ْو + َف,P\PO,Al-Said 2023 Table 4
86,كبير,ك + َبير,ADJ,Al-Said 2023 Table 4
87,فريق,ف + َريق,N\CN,Al-Said 2023 Table 4
88,كثير,ك + َثير,ADJ,Al-Said 2023 Table 4
89,أياض,ْأي + ًاض,N\CN,Al-Said 2023 Table 4
90,تلك,ِّت + ْل + َك,N\DE,Al-Said 2023 Table 4
91,مجلس,َم + ْج + ِّلس,N\CN,Al-Said 2023 Table 4
92,لماذا,لماذا,P\QU,Al-Said 2023 Table 4
93,أم,َأ + ْم | أُم,P\PO | N\CN,Al-Said 2023 Table 4
94,فعل,َفَعَل,V\VP,Al-Said 2023 Table 4
95,عدد,َع + َدد,N\CN,Al-Said 2023 Table 4
96,يذهب,َي + ْذ + َهب,V\VI,Al-Said 2023 Table 4
97,أخرى,ْأخ + رى,ADJ,Al-Said 2023 Table 4
98,كذلك,ك + َذلك,N\DE,Al-Said 2023 Table 4
99,شخص,َش + ْخص,N\CN,Al-Said 2023 Table 4
100,مرة,َم + َّرة,N\CN,Al-Said 2023 Table 4
101,أمس,أم + ْس,ADV,Al-Said 2023 Table 4
102,حيث,َح + ْي + ُث,ADV,Al-Said 2023 Table 4
103,حياة,ح + َياة,N\CN,Al-Said 2023 Table 4
104,منذ,ُم + ْن + ُذ,ADV,Al-Said 2023 Table 4
105,ربما,ُر + ب + َّما,P\PO,Al-Said 2023 Table 4
106,أين,ْأي + َن,P\QU,Al-Said 2023 Table 4
107,جميع,جميع,N\CN,Al-Said 2023 Table 4
108,مكان,مكان,N\CN,Al-Said 2023 Table 4
109,هيا,هي + َّا,KH,Al-Said 2023 Table 4
110,لو,ْلو,P\PO,Al-Said 2023 Table 4
111,يبدو,يبد + ُو,V\VI,Al-Said 2023 Table 4
112,شكرا,ُش + ْك + ًرا,N\CN,Al-Said 2023 Table 4
113,سبب,َس + َبب | َسَبَّب,N\CN | V\VP,Al-Said 2023 Table 4
114,ابن,اب + ْن,N\CN,Al-Said 2023 Table 4
115,عند,ِّع + ْن + َد,ADV,Al-Said 2023 Table 4
116,أفضل,َأفض + ل,N\CN,Al-Said 2023 Table 4
117,تم,َت + َّم,V\VP,Al-Said 2023 Table 4
118,دولة,َد + ْو + َلة,N\CN,Al-Said 2023 Table 4
119,يعلم,َي + ْع + َلم | يُعل + ِّم,V\VI,Al-Said 2023 Table 4
120,عالم,عال + َم | عالِّم,N\CN,Al-Said 2023 Table 4
121,ماضي,ماضي,ADJ,Al-Said 2023 Table 4
122,أب,أب,N\CN,Al-Said 2023 Table 4
123,دون,ُد + َون | َدَوَّن,ADV | V\VP,Al-Said 2023 Table 4
124,يحب,ُي + ِّح + ب,V\VI,Al-Said 2023 Table 4
125,يعني,َي + ْع + ِّني,V\VI,Al-Said 2023 Table 4
126,يقوم,َي + ق + ُوم,V\VI,Al-Said 2023 Table 4
127,مرحبا,َم + ْر + حب + ًا,N\CN,Al-Said 2023 Table 4
128,يعمل,َي + ْع + َمل,V\VI,Al-Said 2023 Table 4
129,خير,َخ + ْير,N\CN,Al-Said 2023 Table 4
130,خاصة,َّخاص + ة,ADJ,Al-Said 2023 Table 4
131,أمام,أمام,ADV,Al-Said 2023 Table 4
132,شركة,َش + ر + ِّكة,N\CN,Al-Said 2023 Table 4
133,حول,َح + ْول | َحَوَّل,ADV | V\VP,Al-Said 2023 Table 4
134,أخبر,َأ + ْخ + َب + َر | ْأَخْبِّر,V\VP | V\VR,Al-Said 2023 Table 4
135,طريق,طريق,N\CN,Al-Said 2023 Table 4
136,إال,َّإال,P\EX,Al-Said 2023 Table 4
137,حال,حال,N\CN,Al-Said 2023 Table 4
138,نسبة,ن + ِّسبة,N\CN,Al-Said 2023 Table 4
139,أكد,َأ + َّك + َد,V\VP,Al-Said 2023 Table 4
140,ثم,ُث + َّم,P\CO,Al-Said 2023 Table 4
141,تاريخ,تاريخ,N\CN,Al-Said 2023 Table 4
142,حقا,حق + ًّا,N\CN,Al-Said 2023 Table 4
143,أيها,أي + ُّها,P\PO,Al-Said 2023 Table 4
144,منطقة,َم + ْن + ط + ِّقة,N\CN,Al-Said 2023 Table 4
145,وضع,َو + ْضع | َوَضَع,N\CN | V\VP,Al-Said 2023 Table 4
146,شكل,َش + ْكل | َشَكَّل,N\CN | V\VP,Al-Said 2023 Table 4
147,صحيح,ص + َحيح,ADJ,Al-Said 2023 Table 4
148,آسف,آس + ِّف,N\CN,Al-Said 2023 Table 4
149,حكومة,ُح + ُك + ومة,N\CN,Al-Said 2023 Table 4
150,يحتاج,َي + ح + ْتاج,V\VI,Al-Said 2023 Table 4
151,جانب,جان + ِّب,ADV,Al-Said 2023 Table 4
152,اسم,اس + ْم,N\CN,Al-Said 2023 Table 4
153,أخير,أخ + ِّير,ADJ,Al-Said 2023 Table 4
154,رائع,رائع,ADJ,Al-Said 2023 Table 4
155,دولي,َد + ْو + لي,ADJ,Al-Said 2023 Table 4
156,ناس,ناس,N\CN,Al-Said 2023 Table 4
157,إدارة,إدارة,N\CN,Al-Said 2023 Table 4
158,نشر,ْشر | َنَشَر,N\CN | V\VP,Al-Said 2023 Table 4
159,ثانية,ثان + ِّية,N\CN,Al-Said 2023 Table 4
160,الذين,َّال + ذ + ِّين,N\RP,Al-Said 2023 Table 4
161,كلا / كال,َك + َّلا | كِّال,P\PO,Al-Said 2023 Table 4
162,حق,َح + ق,N\CN,Al-Said 2023 Table 4
163,مدينة,َم + د + ِّينة,N\CN,Al-Said 2023 Table 4
164,عدم,َع + َدم,N\CN,Al-Said 2023 Table 4
165,حدث,َحَدَث,V\VP,Al-Said 2023 Table 4
166,اتحاد,ات + حاد,N\CN,Al-Said 2023 Table 4
167,أولى,ُأ + ول + َى,N\CNU,Al-Said 2023 Table 4
168,ليلة,َل + ْي + َلة,N\CN,Al-Said 2023 Table 4
169,مدير,ُم + د + ِّير,N\CN,Al-Said 2023 Table 4
170,سيارة,َس + ي + َّارة,N\CN,Al-Said 2023 Table 4
171,أضاف,َأضاف,V\VP,Al-Said 2023 Table 4
172,صغير,َص + غ + ِّير,ADJ,Al-Said 2023 Table 4
173,وزير,وزير,N\CN,Al-Said 2023 Table 4
174,نادي,نادي,N\CN,Al-Said 2023 Table 4
175,قتل,َق + ْتل | َقَتَل,N\CN | V\VP,Al-Said 2023 Table 4
176,دور,َد + ْور,N\CN,Al-Said 2023 Table 4
177,بدأ,َب + َد + َأ,V\VP,Al-Said 2023 Table 4
178,شأن,َش + ْأن,N\CN,Al-Said 2023 Table 4
179,قام,َقام,V\VP,Al-Said 2023 Table 4
180,مباراة,ُم + باراة,N\CN,Al-Said 2023 Table 4
181,يأتي,يأتي,V\VI,Al-Said 2023 Table 4
182,خارج,خار + ِّج,ADV,Al-Said 2023 Table 4
183,منزل,َم + ْن + ِّزل,N\CN,Al-Said 2023 Table 4
184,يوجد,ُي + وج + َد,V\VI,Al-Said 2023 Table 4
185,مركز,َم + ْر + َكز,N\CN,Al-Said 2023 Table 4
186,لجنة,َل + ج + ْنة,N\CN,Al-Said 2023 Table 4
187,سياسي,سياسي,N\CN,Al-Said 2023 Table 4
188,داخل,داخ + ِّل,ADV,Al-Said 2023 Table 4
189,قدم,قِّدَم | َقَدِّم,N\CN | V\VP,Al-Said 2023 Table 4
190,سنة,َسَنة | سُنَّة,N\CN,Al-Said 2023 Table 4
191,يتم,َي + ِّت + م,V\VI,Al-Said 2023 Table 4
192,أمن,َأَمِّن,V\VP,Al-Said 2023 Table 4
193,شرطة,ُش + ر + ْطة,N\CN,Al-Said 2023 Table 4
194,لذا,ل + ِّذا,N\DE,Al-Said 2023 Table 4
195,عربية,َع + َر + بي + َّة,ADJ,Al-Said 2023 Table 4
196,يتحدث,َي + َت + َح + َّدث,V\VI,Al-Said 2023 Table 4
197,مقبل,ُم + ْق + ِّبل,ADJ,Al-Said 2023 Table 4
198,دع,َد + ْع,V\VR,Al-Said 2023 Table 4
199,يحدث,َي + ْح + ُدث | يُحَد + ِّث,V\VI,Al-Said 2023 Table 4
200,كرة,ُك + َرة,N\CN,Al-Said 2023 Table 4
201,يعود,َي + ع + ُود,V\VI,Al-Said 2023 Table 4
202,رأى,َر + َأى,V\VP,Al-Said 2023 Table 4
203,حقيقة,َح + ق + ِّيقة,N\CN,Al-Said 2023 Table 4
204,الله,الله,N\CN,Al-Said 2023 Table 4
205,سعيد,َس + ع + ِّيد,ADJ,Al-Said 2023 Table 4
206,يظن,َي + ُظ + ن,V\VI,Al-Said 2023 Table 4
207,فترة,َف + ت + ْرة,N\CN,Al-Said 2023 Table 4
208,رجال,ر + ِّجال,N\CN,Al-Said 2023 Table 4
209,نسوات,ن + َسَوات,N\CN,Al-Said 2023 Table 4
210,أعمال,ْأع + مال,N\CN,Al-Said 2023 Table 4
211,مشكلة,ُم + ْش + ك + ِّلة,N\CN,Al-Said 2023 Table 4
212,حالة,حالة,N\CN,Al-Said 2023 Table 4
213,حزب,ِّح + ْزب,N\CN,Al-Said 2023 Table 4
214,مليون,ِّم + ليون,N\CN,Al-Said 2023 Table 4
215,حصل,َح + َص + َل | َحَصَّل,V\VP,Al-Said 2023 Table 4
216,يشعر,َي + ْش + ُعر,V\VI,Al-Said 2023 Table 4
217,طلب,َط + َلب | َطَلَب,N\CN | V\VP,Al-Said 2023 Table 4
218,تحقيق,ِّتحق + يق,N\CN,Al-Said 2023 Table 4
219,جميل,ج + َميل,ADJ,Al-Said 2023 Table 4
220,بيت,َب + ْيت,N\CN,Al-Said 2023 Table 4
221,هم,هَم,N\CN,Al-Said 2023 Table 4
222,وزارة,َو + زارة,N\CN,Al-Said 2023 Table 4
223,قرار,ق + َرار,N\CN,Al-Said 2023 Table 4
224,رغم,َر + ْغم,N\CN,Al-Said 2023 Table 4
225,ساعة,ساع + َة,N\CN,Al-Said 2023 Table 4
226,جاء,َجاء,V\VP,Al-Said 2023 Table 4
227,أرض,أر + ْض,N\CN,Al-Said 2023 Table 4
228,يحاول,ُي + حاول,V\VI,Al-Said 2023 Table 4
229,عين,َع + ْين | َعَيَّن,N\CN | V\VP,Al-Said 2023 Table 4
230,كي,َك + ْي,P\PO,Al-Said 2023 Table 4
231,كم,َك + ْم,P\QU,Al-Said 2023 Table 4
232,أيام,أي + َّام,N\CN,Al-Said 2023 Table 4
233,أصبح,ْأص + َب + َح,V\VP,Al-Said 2023 Table 4
234,حسب,َحَسِّب,V\VP,Al-Said 2023 Table 4
235,دائما,ًدائم + ا,ADV,Al-Said 2023 Table 4
236,انرظ,ْان + ُرظ,V\VR,Al-Said 2023 Table 4
237,طريقة,طريقة,N\CN,Al-Said 2023 Table 4
238,فيما,ف + ِّيما,N\RP,Al-Said 2023 Table 4
239,صديق,َص + د + ِّيق,N\CN,Al-Said 2023 Table 4
240,عرض,َعَرَض,V\VP,Al-Said 2023 Table 4
241,أبدا,أبد + ًا,ADV,Al-Said 2023 Table 4
242,هدف,َه + َدف,N\CN,Al-Said 2023 Table 4
243,يعد,َي + ُع + د | يُعِّد,V\VI,Al-Said 2023 Table 4
244,وجود,ُو + ج + ُود,N\CN,Al-Said 2023 Table 4
245,نهاية,نهاية,N\CN,Al-Said 2023 Table 4
246,مجموع / ة,َم + ْج + م + ُوع | ة,N\CN,Al-Said 2023 Table 4
247,دول,ُد + َول,N\CN,Al-Said 2023 Table 4
248,فقد,فَقْد,N\CN,Al-Said 2023 Table 4
249,مختفل,ُم + َخت + ِّفل,N\CN,Al-Said 2023 Table 4
250,ألف,َألِّف,V\VP,Al-Said 2023 Table 4
251,نائب,نائ + ِّب,N\CN,Al-Said 2023 Table 4
252,أسبوع,ُأ + ْس + ب + ُوع,N\CN,Al-Said 2023 Table 4
253,قانون,ُقان + ون,N\CN,Al-Said 2023 Table 4
254,مستوى,ُم + ستوى,N\CN,Al-Said 2023 Table 4
255,قطاع,ِّق + طاع,N\CN,Al-Said 2023 Table 4
256,نظام,ِّن + ظام,N\CN,Al-Said 2023 Table 4
257,مازال,ما + َزال,V\VP,Al-Said 2023 Table 4
258,مساعدة,ُم + ساعدة,N\CN,Al-Said 2023 Table 4
259,يحصل,َي + ْح + ُصل | يُحَص + ِّل,V\VI,Al-Said 2023 Table 4
260,شهر,َش + ْهر,N\CN,Al-Said 2023 Table 4
261,فني,َف + ن + ي,N\CN,Al-Said 2023 Table 4
262,صفحة,َص + ف + ْحة,N\CN,Al-Said 2023 Table 4
263,عامة,عام + َّة,ADJ,Al-Said 2023 Table 4
264,تحت,َت + ْحت,ADV,Al-Said 2023 Table 4
265,حين,ح + ِّين,ADV,Al-Said 2023 Table 4
266,قليل,قل + ِّيل,ADJ,Al-Said 2023 Table 4
267,حو,ْحو,ADV,Al-Said 2023 Table 4
268,أطفال,ْأط + فال,N\CN,Al-Said 2023 Table 4
269,لابد,لا + ُب + َّد,N\CN,Al-Said 2023 Table 4
270,وع,ْوع,N\CN,Al-Said 2023 Table 4
271,منتخب,ُم + ْن + َت + َخب,N\CN,Al-Said 2023 Table 4
272,شيخ,َش + ْيخ,N\CN,Al-Said 2023 Table 4
273,مشروع,ُمشر + وع,N\CN,Al-Said 2023 Table 4
274,أشياء,أشياء,N\CN,Al-Said 2023 Table 4
275,وحيد,َو + ح + ِّيد,ADJ,Al-Said 2023 Table 4
276,صباح,ص + َباح,ADV,Al-Said 2023 Table 4
277,شعب,َش + ْعب,N\CN,Al-Said 2023 Table 4
278,يأخذ,يأخ + ُذ,V\VI,Al-Said 2023 Table 4
279,يجد,َي + ِّجد,V\VI,Al-Said 2023 Table 4
280,توقف,َت + َو + َّق + َف | ْتَوَقَّف,V\VP | V\VR,Al-Said 2023 Table 4
281,ألن,َّألن,P\PO,Al-Said 2023 Table 4
282,بطولة,ُب + ط + ُولة,N\CN,Al-Said 2023 Table 4
283,هيئة,َه + ي + ْئة,N\CN,Al-Said 2023 Table 4
284,عملية,َع + َم + ِّل + َّية,N\CN,Al-Said 2023 Table 4
285,طويل,ط + َويل,ADJ,Al-Said 2023 Table 4
286,بل,َب + ْل,P\PO,Al-Said 2023 Table 4
287,تأكيد,ِّتأك + يد,N\CN,Al-Said 2023 Table 4
288,إذن,إذ + َن,P\PO,Al-Said 2023 Table 4
289,أمور,ُأ + م + ُور,N\CN,Al-Said 2023 Table 4
290,فوز,َف + ْوز,N\CN,Al-Said 2023 Table 4
291,أقل,أقل,N\CN,Al-Said 2023 Table 4
292,أال,َأال | َّأال,P\PO,Al-Said 2023 Table 4
293,شباب,ش + َباب,N\CN,Al-Said 2023 Table 4
294,حقيقي,َح + ِّق + ِّيق + ي,ADJ,Al-Said 2023 Table 4
295,كامل,كام + ِّل,ADJ,Al-Said 2023 Table 4
296,العب,الع + ِّب,N\CN,Al-Said 2023 Table 4
297,انتظر,ْان + َت + َظ + َر | ْانْتَظِّر,V\VP | V\VR,Al-Said 2023 Table 4
298,شركات,َش + ر + ِّكات,N\CN,Al-Said 2023 Table 4
299,مما,ِّم + َّما,N\RP,Al-Said 2023 Table 4
300,سابق,ساب + ِّق | َسابَق,ADJ | V\VP,Al-Said 2023 Table 4
301,غرفة,ُغ + ر + ْفة,N\CN,Al-Said 2023 Table 4
302,مال,مال | َمال,N\CN | V\VP,Al-Said 2023 Table 4
303,يجعل,َي + ْج + َعل,V\VI,Al-Said 2023 Table 4
304,مشاركة,ُم + َشار + كة,N\CN,Al-Said 2023 Table 4
305,عزيز,ع + َزيز,ADJ,Al-Said 2023 Table 4
306,إله,إل + َه,N\CN,Al-Said 2023 Table 4
307,رؤية,ر + ُؤية,N\CN,Al-Said 2023 Table 4
308,وجه,َو + ْجه | َوَجَّه,N\CN | V\VP,Al-Said 2023 Table 4
309,ضد,ِّض + د,N\CN,Al-Said 2023 Table 4
310,خاص,خاص,ADJ,Al-Said 2023 Table 4
311,يبقى,َي + ب + ْقى,V\VI,Al-Said 2023 Table 4
312,لقاء,ل + ِّقاء,N\CN,Al-Said 2023 Table 4
313,عودة,َع + و + ْدة,N\CN,Al-Said 2023 Table 4
314,أكرب,ْأك + َرب,N\CN,Al-Said 2023 Table 4
315,قوات,ُق + و + َّات,N\CN,Al-Said 2023 Table 4
316,نقل,ْقل | َنَقَل,N\CN | V\VP,Al-Said 2023 Table 4
317,يصل,َي + ِّصل,V\VI,Al-Said 2023 Table 4
318,إضافة,إضافة,N\CN,Al-Said 2023 Table 4
319,رأس,َر + أس | َرَأَس,N\CN | V\VP,Al-Said 2023 Table 4
320,حسن,حُسْن | َحَسُن,N\CN | V\VP,Al-Said 2023 Table 4
321,فكرة,ِّف + ك + ْرة,N\CN,Al-Said 2023 Table 4
322,أخذ,َأ + ْخذ | َأَخَذ,N\CN | V\VP,Al-Said 2023 Table 4
323,أشار,َأشار,V\VP,Al-Said 2023 Table 4
324,فتاة,فتاة,N\CN,Al-Said 2023 Table 4
325,حركة,َح + ر + َكة,N\CN,Al-Said 2023 Table 4
326,هكذا,َه + ك + َذا,N\DE,Al-Said 2023 Table 4
327,قوة,ُق + َّوة,N\CN,Al-Said 2023 Table 4
328,برنامج,َب + َرنام + ج,N\CN,Al-Said 2023 Table 4
329,حصول,ُح + ص + ُول,N\CN,Al-Said 2023 Table 4
330,ذهب,َذ + َهب | َذَهَب,N\CN | V\VP,Al-Said 2023 Table 4
331,يبدأ,َي + ْب + َدأ,V\VI,Al-Said 2023 Table 4
332,ذات,ذات,N\CN,Al-Said 2023 Table 4
333,تحدث,تَحَدُّث | َت + َح + َّد + َث,N\CN | V\VP,Al-Said 2023 Table 4
334,وصل,َو + َص + َل,V\VP,Al-Said 2023 Table 4
335,علم,عَلَم | َعَلِّم,N\CN | V\VP,Al-Said 2023 Table 4
336,أما,أما | أمَّا,P\PO,Al-Said 2023 Table 4
337,أعلن,َأعل + َن,V\VP,Al-Said 2023 Table 4
338,إطالقا,ًإطالق + ا,N\CN,Al-Said 2023 Table 4
339,تماما,ًتمام + ا,N\CN,Al-Said 2023 Table 4
340,فرصة,ُف + ْر + صة,N\CN,Al-Said 2023 Table 4
341,بحث,َب + ْحث | َبَحَث,N\CN | V\VP,Al-Said 2023 Table 4
342,يخرج,َي + ْخ + ُرج,V\VI,Al-Said 2023 Table 4
343,حكم,حَكَم | َحَكَم,N\CN | V\VP,Al-Said 2023 Table 4
344,طفل,ِّط + ْفل,N\CN,Al-Said 2023 Table 4
345,قضية,َق + ِّض + َّية,N\CN,Al-Said 2023 Table 4
346,أعلى,أع + ْلى,N\CN,Al-Said 2023 Table 4
347,ما,ما,ADV,Al-Said 2023 Table 4
348,دعم,َد + ْعم | َدَعَم,N\CN | V\VP,Al-Said 2023 Table 4
349,حاجة,حاجة,N\CN,Al-Said 2023 Table 4
350,تعال,ت + َعال,V\VR,Al-Said 2023 Table 4
351,مجرد,ُم + َج + َّرد,N\CN,Al-Said 2023 Table 4
352,وزراء,وزراء,N\CN,Al-Said 2023 Table 4
353,هؤالء,َه + ؤالء,N\DE,Al-Said 2023 Table 4
354,عقد,َعَقَد,V\VP,Al-Said 2023 Table 4
355,دقيقة,دق + ِّيقة,N\CN,Al-Said 2023 Table 4
356,طبع,َط + ْبع | َطَبَع,N\CN | V\VP,Al-Said 2023 Table 4
357,صورة,ُص + ورة,N\CN,Al-Said 2023 Table 4
358,تقدم,َت + َق + ُّدم | َتَقَدَّم,N\CN | V\VP,Al-Said 2023 Table 4
359,جامعة,ِّجام + عة,N\CN,Al-Said 2023 Table 4
360,عبر,َعَبَر,V\VP,Al-Said 2023 Table 4
361,اذبه,ْاذ + َبه,V\VR,Al-Said 2023 Table 4
362,وجد,َو + َج + َد,V\VP,Al-Said 2023 Table 4
363,قادم,قاد + ِّم,ADJ,Al-Said 2023 Table 4
364,يجري,َي + ج + ْري,V\VI,Al-Said 2023 Table 4
365,أسعار,ْأس + عار,N\CN,Al-Said 2023 Table 4
366,حرب,َح + ْرب,N\CN,Al-Said 2023 Table 4
367,نقطة,ُن + قطة,N\CN,Al-Said 2023 Table 4
368,انتخابا,انتخابا | ت,N\CN,Al-Said 2023 Table 4
369,سوق,س + ُوق,N\CN,Al-Said 2023 Table 4
370,بناء,ب + ِّناء,N\CN,Al-Said 2023 Table 4
371,تعلم,َت + َع + ُّلم | َتَعَلَّم,N\CN | V\VP,Al-Said 2023 Table 4
372,يصبح,ُي + ْص + ِّبح,V\VI,Al-Said 2023 Table 4
373,خصو / صا,ُخ + ُصو | ًصا,N\CN,Al-Said 2023 Table 4
374,نصف,ِّن + ْصف,N\CN,Al-Said 2023 Table 4
375,ذهاب,ذهاب,N\CN,Al-Said 2023 Table 4
376,رأي,َر + ْأي,N\CN,Al-Said 2023 Table 4
377,يفكر,ُي + َف + كر,V\VI,Al-Said 2023 Table 4
378,وطني,َو + َط + ِّن + ي,ADJ,Al-Said 2023 Table 4
379,اجتماع,اجتماع,N\CN,Al-Said 2023 Table 4
380,قيمة,ق + ِّيمة,N\CN,Al-Said 2023 Table 4
381,بالد,ب + ِّالد,N\CN,Al-Said 2023 Table 4
382,بداية,بداية,N\CN,Al-Said 2023 Table 4
383,ذو,ُذو,N\CN,Al-Said 2023 Table 4
384,مدرسة,َم + ْد + ر + َسة | مُدَر + ِّسة,N\CN,Al-Said 2023 Table 4
385,سرعة,ُس + ر + ْعة,N\CN,Al-Said 2023 Table 4
386,لما,ل + ِّما | لَمَّا,N\RP | ADV,Al-Said 2023 Table 4
387,أعضاء,ْأع + ضاء,N\CN,Al-Said 2023 Table 4
388,عمر,ُع + ْمر,N\CN,Al-Said 2023 Table 4
389,إسالمي,ْإس + المي,ADJ,Al-Said 2023 Table 4
390,مرحلة,َم + ْر + ح + َلة,N\CN,Al-Said 2023 Table 4
391,بعيد,ب + َعيد,ADJ,Al-Said 2023 Table 4
392,يخبر,ُي + خ + ْبر,V\VI,Al-Said 2023 Table 4
393,أوضح,ْأو + َض + َح,V\VP,Al-Said 2023 Table 4
394,حب,ُح + ب,N\CN,Al-Said 2023 Table 4
395,مالةي,ِّمال + َّةي,ADJ,Al-Said 2023 Table 4
396,عالقة,َع + القة,N\CN,Al-Said 2023 Table 4
397,يد,َيد,N\CN,Al-Said 2023 Table 4
398,ينظر,َي + ْن + ُظر,V\VI,Al-Said 2023 Table 4
399,مستقبل,ُم + ْس + َت + ْق + َبل,N\CN,Al-Said 2023 Table 4
400,زوجة,َز + و + ْجة,N\CN,Al-Said 2023 Table 4
401,جيش,َج + ْيش,N\CN,Al-Said 2023 Table 4
402,مدة,ُم + َّدة,N\CN,Al-Said 2023 Table 4
403,أهل,أه + ْل,N\CN,Al-Said 2023 Table 4
404,يعيش,ي + َعيش,V\VI,Al-Said 2023 Table 4
405,قول,َق + ْول,N\CN,Al-Said 2023 Table 4
406,رقم,َر + ْقم,N\CN,Al-Said 2023 Table 4
407,كتاب,ك + ِّتاب,N\CN,Al-Said 2023 Table 4
408,اقتصاد / ي,اقتصاد | ي,ADJ,Al-Said 2023 Table 4
409,مكتب,َم + ْك + َتب,N\CN,Al-Said 2023 Table 4
410,نظر,َظر | َنَظَر,N\CN | V\VP,Al-Said 2023 Table 4
411,زيادة,زيادة,N\CN,Al-Said 2023 Table 4
412,حل,َح + ل | َّحَل,N\CN | V\VP,Al-Said 2023 Table 4
413,بلد,َب + َلد,N\CN,Al-Said 2023 Table 4
414,عائلة,عائ + ِّلة,N\CN,Al-Said 2023 Table 4
415,إعادة,إعادة,N\CN,Al-Said 2023 Table 4
416,حد,َح + د,N\CN,Al-Said 2023 Table 4
417,يرجو,َي + ْر + ُجو,V\VI,Al-Said 2023 Table 4
418,مؤتمر,ُم + ْؤ + َت + َمر,N\CN,Al-Said 2023 Table 4
419,باب,باب,N\CN,Al-Said 2023 Table 4
420,يفهم,َي + ْف + َهم,V\VI,Al-Said 2023 Table 4
421,موضو / ع,َم + ُوض + و | ع,N\CN,Al-Said 2023 Table 4
422,واقع,واقع,N\CN,Al-Said 2023 Table 4
423,مقابل,م + ُقابل,N\CN,Al-Said 2023 Table 4
424,محكمة,َم + ْح + ك + َمة,N\CN,Al-Said 2023 Table 4
425,كلمة,َك + ِّل + َمة,N\CN,Al-Said 2023 Table 4
426,يتمنى,َي + َت + َم + َّنى,V\VI,Al-Said 2023 Table 4
427,جهاز,ج + َهاز,N\CN,Al-Said 2023 Table 4
428,سمع,َس + ْمع | َسَمِّع,N\CN | V\VP,Al-Said 2023 Table 4
429,اسعم,ْاس + َعم,V\VR,Al-Said 2023 Table 4
430,ترك,َت + ْرك | َتَرَك,N\CN | V\VP,Al-Said 2023 Table 4
431,عربي,َع + َر + بي,ADJ,Al-Said 2023 Table 4
432,قيادة,قيادة,N\CN,Al-Said 2023 Table 4
433,فضل,َف + ْضل | َفَضَّل,N\CN | V\VP,Al-Said 2023 Table 4
434,انتهى,ْان + تهى,V\VP,Al-Said 2023 Table 4
435,طالب,طال + ِّب | َطالَب,N\CN | V\VP,Al-Said 2023 Table 4
436,رفض,َر + ْفض | َرَفَض,N\CN | V\VP,Al-Said 2023 Table 4
437,صاحب,صاح + ِّب | َصاحَب,N\CN | V\VP,Al-Said 2023 Table 4
438,بلغ,َب + َل + َغ | َبَلَّغ,V\VP,Al-Said 2023 Table 4
439,وصول,ُو + ص + ُول,N\CN,Al-Said 2023 Table 4
440,دخول,ُد + خ + ُول,N\CN,Al-Said 2023 Table 4
441,عالمية,َّعالمي + ة,ADJ,Al-Said 2023 Table 4
442,مهمة,مهم + َّة,N\CN,Al-Said 2023 Table 4
443,مزيد,م + َزيد,N\CN,Al-Said 2023 Table 4
444,رئاسة,رئاسة,N\CN,Al-Said 2023 Table 4
445,مجتمع,ُم + ْج + َت + َمع,N\CN,Al-Said 2023 Table 4
446,قلب,َقَلَب,V\VP,Al-Said 2023 Table 4
447,ينتظر,ينتظر,V\VI,Al-Said 2023 Table 4
448,تعاون,َت + عاو + ُن | َتَعاوَن,N\CN | V\VP,Al-Said 2023 Table 4
449,عبد,عَبْد | َعَبَد,N\CN | V\VP,Al-Said 2023 Table 4
450,جزء,ُج + ْزء,N\CN,Al-Said 2023 Table 4
451,موسم,َم + ْو + ِّسم,N\CN,Al-Said 2023 Table 4
452,صوت,َص + ْوت,N\CN,Al-Said 2023 Table 4
453,يود,َي + َو + د,V\VI,Al-Said 2023 Table 4
454,قيام,ق + ِّيام,N\CN,Al-Said 2023 Table 4
455,خارجية,َّخارجي + ة,ADJ,Al-Said 2023 Table 4
456,ذكر,ِّذ + ْكر,N\CN,Al-Said 2023 Table 4
457,حديث,َح + د + ِّيث,ADJ,Al-Said 2023 Table 4
458,ظهر,ظُهْر,N\CN,Al-Said 2023 Table 4
459,عديد,َع + د + ِّيد,N\CN,Al-Said 2023 Table 4
460,كأن,َّكأن,P\PO,Al-Said 2023 Table 4
461,لحظة,َل + ح + ْظة,N\CN,Al-Said 2023 Table 4
462,حوار,ح + ِّوار,N\CN,Al-Said 2023 Table 4
463,ارتفاع,ار + تفاع,N\CN,Al-Said 2023 Table 4
464,نار,نار,N\CN,Al-Said 2023 Table 4
465,حاول,َحاول | ْحاوِّل,V\VP | V\VR,Al-Said 2023 Table 4
466,دين,د + ِّين | دَيْن,N\CN,Al-Said 2023 Table 4
467,دوري,َد + و + ْري,N\CN,Al-Said 2023 Table 4
468,يبحث,َي + ْب + َحث,V\VI,Al-Said 2023 Table 4
469,يعطي,ُي + ع + ْطي,V\VI,Al-Said 2023 Table 4
470,غاية,غاية,N\CN,Al-Said 2023 Table 4
471,تقديم,َت + قد + ِّيم,N\CN,Al-Said 2023 Table 4
472,دفع,َد + ْفع | َدَفَع,N\CN | V\VP,Al-Said 2023 Table 4
473,دعا,د + َعا,V\VP,Al-Said 2023 Table 4
474,موقف,َم + و + ْقف,N\CN,Al-Said 2023 Table 4
475,مشيرا,ُم + شير + ًا,N\CN,Al-Said 2023 Table 4
476,تنفيذ,تنف + ِّيذ,N\CN,Al-Said 2023 Table 4
477,يقصد,َي + ْق + ِّصد,V\VI,Al-Said 2023 Table 4
478,يذكر,َي + ْذ + ُكر,V\VI,Al-Said 2023 Table 4
479,سالم,س + َالم,N\CN,Al-Said 2023 Table 4
480,أصدقاء,أصدقاء,N\CN,Al-Said 2023 Table 4
481,وحدة,َو + ح + ْدة,N\CN,Al-Said 2023 Table 4
482,قديم,َق + ِّديم,ADJ,Al-Said 2023 Table 4
483,أزمة,ْأز + مة,N\CN,Al-Said 2023 Table 4
484,تقرير,َت + قرير,N\CN,Al-Said 2023 Table 4
485,معلوما / ت,ُمعل + وما | ت,N\CN,Al-Said 2023 Table 4
486,إمكان,ْإم + كان,N\CN,Al-Said 2023 Table 4
487,تيجة,تيجة,N\CN,Al-Said 2023 Table 4
488,موقع,َم + ْو + ِّقع,N\CN,Al-Said 2023 Table 4
489,سماء,سم + َاء,ADV,Al-Said 2023 Table 4
490,مجال,م + َجال,N\CN,Al-Said 2023 Table 4
491,وسط,َو + ْسط | وَسَط,N\CN,Al-Said 2023 Table 4
492,جميعا,َج + ِّم + يع + ًا,N\CN,Al-Said 2023 Table 4
493,موت,َم + ْوت,N\CN,Al-Said 2023 Table 4
494,شعر,شِّعْر,N\CN,Al-Said 2023 Table 4
495,دفاع,د + ِّفاع,N\CN,Al-Said 2023 Table 4
496,درجة,َد + ر + َجة,N\CN,Al-Said 2023 Table 4
497,اتصال,ات + صال,N\CN,Al-Said 2023 Table 4
498,عشر,َع + ْشر | عُشْر,N\CNU,Al-Said 2023 Table 4
499,سؤال,س + ُؤال,N\CN,Al-Said 2023 Table 4
500,كالم,ك + َالم,N\CN,Al-Said 2023 Table 4
501,كأس,َك + ْأس,N\CN,Al-Said 2023 Table 4
502,جعل,َج + َع + َل,V\VP,Al-Said 2023 Table 4
503,طوال,ط + َوال,ADV,Al-Said 2023 Table 4
504,خطة,ُخ + َّطة,N\CN,Al-Said 2023 Table 4
505,متى,م + َتى,P\QU,Al-Said 2023 Table 4
506,ضبط,َض + ْبط | َضَبَط,N\CN | V\VP,Al-Said 2023 Table 4
507,أثناء,أث + ْناء,ADV,Al-Said 2023 Table 4
508,وطنية,َو + َط + ِّن + َّية,ADJ,Al-Said 2023 Table 4
509,معرفة,َم + ْع + ر + ِّفة,N\CN,Al-Said 2023 Table 4
510,بيان,ب + َيان,N\CN,Al-Said 2023 Table 4
511,قرر,َق + َّر + َر,V\VP,Al-Said 2023 Table 4
512,عيد,ع + ِّيد,N\CN,Al-Said 2023 Table 4
513,زوج,َز + ْوج | َزَوَّج,N\CN | V\VP,Al-Said 2023 Table 4
514,تعليم,ِّتعل + يم,N\CN,Al-Said 2023 Table 4
515,خطأ,خ + َطأ,N\CN,Al-Said 2023 Table 4
516,تطوير,َت + طوير,N\CN,Al-Said 2023 Table 4
517,عدة,ِّع + َّدة | عُدَّة,N\CN,Al-Said 2023 Table 4
518,عضو,ُع + ْضو,N\CN,Al-Said 2023 Table 4
519,فتح,َف + ْتح | َفَتَح,N\CN | V\VP,Al-Said 2023 Table 4
520,مات,َمات,V\VP,Al-Said 2023 Table 4
521,غدا,غد + ًا,ADV,Al-Said 2023 Table 4
522,عظيم,َع + ظ + ِّيم,ADJ,Al-Said 2023 Table 4
523,كشف,َك + ْشف | َكَشَف,N\CN | V\VP,Al-Said 2023 Table 4
524,طاقة,طاقة,N\CN,Al-Said 2023 Table 4
525,يعتبر,ُي + ْع + َت + َبر | يَعْتَبِّر,V\VI,Al-Said 2023 Table 4
526,عاد,َعاد,V\VP,Al-Said 2023 Table 4
527,خلف,َخَلَف,V\VP,Al-Said 2023 Table 4
528,شرق,َش + ْرق,N\CN,Al-Said 2023 Table 4
529,داخلية,َّداخلي + ة,ADJ,Al-Said 2023 Table 4
530,ضمن,ِّض + ْمن | َضَمِّن,ADV | V\VP,Al-Said 2023 Table 4
531,اتفاق,ات + فاق,N\CN,Al-Said 2023 Table 4
532,مياه,م + ِّياه,N\CN,Al-Said 2023 Table 4
533,مستش / فى,ُم + ْس + َت + ْش | فى,N\CN,Al-Said 2023 Table 4
534,إنسان,ْإن + سان,N\CN,Al-Said 2023 Table 4
535,أعطى,َأ + ْع + َطى,V\VP,Al-Said 2023 Table 4
536,ألم,َأ + َلم | أ + لَم,N\CN | P\PO,Al-Said 2023 Table 4
537,منظمة,ُمَن + ظ + َّمة,N\CN,Al-Said 2023 Table 4
538,كتب,كُتُب | َك + َت + َب,N\CN | V\VP,Al-Said 2023 Table 4
539,حضور,ُح + ض + ُور,N\CN,Al-Said 2023 Table 4
540,رفع,َر + ْفع | َرَفَع,N\CN | V\VP,Al-Said 2023 Table 4
541,لعب,َل + ِّعب | َلَعِّب,N\CN | V\VP,Al-Said 2023 Table 4
542,خروج,ُخ + ر + ُوج,N\CN,Al-Said 2023 Table 4
543,جهة,ج + ِّهة,N\CN,Al-Said 2023 Table 4
544,رسالة,ِّر + سالة,N\CN,Al-Said 2023 Table 4
545,استخدام,ْاس + تخدام,N\CN,Al-Said 2023 Table 4
546,سلطة,ُس + ل + ْطة | سَلَطة,N\CN,Al-Said 2023 Table 4
547,ضرور / ة,َض + ر + ُور | ة,N\CN,Al-Said 2023 Table 4
548,يدخل,َي + ْد + ُخل,V\VI,Al-Said 2023 Table 4
549,ممكن,ُم + ْم + ِّكن,ADJ,Al-Said 2023 Table 4
550,ن,ن,N\CN,Al-Said 2023 Table 4
551,مدرب,ُم + َد + رب,N\CN,Al-Said 2023 Table 4
552,يترك,َي + ْت + ُرك,V\VI,Al-Said 2023 Table 4
553,فهم,َفَهِّم,V\VP,Al-Said 2023 Table 4
554,أساسي,أساسي,ADJ,Al-Said 2023 Table 4
555,أشخا / ص,ْأش + خا | ص,N\CN,Al-Said 2023 Table 4
556,جنوب,َج + ن + ُوب,N\CN,Al-Said 2023 Table 4
557,يسمع,َي + ْس + َمع,V\VI,Al-Said 2023 Table 4
558,سجن,سَجْن,N\CN,Al-Said 2023 Table 4
559,تحديد,َت + ْح + د + ِّيد,N\CN,Al-Said 2023 Table 4
560,وطن,َو + َطن,N\CN,Al-Said 2023 Table 4
561,ظل,ِّظ + ل | َّظَل,N\CN | V\VP,Al-Said 2023 Table 4
562,ولد,َو + َلد | َوَلَد,N\CN | V\VP,Al-Said 2023 Table 4
563,إعالن,ْإع + الن,N\CN,Al-Said 2023 Table 4
564,شارع,شارع,N\CN,Al-Said 2023 Table 4
565,جولة,َج + و + ْلة,N\CN,Al-Said 2023 Table 4
566,ينتهي,َي + ن + ْتهي,V\VI,Al-Said 2023 Table 4
567,تغيير,َت + غ + ْيير,N\CN,Al-Said 2023 Table 4
568,أمين,أم + ِّين,ADJ,Al-Said 2023 Table 4
569,قدر,قَدَر | َقَدِّر,N\CN | V\VP,Al-Said 2023 Table 4
570,يحمل,َي + ْح + ِّمل | يُحَم + ِّل,V\VI,Al-Said 2023 Table 4
571,يلعب,َي + ْل + َعب,V\VI,Al-Said 2023 Table 4
572,يضع,َي + َضع,V\VI,Al-Said 2023 Table 4
573,يساعد,ُي + ساع + ِّد,V\VI,Al-Said 2023 Table 4
574,يموت,َي + م + ُوت,V\VI,Al-Said 2023 Table 4
575,خط,َخ + ط,N\CN,Al-Said 2023 Table 4
576,هاتف,هات + ِّف | َهاتَف,N\CN | V\VP,Al-Said 2023 Table 4
577,عالقات,َع + القات,N\CN,Al-Said 2023 Table 4
578,عرف,َعَرَف,V\VP,Al-Said 2023 Table 4
579,أخ,َأخ,N\CN,Al-Said 2023 Table 4
580,مواجهة,ُم + َواج + هة,N\CN,Al-Said 2023 Table 4
581,بنك,َب + ْنك,N\CN,Al-Said 2023 Table 4
582,حرية,ُح + ر + َّية,N\CN,Al-Said 2023 Table 4
583,خدمة,ِّخ + د + ْمة,N\CN,Al-Said 2023 Table 4
584,حدود,ُح + د + ُود,N\CN,Al-Said 2023 Table 4
585,مدى,م + َدى,N\CN,Al-Said 2023 Table 4
586,ليل,َل + ْيل,N\CN,Al-Said 2023 Table 4
587,يملك,َي + ْم + ِّلك,V\VI,Al-Said 2023 Table 4
588,إعالم,ْإع + الم,N\CN,Al-Said 2023 Table 4
589,أية,َأ + َّية,N\CN,Al-Said 2023 Table 4
590,زيارة,زيارة,N\CN,Al-Said 2023 Table 4
591,مرأة,َم + ر + ْأة,N\CN,Al-Said 2023 Table 4
592,صحة,ِّص + َّحة,N\CN,Al-Said 2023 Table 4
593,مناسبة,ُم + َناس + بة | مُناسِّبة,N\CN | ADJ,Al-Said 2023 Table 4
594,قسم,قَسَم | َقَسَم,N\CN | V\VP,Al-Said 2023 Table 4
595,قائمة,ِّقائ + مة,N\CN,Al-Said 2023 Table 4
596,مشاكل,َم + شاكل,N\CN,Al-Said 2023 Table 4
597,غريب,غ + َريب,ADJ,Al-Said 2023 Table 4
598,حقوق,ُح + ق + ُوق,N\CN,Al-Said 2023 Table 4
599,جمعية,َج + ْم + عي + َّة,N\CN,Al-Said 2023 Table 4
600,بيع,َب + ْيع,N\CN,Al-Said 2023 Table 4
601,حاليا,حالي + ًا,ADV,Al-Said 2023 Table 4
602,رجاء,رجاء,N\CN,Al-Said 2023 Table 4
603,أحضر,ْأح + َض + َر,V\VP,Al-Said 2023 Table 4
604,سيء,َس + يء,ADJ,Al-Said 2023 Table 4
605,سلاح,ِّسلاح,N\CN,Al-Said 2023 Table 4
606,يطلب,َي + ْط + ُلب,V\VI,Al-Said 2023 Table 4
607,مناطق,ِّمناط + ق,N\CN,Al-Said 2023 Table 4
608,شخص / ية,َش + ْخ + ِّص | َّية,N\CN,Al-Said 2023 Table 4
609,رياضي,رياضي,ADJ,Al-Said 2023 Table 4
610,يتذكر,َي + َت + َذ + َّكر,V\VI,Al-Said 2023 Table 4
611,أداء,أداء,N\CN,Al-Said 2023 Table 4
612,مؤسسة,ُم + َؤ + س + َّسة,N\CN,Al-Said 2023 Table 4
613,سعر,ِّس + ْعر | َسَعَّر,N\CN | V\VP,Al-Said 2023 Table 4
614,تراجع,َت + راج + ُع | َتَراجَع,N\CN | V\VP,Al-Said 2023 Table 4
615,أهمةي,أهم + َّةي,N\CN,Al-Said 2023 Table 4
616,واضح,ِّواض + ح,ADJ,Al-Said 2023 Table 4
617,أحيان,ْأح + يان,N\CN,Al-Said 2023 Table 4
618,جريمة,َج + ريمة,N\CN,Al-Said 2023 Table 4
619,مؤكدا,ُم + ؤك + َّد | مُؤك + ِّدًا,ADJ | N\CN,Al-Said 2023 Table 4
620,أتى,أت + َى,V\VP,Al-Said 2023 Table 4
621,حالي,حالي,ADJ,Al-Said 2023 Table 4
622,يدفع,َي + ْد + َفع,V\VI,Al-Said 2023 Table 4
623,تالي,تالي,ADJ,Al-Said 2023 Table 4
624,إقامة,إقامة,N\CN,Al-Said 2023 Table 4
625,إنتاج,إن + ْتاج,N\CN,Al-Said 2023 Table 4
626,معا,مع + ًا,N\CN,Al-Said 2023 Table 4
627,أطلق,َأ + ْط + َل + َق,V\VP,Al-Said 2023 Table 4
628,أنمت,ْأن + ُمت,PRO,Al-Said 2023 Table 4
629,حماية,ِّح + ماية,N\CN,Al-Said 2023 Table 4
630,صور,ُص + َور | َصَوَّر,N\CN | V\VP,Al-Said 2023 Table 4
631,يتكلم,َي + َت + َك + َّلم,V\VI,Al-Said 2023 Table 4
632,إحدى,ْإح + دى,N\CNU,Al-Said 2023 Table 4
633,فوق,َف + ْوق,ADV,Al-Said 2023 Table 4
634,سوى,س + ِّوى,P\EX,Al-Said 2023 Table 4
635,سجل,ِّس + ِّج + ل | َسَجَّل,N\CN | V\VP,Al-Said 2023 Table 4
636,وحده,َو + ْح + َد + ه,N\CN,Al-Said 2023 Table 4
637,نساء,ن + ِّساء,N\CN,Al-Said 2023 Table 4
638,قصة,ِّق + َّصة,N\CN,Al-Said 2023 Table 4
639,خذ,ُخ + ْذ,V\VR,Al-Said 2023 Table 4
640,طبيب,َط + ب + ِّيب,N\CN,Al-Said 2023 Table 4
641,مباشرة,ُم + َباش + رة | مُباشِّرة,N\CN | ADJ,Al-Said 2023 Table 4
642,جمهور / ية,ُج + ْم + ه + ُور | َّية,N\CN,Al-Said 2023 Table 4
643,بأس,َب + ْأس,N\CN,Al-Said 2023 Table 4
644,أشهر,َأ + ْش + ُهر,N\CN,Al-Said 2023 Table 4
645,ملك,مَلَك,N\CN,Al-Said 2023 Table 4
646,قضاء,َق + ضاء,N\CN,Al-Said 2023 Table 4
647,دراسة,ِّد + راسة,N\CN,Al-Said 2023 Table 4
648,متأكد,ُم + تأك + د,ADJ,Al-Said 2023 Table 4
649,سياسة,ِّس + ياسة,N\CN,Al-Said 2023 Table 4
650,صعب,َصَعُب,V\VP,Al-Said 2023 Table 4
651,دخل,َد + ْخل | َدَخَل,N\CN | V\VP,Al-Said 2023 Table 4
652,يقتل,َي + ْق + ُتل,V\VI,Al-Said 2023 Table 4
653,عالمي,عالمي,ADJ,Al-Said 2023 Table 4
654,أمم,ُأ + َمم,N\CN,Al-Said 2023 Table 4
655,أمل,َأ + َمل,N\CN,Al-Said 2023 Table 4
656,اعتبار,ِّاعت + بار,N\CN,Al-Said 2023 Table 4
657,نهائي,ِّن + هائي,ADJ,Al-Said 2023 Table 4
658,مئة,م + ِّئة,N\CNU,Al-Said 2023 Table 4
659,تنظيم,َت + ْن + ظ + ِّيم,N\CN,Al-Said 2023 Table 4
660,ن,ن,N\CN,Al-Said 2023 Table 4
661,دورة,َد + و + ْرة,N\CN,Al-Said 2023 Table 4
662,لعبة,ُل + ع + ْبة,N\CN,Al-Said 2023 Table 4
663,رد,َر + د | َّرَد,N\CN | V\VP,Al-Said 2023 Table 4
664,تنمية,َت + ْن + م + ِّية,N\CN,Al-Said 2023 Table 4
665,اهتمام,ْاه + ت + ِّمام,N\CN,Al-Said 2023 Table 4
666,إطار,إطار,N\CN,Al-Said 2023 Table 4
667,أمنية,ُأ + ْم + ن + ِّية,N\CN,Al-Said 2023 Table 4
668,مسؤول,َم + ْس + ؤ + ُول,N\CN,Al-Said 2023 Table 4
669,قائد,قائ + ِّد,N\CN,Al-Said 2023 Table 4
670,مصادر,َم + صاد + ِّر,N\CN,Al-Said 2023 Table 4
671,وقع,َوَقَع,V\VP,Al-Said 2023 Table 4
672,مباريا / ت,ُم + َبار + يا | ت,N\CN,Al-Said 2023 Table 4
673,الحق,الح + ِّق | َالحَق,ADJ | V\VP,Al-Said 2023 Table 4
674,اتصل,َّات + َص + َل | ْاتَّصِّل,V\VP | V\VR,Al-Said 2023 Table 4
675,محاولة,ُم + َحاو + لة,N\CN,Al-Said 2023 Table 4
676,كون,َك + ْون | َكَوَّن,N\CN | V\VP,Al-Said 2023 Table 4
677,أراد,َأراد,V\VP,Al-Said 2023 Table 4
678,إصابة,إصابة,N\CN,Al-Said 2023 Table 4
679,عشرة,َع + ش + ْرة | عِّشْرة,N\CNU | N\CN,Al-Said 2023 Table 4
680,مهما,َم + ه + ْما,P\PO,Al-Said 2023 Table 4
681,يمثل,ُي + َم + ثل,V\VI,Al-Said 2023 Table 4
682,اختيار,ِّاخت + يار,N\CN,Al-Said 2023 Table 4
683,شهد,َشَهِّد,V\VP,Al-Said 2023 Table 4
684,إجراء,إجراء,N\CN,Al-Said 2023 Table 4
685,صحيفة,َص + ح + ِّيفة,N\CN,Al-Said 2023 Table 4
686,استمرا,ِّاست + مرا | ر,N\CN,Al-Said 2023 Table 4
687,شمال,ش + ِّمال | شَمال,N\CN,Al-Said 2023 Table 4
688,فكر,ِّف + ْكر | َفَكَّر,N\CN | V\VP,Al-Said 2023 Table 4
689,شراء,ش + ِّراء,N\CN,Al-Said 2023 Table 4
690,نيابة,ن + ِّيابة,N\CN,Al-Said 2023 Table 4
691,موعد,َم + ْو + ِّعد,N\CN,Al-Said 2023 Table 4
692,ماء,ماء,N\CN,Al-Said 2023 Table 4
693,يتعلق,َي + َت + َع + َّلق,V\VI,Al-Said 2023 Table 4
694,اجتماع / ي,اجتماع | ي,ADJ,Al-Said 2023 Table 4
695,امرأة,ْام + رأة,N\CN,Al-Said 2023 Table 4
696,أسمه / أسهم,ْأس + ُمه | َأَسْهَم,N\CN | V\VP,Al-Said 2023 Table 4
697,أجةزه,ْأج + ِّةزه,N\CN,Al-Said 2023 Table 4
698,بدء,َب + ْدء,N\CN,Al-Said 2023 Table 4
699,جلسة,َج + ل + ْسة,N\CN,Al-Said 2023 Table 4
700,اليزال,ال + ي + َزال,V\VI,Al-Said 2023 Table 4
701,رسمي,َر + ْس + ِّم + ي,ADJ,Al-Said 2023 Table 4
702,تأثير,تأثير,N\CN,Al-Said 2023 Table 4
703,لقب,َل + َقب | َلَقَّب,N\CN | V\VP,Al-Said 2023 Table 4
704,فرق,فِّرَق,N\CN,Al-Said 2023 Table 4
705,هجوم,ُه + ج + ُوم,N\CN,Al-Said 2023 Table 4
706,ابنة,اب + ْنة,N\CN,Al-Said 2023 Table 4
707,يستمر,َي + ْس + َت + ِّم + ر,V\VI,Al-Said 2023 Table 4
708,لطيف,َل + ط + ِّيف,ADJ,Al-Said 2023 Table 4
709,يهتم,َي + ْه + َت + م,V\VI,Al-Said 2023 Table 4
710,إذ,ْإذ,ADV,Al-Said 2023 Table 4
711,أبناء,أبناء,N\CN,Al-Said 2023 Table 4
712,غرب,َغ + ْرب,N\CN,Al-Said 2023 Table 4
713,تأمين,ِّتأم + ين,N\CN,Al-Said 2023 Table 4
714,يعرض,يُعْرِّض,V\VI,Al-Said 2023 Table 4
715,عرب,َع + َرب,N\CN,Al-Said 2023 Table 4
716,صالح,صال + ِّح,ADJ,Al-Said 2023 Table 4
717,مالبس,َم + البس,N\CN,Al-Said 2023 Table 4
718,تحرك,َت + َح + ُّرك | َتَحَرَّك,N\CN | V\VP,Al-Said 2023 Table 4
719,بدل,َب + َدل | َبَدَّل,N\CN | V\VP,Al-Said 2023 Table 4
720,طائرة,ِّطائ + رة,N\CN,Al-Said 2023 Table 4
721,جماعة,َج + ماعة,N\CN,Al-Said 2023 Table 4
722,مصدر,َم + ْص + َدر,N\CN,Al-Said 2023 Table 4
723,معظم,ُم + ْع + َظم,N\CN,Al-Said 2023 Table 4
724,أهال,ًأهال,N\CN,Al-Said 2023 Table 4
725,قطع,قِّطَع | َقَطَع,N\CN | V\VP,Al-Said 2023 Table 4
726,موافقة,ُم + واف + َقة | ِّمُواف + قة,N\CN | ADJ,Al-Said 2023 Table 4
727,أخبار,ْأخ + بار,N\CN,Al-Said 2023 Table 4
728,محافظة,ُم + َحاف + ظة | مُحافِّظة,N\CN | ADJ,Al-Said 2023 Table 4
729,خطر,َخ + َطر,N\CN,Al-Said 2023 Table 4
730,صندوق,ُص + ْن + د + ُوق,N\CN,Al-Said 2023 Table 4
731,جزيرة,َج + زيرة,N\CN,Al-Said 2023 Table 4
732,يصدق,َي + ْص + ُدق,V\VI,Al-Said 2023 Table 4
733,قوى,ق + ُوى,N\CN,Al-Said 2023 Table 4
734,دم,َدم,N\CN,Al-Said 2023 Table 4
735,جائزة,ِّجائ + زة,N\CN,Al-Said 2023 Table 4
736,حكومي,ُح + ُك + ِّوم + ي,ADJ,Al-Said 2023 Table 4
737,يظهر,َي + ْظ + َهر | يُظْهِّر,V\VI,Al-Said 2023 Table 4
738,وراء,و + َراء,ADV,Al-Said 2023 Table 4
739,حادث,حاد + ِّث | َحادَث,N\CN | V\VP,Al-Said 2023 Table 4
740,نقاط,ن + ِّقاط,N\CN,Al-Said 2023 Table 4
741,انتظار,ْان + ِّت + ظار,N\CN,Al-Said 2023 Table 4
742,قاعدة,ِّقاع + دة,N\CN,Al-Said 2023 Table 4
743,حظ,َح + ظ,N\CN,Al-Said 2023 Table 4
744,مهم,ُم + ِّه + م,ADJ,Al-Said 2023 Table 4
745,تعامل / عتامل,َت + عام + ُل | َعت + َامَل,N\CN | V\VP,Al-Said 2023 Table 4
746,ثقافة,ث + َقافة,N\CN,Al-Said 2023 Table 4
747,إجراءا / ت,ْإج + راءا | ت,N\CN,Al-Said 2023 Table 4
748,قضايا,َق + ضايا,N\CN,Al-Said 2023 Table 4
749,طعام,ط + َعام,N\CN,Al-Said 2023 Table 4
750,سواء,س + َواء,N\CN,Al-Said 2023 Table 4
751,يسمح,َي + ْس + َمح,V\VI,Al-Said 2023 Table 4
752,أهداف,ْأه + داف,N\CN,Al-Said 2023 Table 4
753,يسأل,َي + س + ْأل,V\VI,Al-Said 2023 Table 4
754,ملعب,َم + ْل + َعب,N\CN,Al-Said 2023 Table 4
755,دقائق,َد + قائ + ِّق,N\CN,Al-Said 2023 Table 4
756,فعلا,ِّف + ْع + ًلا,N\CN,Al-Said 2023 Table 4
757,عسكر / ية,َع + ْس + َكر | َّية,ADJ,Al-Said 2023 Table 4
758,معرض,َمَعْر + ض,N\CN,Al-Said 2023 Table 4
759,بقاء,ب + َقاء,N\CN,Al-Said 2023 Table 4
760,اتصاال,ات + صاال | ت,N\CN,Al-Said 2023 Table 4
761,حفل,َح + ْفل,N\CN,Al-Said 2023 Table 4
762,شؤون,ُش + ؤون,N\CN,Al-Said 2023 Table 4
763,حجم,َح + ْجم,N\CN,Al-Said 2023 Table 4
764,يرغب,َي + ْر + َغب,V\VI,Al-Said 2023 Table 4
765,زمن,َز + َمن,N\CN,Al-Said 2023 Table 4
766,سالمة,َس + المة,N\CN,Al-Said 2023 Table 4
767,حي,َح + ي,N\CN,Al-Said 2023 Table 4
768,حوالي,َح + َوال + ْي,ADV,Al-Said 2023 Table 4
769,طرق,ُط + ُرق | َطَرَق,N\CN | V\VP,Al-Said 2023 Table 4
770,أسعر / أسرع,ْأس + َعر | َأسْرَع,N\CN | V\VP,Al-Said 2023 Table 4
771,توفير,َت + ْو + ِّفير,N\CN,Al-Said 2023 Table 4
772,أصحا / ب,ْأص + حا | ب,N\CN,Al-Said 2023 Table 4
773,استثمار,ْاس + ِّت + ثمار,N\CN,Al-Said 2023 Table 4
774,مسؤول / ية,َم + ْس + ؤول | َّية,N\CN,Al-Said 2023 Table 4
775,كافة,كاف + َّة,N\CN,Al-Said 2023 Table 4
776,أدى,َأ + َّدى,V\VP,Al-Said 2023 Table 4
777,مسلمو / ن,ُم + ْس + ل + ِّمو | ن,N\CN,Al-Said 2023 Table 4
778,سباق,س + ِّباق,N\CN,Al-Said 2023 Table 4
779,زواج,ز + َواج,N\CN,Al-Said 2023 Table 4
780,يؤكد,ُي + ؤك + د,V\VI,Al-Said 2023 Table 4
781,ثقة,ث + ِّقة,N\CN,Al-Said 2023 Table 4
782,تجربة,َت + ج + ْربة,N\CN,Al-Said 2023 Table 4
783,روح,ر + ُوح,N\CN,Al-Said 2023 Table 4
784,اعتبر,ْاع + َت + َب + َر | َاعْتُبِّر,V\VP,Al-Said 2023 Table 4
785,فط,ْفط,N\CN,Al-Said 2023 Table 4
786,تقريبا,َت + ًقريب + ا,N\CN,Al-Said 2023 Table 4
787,إنشاء,ْإن + شاء,N\CN,Al-Said 2023 Table 4
788,يقلق,َي + ْق + َلق | يُقْلِّق,V\VI,Al-Said 2023 Table 4
789,يتلص,َّيت + ِّلص,V\VI,Al-Said 2023 Table 4
790,رحلة,ِّر + ح + ْلة,N\CN,Al-Said 2023 Table 4
791,آنسة,آن + ِّسة,N\CN,Al-Said 2023 Table 4
792,استمر,ْاس + َت + َم + َّر | اسْتَمِّر,V\VP | V\VR,Al-Said 2023 Table 4
793,أسلف,ْأس + َلف,N\CN,Al-Said 2023 Table 4
794,يتعلم,َي + َت + َع + َّلم,V\VI,Al-Said 2023 Table 4
795,جو,َج + و,N\CN,Al-Said 2023 Table 4
796,أسلحة,ْأس + ل + ِّحة,N\CN,Al-Said 2023 Table 4
797,صدر,َصَدَر,V\VP,Al-Said 2023 Table 4
798,وم,ْوم,N\CN,Al-Said 2023 Table 4
799,صناعة,ِّص + ناعة,N\CN,Al-Said 2023 Table 4
800,تحرير,َت + حرير,N\CN,Al-Said 2023 Table 4
801,طلاب,ُط + َّلاب,N\CN,Al-Said 2023 Table 4
802,قريبا,ًقريب + ا,ADV,Al-Said 2023 Table 4
803,فتى,فت + ى,N\CN,Al-Said 2023 Table 4
804,قوي,قوي,ADJ,Al-Said 2023 Table 4
805,رعاية,رعاية,N\CN,Al-Said 2023 Table 4
806,تدريب,َت + دريب,N\CN,Al-Said 2023 Table 4
807,وفد,َو + ْفد | َوَفَد,N\CN | V\VP,Al-Said 2023 Table 4
808,اتجاه,ات + جاه,N\CN,Al-Said 2023 Table 4
809,تناول,َت + ناو + ُل | َتَناوَل,N\CN | V\VP,Al-Said 2023 Table 4
810,وقف,َو + ْقف | َوَقَف,N\CN | V\VP,Al-Said 2023 Table 4
811,أرسل,ْأر + َس + َل,V\VP,Al-Said 2023 Table 4
812,يضم,َي + ُض + م,V\VI,Al-Said 2023 Table 4
813,مرور,ُم + ر + ُور,N\CN,Al-Said 2023 Table 4
814,شاب,شاب | َشاب,N\CN | V\VP,Al-Said 2023 Table 4
815,خرج,َخ + َر + َج,V\VP,Al-Said 2023 Table 4
816,يتوقع,َي + َت + َو + َّقع,V\VI,Al-Said 2023 Table 4
817,يقدم,ُي + َق + دم,V\VI,Al-Said 2023 Table 4
818,نمو,ُن + ُم + و,N\CN,Al-Said 2023 Table 4
819,ثورة,َث + و + ْرة,N\CN,Al-Said 2023 Table 4
820,أموال,ْأم + وال,N\CN,Al-Said 2023 Table 4
821,يكفي,يكفي,V\VI,Al-Said 2023 Table 4
822,عاصمة,ِّعاص + مة,N\CN,Al-Said 2023 Table 4
823,يهم,َي + ُه + م,V\VI,Al-Said 2023 Table 4
824,كبرى,ك + ُبرى,ADJ,Al-Said 2023 Table 4
825,حملة,َح + م + ْلة | حَمَلة,N\CN,Al-Said 2023 Table 4
826,اقتصاد,ِّاقت + صاد,N\CN,Al-Said 2023 Table 4
827,لغة,ل + ُغة,N\CN,Al-Said 2023 Table 4
828,عنوان,ُع + ن + ْوان,N\CN,Al-Said 2023 Table 4
829,كلية,ُك + ل + َّية | كُلْية,N\CN,Al-Said 2023 Table 4
830,عم,َع + م | َّعَم,N\CN | V\VP,Al-Said 2023 Table 4
831,قمة,ِّق + َّمة,N\CN,Al-Said 2023 Table 4
832,تابع,تاب + ِّع | َتابَع,N\CN | V\VP,Al-Said 2023 Table 4
833,دائرة,ِّدائ + رة,N\CN,Al-Said 2023 Table 4
834,أحداث,أحداث,N\CN,Al-Said 2023 Table 4
835,بحر,َب + ْحر,N\CN,Al-Said 2023 Table 4
836,مناسب,ُم + ناس + ِّب,ADJ,Al-Said 2023 Table 4
837,قرية,ق + َرية,N\CN,Al-Said 2023 Table 4
838,يبلغ,َي + ْب + ُلغ | يُبَل + ِّغ,V\VI,Al-Said 2023 Table 4
839,انتهاء,انتهاء,N\CN,Al-Said 2023 Table 4
840,معنى,َم + ع + ْنى,N\CN,Al-Said 2023 Table 4
841,يعاني,ُي + عاني,V\VI,Al-Said 2023 Table 4
842,جاري,جاري,ADJ,Al-Said 2023 Table 4
843,مواد,َم + واد,N\CN,Al-Said 2023 Table 4
844,مسألة,َم + س + ْألة,N\CN,Al-Said 2023 Table 4
845,قلق,َق + َلق | َقَلِّق,N\CN | V\VP,Al-Said 2023 Table 4
846,دعوة,َد + ع + ْوة,N\CN,Al-Said 2023 Table 4
847,سكان,ُس + ك + َّان,N\CN,Al-Said 2023 Table 4
848,أسباب,ْأس + باب,N\CN,Al-Said 2023 Table 4
849,يتوقف,َي + توق + َّف,V\VI,Al-Said 2023 Table 4
850,وصف,َو + ْصف | َوَصَف,N\CN | V\VP,Al-Said 2023 Table 4
851,بلدة,َب + ل + ْدة,N\CN,Al-Said 2023 Table 4
852,عالج,ع + ِّالج,N\CN,Al-Said 2023 Table 4
853,أوراق,ْأو + راق,N\CN,Al-Said 2023 Table 4
854,رب,َر + ب | َّرُب,N\CN | P\PRE,Al-Said 2023 Table 4
855,وسائل,ِّوسائ + ل,N\CN,Al-Said 2023 Table 4
856,مهرجا / ن,ِّم + ْه + ر + َجا | ن,N\CN,Al-Said 2023 Table 4
857,تجارة,ِّت + جارة,N\CN,Al-Said 2023 Table 4
858,ضرب,َض + ْرب | َضَرَب,N\CN | V\VP,Al-Said 2023 Table 4
859,مقاومة,ُم + َقاو + مة,N\CN,Al-Said 2023 Table 4
860,يستخدم,َي + ْس + َت + ْخ + ِّدم | يُسْتَخْدَم,V\VI,Al-Said 2023 Table 4
861,مصلحة,َم + صلحة,N\CN,Al-Said 2023 Table 4
862,أسواق,ْأس + واق,N\CN,Al-Said 2023 Table 4
863,يدعو,َي + د + ْعو,V\VI,Al-Said 2023 Table 4
864,سيطرة,َس + ْي + طرة,N\CN,Al-Said 2023 Table 4
865,مؤخار,ُم + َّؤخ + ًار,N\CN,Al-Said 2023 Table 4
866,أساس,أساس,N\CN,Al-Said 2023 Table 4
867,ظرة,ظ + ْرة,N\CN,Al-Said 2023 Table 4
868,مجددا,ُم + َج + َّد + ًدا,N\CN,Al-Said 2023 Table 4
869,مادة,ماد + َّة,N\CN,Al-Said 2023 Table 4
870,جنس,ِّج + ْنس,N\CN,Al-Said 2023 Table 4
871,أنفس,أنْفُس,N\CN,Al-Said 2023 Table 4
872,تسجيل,َت + س + ْجيل,N\CN,Al-Said 2023 Table 4
873,أوطس,ْأو + َطس,N\CN,Al-Said 2023 Table 4
874,حقق,َح + َّق + َق,V\VP,Al-Said 2023 Table 4
875,خطاب,خِّطاب,N\CN,Al-Said 2023 Table 4
876,جح,َج + َح,V\VP,Al-Said 2023 Table 4
877,تشكيل,َت + ش + ْكيل,N\CN,Al-Said 2023 Table 4
878,سيئة,َس + ي + ئة,ADJ,Al-Said 2023 Table 4
879,بطل,َب + َطل,N\CN,Al-Said 2023 Table 4
880,يقف,َي + ِّقف,V\VI,Al-Said 2023 Table 4
881,يواجه,ُي + واج + ِّه,V\VI,Al-Said 2023 Table 4
882,قرب,َقَرُب,V\VP,Al-Said 2023 Table 4
883,حاكم,حاك + ِّم | َحاكَم,N\CN | V\VP,Al-Said 2023 Table 4
884,عقب,َع + ِّقب | َعَقَّب,ADV | V\VP,Al-Said 2023 Table 4
885,ظن,َظ + ن | َّظَن,N\CN | V\VP,Al-Said 2023 Table 4
886,مر,ُم + ر | َّمَر,N\CN | V\VP,Al-Said 2023 Table 4
887,عشاء,ع + َشاء | عِّشاء,N\CN | ADV,Al-Said 2023 Table 4
888,إعداد,ْإع + داد,N\CN,Al-Said 2023 Table 4
889,فندق,ُف + ْن + ُدق,N\CN,Al-Said 2023 Table 4
890,يؤدي,ُي + ؤد + ي,V\VI,Al-Said 2023 Table 4
891,يحضر,َي + ْح + ُضر | يُحْضِّر,V\VI,Al-Said 2023 Table 4
892,تحول,َت + َح + ُّول | َتَحَوَّل,N\CN | V\VP,Al-Said 2023 Table 4
893,سريع,س + َريع,ADJ,Al-Said 2023 Table 4
894,يشهد,َي + ْش + َهد,V\VI,Al-Said 2023 Table 4
895,سر,ِّس + ر,N\CN,Al-Said 2023 Table 4
896,ظروف,ُظ + ر + ُوف,N\CN,Al-Said 2023 Table 4
897,فاز,َفاز,V\VP,Al-Said 2023 Table 4
898,ميت,َم + يت,ADJ,Al-Said 2023 Table 4
899,أثر,َأ + َثر | َأَثَّر,N\CN | V\VP,Al-Said 2023 Table 4
900,ضوء,َض + ْوء,N\CN,Al-Said 2023 Table 4
901,عمال,ُع + م + َّال,N\CN,Al-Said 2023 Table 4
902,قدرة,ُق + د + ْرة,N\CN,Al-Said 2023 Table 4
903,يدري,َي + د + ْري,V\VI,Al-Said 2023 Table 4
904,منع,َم + ْنع | َمَنَع,N\CN | V\VP,Al-Said 2023 Table 4
905,رئيسي,َر + ئيسي,ADJ,Al-Said 2023 Table 4
906,ميالد,ِّم + يالد,N\CN,Al-Said 2023 Table 4
907,إنما,إن + َّما,P\PO,Al-Said 2023 Table 4
908,مسابقة,ُم + ساب + َقة,N\CN,Al-Said 2023 Table 4
909,دليل,َد + ل + ِّيل,N\CN,Al-Said 2023 Table 4
910,سفر,َس + َفر,N\CN,Al-Said 2023 Table 4
911,حمل,حِّمْل,N\CN,Al-Said 2023 Table 4
912,تصوير,َت + ص + ْوير,N\CN,Al-Said 2023 Table 4
913,طيران,َط + ي + َران,N\CN,Al-Said 2023 Table 4
914,محطة,َم + َح + َّطة,N\CN,Al-Said 2023 Table 4
915,أفراد,ْأف + راد,N\CN,Al-Said 2023 Table 4
916,سوء,س + ُوء,N\CN,Al-Said 2023 Table 4
917,احترام,ْاح + ت + ِّرام,N\CN,Al-Said 2023 Table 4
918,حساب,ح + ِّساب,N\CN,Al-Said 2023 Table 4
919,تطبيق,َت + ط + ْبيق,N\CN,Al-Said 2023 Table 4
920,يستحق,َي + ْس + َت + ِّح + ق,V\VI,Al-Said 2023 Table 4
921,بيئة,ب + ِّيئة,N\CN,Al-Said 2023 Table 4
922,مقر,َم + َق + ر,N\CN,Al-Said 2023 Table 4
923,فشل,َف + َشل | َفَشَل,N\CN | V\VP,Al-Said 2023 Table 4
924,افعل,ْاف + َع + ْل,V\VR,Al-Said 2023 Table 4
925,كبار,ك + ِّبار,N\CN,Al-Said 2023 Table 4
926,يتعرف,َي + َت + َع + َّرف,V\VI,Al-Said 2023 Table 4
927,وفقا / ل,َو + ْف + ًقا | لـ,N\CN,Al-Said 2023 Table 4
928,منافسة,ُم + َناف + سة,N\CN,Al-Said 2023 Table 4
929,يسعى,يسعى,V\VI,Al-Said 2023 Table 4
930,يكره,يكره,V\VI,Al-Said 2023 Table 4
931,مواطن,ُم + واط + ِّن,N\CN,Al-Said 2023 Table 4
932,أوالد,أوالد,N\CN,Al-Said 2023 Table 4
933,طبيعي,َط + بيعي,ADJ,Al-Said 2023 Table 4
934,خطوة,ُخ + ط + ْوة,N\CN,Al-Said 2023 Table 4
935,مشاريع,َم + شاريع,N\CN,Al-Said 2023 Table 4
936,شاهد,َشاهَد,V\VP,Al-Said 2023 Table 4
937,أصل,ْأص + ل,N\CN,Al-Said 2023 Table 4
938,مدارس,َم + دارس,N\CN,Al-Said 2023 Table 4
939,ثمن,َث + َمن,N\CN,Al-Said 2023 Table 4
940,إيجاد,إيجاد,N\CN,Al-Said 2023 Table 4
941,صفقة,َص + ف + ْقة,N\CN,Al-Said 2023 Table 4
942,يطلق,ُي + ْط + ِّلق,V\VI,Al-Said 2023 Table 4
943,يقبل,يُقْبِّل,V\VI,Al-Said 2023 Table 4
944,يجمع,َي + ْج + َمع,V\VI,Al-Said 2023 Table 4
945,شديد,َش + د + ِّيد,ADJ,Al-Said 2023 Table 4
946,أسئلة,ْأس + ئلة,N\CN,Al-Said 2023 Table 4
947,سن,سَن,N\CN,Al-Said 2023 Table 4
948,تفكير,َت + ف + ْكير,N\CN,Al-Said 2023 Table 4
949,أسماء,ْأس + ماء,N\CN,Al-Said 2023 Table 4
950,مستشار,ُم + ْس + ت + َشار,N\CN,Al-Said 2023 Table 4
951,يقود,َي + ق + ُود,V\VI,Al-Said 2023 Table 4
952,يتمكن,َي + َت + َم + َّكن,V\VI,Al-Said 2023 Table 4
953,جهود,ُج + ه + ُود,N\CN,Al-Said 2023 Table 4
954,سبق,َس + ْبق | َسَبَق,N\CN | V\VP,Al-Said 2023 Table 4
955,ضغط,َض + ْغط | َضَغَط,N\CN | V\VP,Al-Said 2023 Table 4
956,إشارة,إشارة,N\CN,Al-Said 2023 Table 4
957,متابعة,ُم + َتاب + عة,N\CN,Al-Said 2023 Table 4
958,أصاب,َأصاب,V\VP,Al-Said 2023 Table 4
959,أخت,ُأ + ْخت,N\CN,Al-Said 2023 Table 4
960,حذر,َح + َذر | حَذِّر,N\CN | ADJ,Al-Said 2023 Table 4
961,خليج,َخ + ل + ِّيج,N\CN,Al-Said 2023 Table 4
962,أسرة,ُأ + س + ْرة,N\CN,Al-Said 2023 Table 4
963,إصالح,ْإص + الح,N\CN,Al-Said 2023 Table 4
964,حارس,حار + ِّس,N\CN,Al-Said 2023 Table 4
965,ناحية,ِّناح + ية,ADV,Al-Said 2023 Table 4
966,مرض,َم + َرض | َمَرِّض,N\CN | V\VP,Al-Said 2023 Table 4
967,فصل,َفَصَل,V\VP,Al-Said 2023 Table 4
968,تغير,َتَغ + ُّير | َتَغَيَّر,N\CN | V\VP,Al-Said 2023 Table 4
969,مجنون,َم + ْج + ن + ُون,ADV,Al-Said 2023 Table 4
970,نصر,ْصر | َنَصَر,N\CN | V\VP,Al-Said 2023 Table 4
971,موجود,َم + ْو + ج + ُود,ADV,Al-Said 2023 Table 4
972,أسوأ,ْأس + وأ,N\CN,Al-Said 2023 Table 4
973,حلم,حِّلْم | َحَلِّم,N\CN | V\VP,Al-Said 2023 Table 4
974,أندية,أندية,N\CN,Al-Said 2023 Table 4
975,جمهور,ُج + ْم + ه + ُور,N\CN,Al-Said 2023 Table 4
976,صيد,َص + ْيد,N\CN,Al-Said 2023 Table 4
977,عادة,عادة,N\CN,Al-Said 2023 Table 4
978,مخدرا / ت,ُم + خد + را | ت,N\CN,Al-Said 2023 Table 4
979,اتفق,َّات + َف + َق,V\VP,Al-Said 2023 Table 4
980,مسرح,َم + ْس + َرح,N\CN,Al-Said 2023 Table 4
981,تمكن,َت + َم + ُّكن | َتَمَكَّن,N\CN | V\VP,Al-Said 2023 Table 4
982,ينبغي,َي + ْن + ب + َغي,V\VI,Al-Said 2023 Table 4
983,ألعاب,ْأل + عاب,N\CN,Al-Said 2023 Table 4
984,قوانين,َق + وانين,N\CN,Al-Said 2023 Table 4
985,يزيد,ي + َزيد,V\VI,Al-Said 2023 Table 4
986,رياضة,رياضة,N\CN,Al-Said 2023 Table 4
987,مبلغ,َم + ْب + َلغ,N\CN,Al-Said 2023 Table 4
988,كتابة,ك + ِّتابة,N\CN,Al-Said 2023 Table 4
989,خوف,َخ + ْوف,N\CN,Al-Said 2023 Table 4
990,شمس,َش + ْمس,N\CN,Al-Said 2023 Table 4
991,ساعد,َساع + َد,V\VP,Al-Said 2023 Table 4
992,يقل,َي + ِّق + ل,V\VI,Al-Said 2023 Table 4
993,اتخاذ,ات + خاذ,N\CN,Al-Said 2023 Table 4
994,حفلة,َح + ف + ْلة,N\CN,Al-Said 2023 Table 4
995,شعور,ُش + ع + ُور,N\CN,Al-Said 2023 Table 4
996,يفضل,َي + ْف + ُضل | يُفَض + ِّل,V\VI,Al-Said 2023 Table 4
997,استطاع,ْاس + َتطاع,V\VP,Al-Said 2023 Table 4
998,طبيعة,َط + ب + ِّيعة,N\CN,Al-Said 2023 Table 4
999,مقابلة,ُم + قاب + َلة,N\CN,Al-Said 2023 Table 4
1000,ابتعد,ْاب + َت + َع + َد | ْابْتَعِّد,V\VP | V\VR,Al-Said 2023 Table 4
