rank,front,meaning,status,wordfreq_zipf,kaikki_entry,kaikki_semantic_support,kaikki_overlap_terms,readurdu_entry,readurdu_semantic_support,calima_exact_analyses,flags
1002,و,and,verified_morphology_review_semantics,6.870,True,False,,,,1,
1003,ل,for; to,verified_morphology_review_semantics,5.700,True,False,,,,1,
1004,ب,with; by,verified_morphology_review_semantics,5.850,True,False,,,,1,
1005,ثاني,second; next,verified_morphology_review_semantics,4.970,True,False,,,,1,
1018,شبكي,net-like; network,verified_morphology_review_semantics,2.700,False,False,,,,6,
1021,تصميم,determination; perseverance,verified_morphology_review_semantics,5.020,True,False,,,,12,
1038,جد,seriousness; earnestness,verified_morphology_review_semantics,4.620,True,False,,,,18,
1039,مسلسل,serial; sequence,verified_morphology_review_semantics,5.000,True,False,,,,6,
1041,مدون,record; entry; document,verified_morphology_review_semantics,3.520,False,False,,,,6,
1050,سلم,hand over; surrender; greet,verified_morphology_review_semantics,4.670,True,False,,,,3,
1051,م,(A.D.); M; 13th; meter,verified_morphology_review_semantics,5.510,True,False,,,,1,
1052,تحميل,burdening; loading; shipment,verified_morphology_review_semantics,4.770,True,False,,,,6,
1058,ال,the,verified_morphology_review_semantics,5.550,True,False,,,,1,
1060,صيانة,maintenance; preservation,verified_morphology_review_semantics,4.010,True,False,,,,7,
1070,مخالف,divergent; violating,verified_morphology_review_semantics,3.930,True,False,,,,6,
1072,قرني,centenary,verified_morphology_review_semantics,2.900,False,False,,,,12,
1079,ضرر,damage; injury; harm,verified_morphology_review_semantics,4.200,True,False,,,,12,
1082,شب,youth,verified_morphology_review_semantics,3.650,True,False,,,,12,
1083,زال,cease; stop being; stop doing,verified_morphology_review_semantics,4.920,True,False,,,,2,
1084,أوربي,European,verified_morphology_review_semantics,2.760,True,False,,,,6,
1085,جمهوري,multitude; public,verified_morphology_review_semantics,3.540,True,False,,,,1,
1089,جوال,itinerant; wandering,verified_morphology_review_semantics,3.990,True,False,,,,6,
1091,تبليغ,conveyance; notification; informing,verified_morphology_review_semantics,3.190,True,False,,,,6,
1092,أ,A; 1st,verified_morphology_review_semantics,4.980,True,False,,,,1,
1093,مدني,civilian,verified_morphology_review_semantics,4.400,True,False,,,,6,
1094,مقال,article; essay,verified_morphology_review_semantics,4.560,True,False,,,,8,
1097,جمع,gather; assemble,verified_morphology_review_semantics,4.990,True,False,,,,2,
1105,أمني,security; safety,verified_morphology_review_semantics,4.190,True,False,,,,6,
1108,عامل,worker,verified_morphology_review_semantics,4.830,True,False,,,,12,
1110,قائم,remaining; existing,verified_morphology_review_semantics,4.170,True,False,,,,18,
1116,وفق,according to; in accordance with,verified_morphology_review_semantics,5.010,True,False,,,,1,
1118,ختر,betray; deceive,explicit_review_required,0.000,False,False,,,,1,
1127,أمارة,sign; indication,verified_morphology_review_semantics,3.000,False,False,,,,14,
1129,أدب,literature; good manners; etiquette,verified_morphology_review_semantics,4.290,True,False,,,,18,
1130,خصوص,matter; issue; regard; respect,verified_morphology_review_semantics,2.760,True,False,,,,6,
1131,تواصل,continuity; continuation,verified_morphology_review_semantics,4.760,True,False,,,,6,
1133,تركي,Turkish,verified_morphology_review_semantics,4.600,True,False,,,,6,
1134,سبت,basket,verified_morphology_review_semantics,3.760,False,False,,,,12,
1135,ورى,kindle; light,verified_morphology_review_semantics,2.850,True,False,,,,2,
1138,تعريف,identification; notification,verified_morphology_review_semantics,4.690,True,False,,,,6,
1139,إطلاق,firing,verified_morphology_review_semantics,5.130,True,False,,,,12,
1141,مباشر,direct; immediate,verified_morphology_review_semantics,5.000,True,False,,,,10,
1145,شرط,precondition; stipulation,verified_morphology_review_semantics,4.410,True,False,,,,12,
1147,فرقة,groups; teams,verified_morphology_review_semantics,4.720,True,False,,,,36,
1155,تكليف,cost; expense; charge,verified_morphology_review_semantics,3.880,True,False,,,,12,
1157,ديموقراطي,democratic,verified_morphology_review_semantics,2.790,False,False,,,,6,
1158,معلم,teacher,verified_morphology_review_semantics,4.420,True,False,,,,12,
1162,أقام,install; establish; erect,verified_morphology_review_semantics,4.150,True,False,,,,2,
1164,رسم,drawing; sketch; illustration,verified_morphology_review_semantics,4.720,True,False,,,,12,
1174,تعلق,be connected with; pertain to,verified_morphology_review_semantics,4.370,True,False,,,,5,
1176,مغربي,of; from the Maghrib (northwest Africa),verified_morphology_review_semantics,4.210,True,False,,,,28,
1177,تعرض,be exposed to; encounter,verified_morphology_review_semantics,5.020,True,False,,,,11,
1178,لوحة,painting; picture,verified_morphology_review_semantics,4.830,True,False,,,,14,
1182,أليس,valiant,verified_morphology_review_semantics,4.630,True,False,,,,4,
1184,تصريح,declaration; statement,verified_morphology_review_semantics,4.690,True,False,,,,12,
1186,ه,H; (Hijrah); 5th,verified_morphology_review_semantics,4.850,True,False,,,,1,
1188,داخلي,interior; inside,verified_morphology_review_semantics,4.420,True,False,,,,1,
1200,شهادة,certificate; witness; testimony,verified_morphology_review_semantics,4.850,True,False,,,,14,
1203,سبيل,way; road,verified_morphology_review_semantics,5.370,True,False,,,,6,
1204,عالي,high; elevated,verified_morphology_review_semantics,4.600,True,False,,,,5,
1213,ولي,follow; come after,verified_morphology_review_semantics,4.800,True,False,,,,1,
1218,أربع,four,verified_morphology_review_semantics,4.990,True,False,,,,4,
1219,مكافحة,confrontation; battle,verified_morphology_review_semantics,4.940,True,False,,,,7,
1222,فرد,individual; unit,verified_morphology_review_semantics,4.660,True,False,,,,24,
1223,محامي,lawyers; defense counsel,verified_morphology_review_semantics,4.610,True,False,,,,6,
1228,شقة,apartment,verified_morphology_review_semantics,4.420,True,False,,,,14,
1229,ضم,include; comprise; incorporate,verified_morphology_review_semantics,4.400,True,False,,,,1,
1232,شمل,comprise; include; contain,verified_morphology_review_semantics,4.190,True,False,,,,2,
1233,مشير,indicative; indicating,verified_morphology_review_semantics,2.890,False,False,,,,6,
1237,نقاش,debate; argument; controversy,verified_morphology_review_semantics,4.270,True,False,,,,12,
1240,سهم,share; stock,verified_morphology_review_semantics,4.160,True,False,,,,12,
1241,تاريخي,historical,verified_morphology_review_semantics,4.250,True,False,,,,6,
1243,مترجم,translator; interpreter,verified_morphology_review_semantics,4.310,True,False,,,,12,
1245,بي,B,verified_morphology_review_semantics,5.580,False,False,,,,1,
1247,خلق,creation,verified_morphology_review_semantics,4.980,True,False,,,,24,
1249,جزر,islands,verified_morphology_review_semantics,4.620,True,False,,,,18,
1252,سعى,strive; pursue,verified_morphology_review_semantics,4.100,True,False,,,,1,
1255,فئة,faction; party,verified_morphology_review_semantics,4.690,True,False,,,,7,
1260,فرض,imposing; levying,verified_morphology_review_semantics,4.730,True,False,,,,12,
1264,أفاد,report; inform; provide,verified_morphology_review_semantics,4.140,True,False,,,,2,
1268,كيفية,manner; mode; way,verified_morphology_review_semantics,5.020,True,False,,,,7,
1271,علامة,mark; sign; point,verified_morphology_review_semantics,4.780,True,False,,,,14,
1273,شامل,comprehensive; general; complete; mass,verified_morphology_review_semantics,4.360,False,False,,,,6,
1276,معروف,known; well-known,verified_morphology_review_semantics,4.810,True,False,,,,6,
1278,شحن,transportation; shipment; freighting,verified_morphology_review_semantics,4.260,True,False,,,,6,
1282,مجلة,magazine; journal,verified_morphology_review_semantics,4.970,True,False,,,,7,
1283,صحفي,newspapers,verified_morphology_review_semantics,4.720,True,False,,,,7,
1284,عصر,age; period; epoch,verified_morphology_review_semantics,4.710,True,False,,,,12,
1285,ديوان,office; agency; anthology,verified_morphology_review_semantics,4.440,True,False,,,,6,
1287,فضائي,space; cosmic,verified_morphology_review_semantics,3.510,True,False,,,,18,
1290,تحويل,conversion; transfer,verified_morphology_review_semantics,4.670,True,False,,,,6,
1291,وفر,provide; fulfill,verified_morphology_review_semantics,4.000,True,False,,,,6,
1292,محل,place; location,verified_morphology_review_semantics,4.870,True,False,,,,12,
1293,سمح,allow; permit; authorize,verified_morphology_review_semantics,4.440,True,False,,,,2,
1296,خاطر,mind; feeling; wish,verified_morphology_review_semantics,3.840,True,False,,,,6,
1297,خيار,good; better; best,verified_morphology_review_semantics,4.660,True,False,,,,36,
1298,أثار,provoke; agitate,verified_morphology_review_semantics,4.520,True,False,,,,2,
1299,أون,calm; serenity,verified_morphology_review_semantics,4.380,True,False,,,,12,
1302,متواجد,present; available,verified_morphology_review_semantics,3.980,False,False,,,,6,
1305,إخوة,brothers,verified_morphology_review_semantics,3.820,True,False,,,,7,
1307,رشد,integrity; forthrightness,verified_morphology_review_semantics,3.610,True,False,,,,12,
1310,كبري,land; earth,verified_morphology_review_semantics,3.550,True,False,,,,8,
1324,فائدة,benefit; use,verified_morphology_review_semantics,4.530,True,False,,,,7,
1325,أزياء,fashion; clothes; uniforms,verified_morphology_review_semantics,4.180,False,False,,,,4,
1327,تعزيز,praise; pride,verified_morphology_review_semantics,4.760,False,False,,,,18,
1328,نبوي,prophetic; of the Prophet,verified_morphology_review_semantics,3.070,False,False,,,,6,
1332,عملة,workers,verified_morphology_review_semantics,4.170,True,False,,,,14,
1333,حوال,obstacle; partition,verified_morphology_review_semantics,3.020,True,False,,,,6,
1334,ظرف,circumstance; condition; situation,verified_morphology_review_semantics,3.970,True,False,,,,18,
1337,لاين,be lenient with; be kind to,verified_morphology_review_semantics,4.490,False,False,,,,2,
1352,معين,fixed; determined; prescribed,verified_morphology_review_semantics,4.820,True,False,,,,6,
1354,سير,course; motion; march,verified_morphology_review_semantics,4.540,True,False,,,,18,
1357,واصل,continue,verified_morphology_review_semantics,4.350,True,False,,,,1,
1358,فعاليات,events,verified_morphology_review_semantics,4.530,False,False,,,,14,
1359,أفريقي,African,verified_morphology_review_semantics,4.110,True,False,,,,12,
1360,خلاف,dispute; controversy; conflict,verified_morphology_review_semantics,4.530,True,False,,,,6,
1361,تداول,alternation; circulation,verified_morphology_review_semantics,4.680,True,False,,,,6,
1374,ست,lady; miss,verified_morphology_review_semantics,4.700,True,False,,,,6,
1378,إرسال,transmission; broadcast,verified_morphology_review_semantics,4.700,True,False,,,,6,
1380,ألقى,be arrested,verified_morphology_review_semantics,4.310,True,False,,,,5,
1382,حفظ,preservation; retention; guarding,verified_morphology_review_semantics,4.680,True,False,,,,6,
1385,حصري,escrow,verified_morphology_review_semantics,3.990,True,False,,,,6,
1387,حرف,letter,verified_morphology_review_semantics,4.580,True,False,,,,12,
1388,صرف,diverting; spending,verified_morphology_review_semantics,4.290,True,False,,,,12,
1391,قصر,castle; palace,verified_morphology_review_semantics,4.700,True,False,,,,36,
1396,مؤكد,certain; guaranteed,verified_morphology_review_semantics,4.170,False,False,,,,6,
1397,سيرة,biography; epic,verified_morphology_review_semantics,4.300,True,False,,,,18,
1400,ع,('ayn); 16th; (Arab),verified_morphology_review_semantics,4.930,True,False,,,,1,
1402,بديل,substitute; alternate,verified_morphology_review_semantics,4.490,True,False,,,,6,
1403,بطاقة,energy; power; potential,verified_morphology_review_semantics,4.730,True,False,,,,10,
1406,مراجعة,review; inspection,verified_morphology_review_semantics,4.590,True,False,,,,14,
1410,قاضي,judge; magistrate,verified_morphology_review_semantics,4.300,True,False,,,,1,
1412,أجرى,conduct; carry out; perform,verified_morphology_review_semantics,4.290,True,False,,,,5,
1415,نفسي,mental; spiritual; psychological,verified_morphology_review_semantics,5.280,True,False,,,,6,
1423,إصدار,export; issuance,verified_morphology_review_semantics,4.730,True,False,,,,12,
1425,متر,meter,verified_morphology_review_semantics,4.850,True,False,,,,6,
1426,تنفيذي,executive,verified_morphology_review_semantics,3.630,False,False,,,,6,
1429,زكى,augment; nominate; recommend,verified_morphology_review_semantics,3.140,True,False,,,,1,
1431,مشاهد,views; panoramas; spectacles,verified_morphology_review_semantics,4.380,True,False,,,,10,
1433,روى,tell; report; relate; narrate,verified_morphology_review_semantics,4.140,True,False,,,,2,
1435,حفاظ,preservation; guarding,verified_morphology_review_semantics,3.100,True,False,,,,12,
1436,مؤمن,believer,verified_morphology_review_semantics,4.330,True,False,,,,24,
1437,صلاحية,practicability; viability; competence,verified_morphology_review_semantics,3.880,True,False,,,,7,
1443,تلقى,be delivered; be thrown,verified_morphology_review_semantics,4.760,True,False,,,,5,
1449,نظم,be arranged; be organized; be regulated,verified_morphology_review_semantics,4.630,True,False,,,,3,
1451,منهج,method; approach; program,verified_morphology_review_semantics,4.200,True,False,,,,6,
1453,باقي,remaining,verified_morphology_review_semantics,4.900,True,False,,,,6,
1460,سي,C,verified_morphology_review_semantics,5.160,True,False,,,,1,
1468,لي,distortion; contortion,verified_morphology_review_semantics,6.090,True,False,,,,12,
1469,عقل,mind; intellect; brain,verified_morphology_review_semantics,4.420,True,False,,,,12,
1470,تحدي,challenge,verified_morphology_review_semantics,4.200,True,False,,,,4,
1472,محدد,set; determined; defined,verified_morphology_review_semantics,4.490,True,False,,,,6,
1473,تحسين,improving; making better,verified_morphology_review_semantics,4.750,True,False,,,,18,
1476,عادل,fair; just; equitable,verified_morphology_review_semantics,4.710,True,False,,,,6,
1478,غذائي,food; alimentary; nutritional,verified_morphology_review_semantics,3.780,False,False,,,,6,
1481,تفعيل,scansion,verified_morphology_review_semantics,4.270,True,False,,,,12,
1484,توقع,expect; count on; anticipate,verified_morphology_review_semantics,4.520,True,False,,,,9,
1489,رمز,sign; symbol; emblem,verified_morphology_review_semantics,4.620,True,False,,,,6,
1498,محيط,surrounding; peripheral,verified_morphology_review_semantics,4.470,True,False,,,,6,
1499,بالغ,extreme; profound,verified_morphology_review_semantics,4.280,True,False,,,,12,
1502,لازم,necessary; required; needed,verified_morphology_review_semantics,4.580,True,False,,,,6,
1503,عهد,age; period,verified_morphology_review_semantics,4.910,True,False,,,,24,
1504,كهربائي,electrician,verified_morphology_review_semantics,4.020,True,False,,,,12,
1505,ترفيهي,entertainment; recreation; amusement,verified_morphology_review_semantics,3.270,True,False,,,,6,
1506,صراع,struggle; fight,verified_morphology_review_semantics,4.510,True,False,,,,6,
1507,تقدير,appreciation; gratitude,verified_morphology_review_semantics,4.680,True,False,,,,12,
1509,رغبة,desire; wish,verified_morphology_review_semantics,4.560,True,False,,,,7,
1514,منزلي,domestic; household,verified_morphology_review_semantics,4.260,False,False,,,,7,
1520,بنية,intention; purpose; desire,verified_morphology_review_semantics,4.480,True,False,,,,17,
1522,مشهد,view; panorama; spectacle,verified_morphology_review_semantics,4.520,True,False,,,,6,
1525,جامعي,university,verified_morphology_review_semantics,4.140,True,False,,,,6,
1526,مقطع,section; selection; excerpt,verified_morphology_review_semantics,4.700,True,False,,,,24,
1528,وادي,wadi; valley,verified_morphology_review_semantics,4.630,True,False,,,,1,
1533,مثال,example; model,verified_morphology_review_semantics,4.640,True,False,,,,12,
1534,تحمل,carry; bear; transport,verified_morphology_review_semantics,5.190,True,False,,,,5,
1535,متوقع,expected; anticipated,verified_morphology_review_semantics,4.270,False,False,,,,12,
1536,سيما,especially,verified_morphology_review_semantics,4.580,True,False,,,,1,
1538,قضى,execute; perform; decree,verified_morphology_review_semantics,4.480,True,False,,,,2,
1543,تحضير,preparation; production,verified_morphology_review_semantics,4.110,True,False,,,,6,
1547,آبد,non-migratory; sedentary,verified_morphology_review_semantics,1.580,True,False,,,,6,
1549,تسبب,be caused; be produced; be provoked,verified_morphology_review_semantics,4.920,True,False,,,,5,
1551,صادر,issued; published,verified_morphology_review_semantics,4.100,True,False,,,,6,
1552,معتمد,authorized; dependable; accredited,verified_morphology_review_semantics,3.850,True,False,,,,6,
1554,فكري,intellectual; mental; spiritual,verified_morphology_review_semantics,4.170,True,False,,,,12,
1557,اللهم,truly; certainly; oh God!; dear God,verified_morphology_review_semantics,4.840,True,False,,,,9,
1558,مالك,money; capital; funds,verified_morphology_review_semantics,4.900,True,False,,,,14,
1559,غرض,goal; purpose; objective,verified_morphology_review_semantics,3.860,True,False,,,,6,
1561,طول,length; height,verified_morphology_review_semantics,5.080,True,False,,,,12,
1563,ذاتي,autonomous; self,verified_morphology_review_semantics,4.070,True,False,,,,6,
1566,مديرية,administration; management,verified_morphology_review_semantics,4.490,True,False,,,,14,
1572,أجمل,more; most beautiful,verified_morphology_review_semantics,4.660,True,False,,,,4,
1578,نقد,criticism; critique,verified_morphology_review_semantics,4.280,True,False,,,,12,
1580,طرح,suggestion; proposal,verified_morphology_review_semantics,4.510,True,False,,,,12,
1585,ثنائي,bilateral; dual,verified_morphology_review_semantics,4.390,True,False,,,,12,
1591,أتاح,grant; provide,verified_morphology_review_semantics,3.680,True,False,,,,2,
1596,جلب,acquisition; arraignment,verified_morphology_review_semantics,4.540,True,False,,,,12,
1601,شعار,slogan; motto,verified_morphology_review_semantics,4.740,True,False,,,,12,
1604,تجميل,embellishment,verified_morphology_review_semantics,3.990,True,False,,,,6,
1607,كافي,kaf (Arabic letter),verified_morphology_review_semantics,4.440,True,False,,,,5,
1609,سماح,magnanimous,verified_morphology_review_semantics,3.590,True,False,,,,12,
1610,تسليم,handing over; delivery; surrender,verified_morphology_review_semantics,4.470,True,False,,,,6,
1611,تحديث,updating; renewing,verified_morphology_review_semantics,4.610,True,False,,,,6,
1615,ذكي,clever,verified_morphology_review_semantics,4.090,True,False,,,,18,
1620,ترفيه,opulent; luxurious,verified_morphology_review_semantics,3.580,True,False,,,,10,
1621,معني,concerned; affected; interested,verified_morphology_review_semantics,3.960,False,False,,,,6,
1627,منشأة,establishment; firm,verified_morphology_review_semantics,3.960,True,False,,,,7,
1628,تخصصي,specialized,verified_morphology_review_semantics,3.470,False,False,,,,6,
1629,داعي,inviter; propagandist,verified_morphology_review_semantics,4.380,False,False,,,,7,
1636,رحم,have mercy with,verified_morphology_review_semantics,4.140,True,False,,,,3,
1638,عدل,justice; fairness,verified_morphology_review_semantics,4.200,True,False,,,,6,
1642,مطلب,quest,verified_morphology_review_semantics,3.950,True,False,,,,6,
1646,بشرة,good news,verified_morphology_review_semantics,3.880,True,False,,,,17,
1650,منشور,published; spread out,verified_morphology_review_semantics,3.970,True,False,,,,6,
1658,طبق,according to; conforming with,verified_morphology_review_semantics,4.450,True,False,,,,10,
1660,طيب,good; pleasant,verified_morphology_review_semantics,4.860,True,False,,,,6,
1662,حجز,detention; reservation; confiscation,verified_morphology_review_semantics,4.270,True,False,,,,6,
1664,عشرات,scores; tens; dozens,verified_morphology_review_semantics,4.680,True,False,,,,7,
1670,نزل,descend; stay,verified_morphology_review_semantics,4.520,True,False,,,,6,
1671,ف,F; 17th; (fils),verified_morphology_review_semantics,4.730,True,False,,,,1,
1679,غريبة,stranger; foreigner,verified_morphology_review_semantics,4.550,True,False,,,,14,
1680,تجاوز,exceed; disregard,verified_morphology_review_semantics,4.500,True,False,,,,3,
1681,نات,sway; stagger,verified_morphology_review_semantics,3.100,False,False,,,,1,
1685,وحد,alone; only,verified_morphology_review_semantics,3.710,True,False,,,,6,
1686,مدرسي,scholastic; school,verified_morphology_review_semantics,3.600,False,False,,,,6,
1690,مؤخر,delayed; deferred,verified_morphology_review_semantics,3.010,True,False,,,,18,
1691,أعاد,(do) again; re-(do); return; give back,verified_morphology_review_semantics,4.230,True,False,,,,2,
1695,أنشودة,anthem; hymn; song,verified_morphology_review_semantics,3.400,False,False,,,,7,
1696,خادم,servant; attendant,verified_morphology_review_semantics,4.500,True,False,,,,6,
1699,شك,doubt,verified_morphology_review_semantics,4.830,True,False,,,,12,
1700,ربع,living zone; residence,verified_morphology_review_semantics,4.560,True,False,,,,12,
1705,سار,move; march,verified_morphology_review_semantics,4.310,True,False,,,,2,
1708,ركن,foundation; support; corner,verified_morphology_review_semantics,4.110,True,False,,,,6,
1710,تغطية,coverage; covering,verified_morphology_review_semantics,4.480,True,False,,,,7,
1711,ملحق,attache,verified_morphology_review_semantics,3.870,True,False,,,,6,
1713,بر,land; earth,verified_morphology_review_semantics,4.120,True,False,,,,24,
1714,جاز,be allowed; be possible,verified_morphology_review_semantics,4.140,True,False,,,,1,
1716,مختص,responsible; competent,verified_morphology_review_semantics,3.830,True,False,,,,6,
1717,مذكرة,reminder; memorandum,verified_morphology_review_semantics,4.460,True,False,,,,7,
1718,تركيب,installation; assembling,verified_morphology_review_semantics,4.290,True,False,,,,12,
1719,دمعي,lacrimal; tear,verified_morphology_review_semantics,2.480,False,False,,,,6,
1726,طقس,weather; climate,verified_morphology_review_semantics,3.860,True,False,,,,12,
1729,إسكندرية,Alexandria,verified_morphology_review_semantics,2.910,False,False,,,,14,
1730,تسوق,marketing,verified_morphology_review_semantics,4.070,True,False,,,,6,
1733,كرتون,cardboard,verified_morphology_review_semantics,3.830,False,False,,,,12,
1735,تغذية,feeding; nutrition,verified_morphology_review_semantics,4.000,True,False,,,,7,
1738,تعيين,appointing; assignment,verified_morphology_review_semantics,4.520,True,False,,,,6,
1740,إعدادي,preliminary; preparatory,verified_morphology_review_semantics,2.670,False,False,,,,6,
1742,معارض,exhibits; exhibitions; reviews,verified_morphology_review_semantics,4.200,True,False,,,,10,
1750,بد,escape; avoiding,verified_morphology_review_semantics,4.840,True,False,,,,6,
1751,إخباري,news; information,verified_morphology_review_semantics,3.990,False,False,,,,6,
1752,ضرائب,taxes,verified_morphology_review_semantics,3.940,True,False,,,,4,
1759,خص,concern; stipulate; confer,verified_morphology_review_semantics,3.360,True,False,,,,1,
1763,عدوان,enemy,verified_morphology_review_semantics,3.700,True,False,,,,7,
1767,معاينة,examination; inspection; observation,verified_morphology_review_semantics,3.190,True,False,,,,14,
1768,سحب,withdrawal; pulling out; remove,verified_morphology_review_semantics,4.670,True,False,,,,12,
1771,ماكياج,facial make-up,verified_morphology_review_semantics,3.030,True,False,,,,6,
1773,صرح,declare; announce,verified_morphology_review_semantics,4.590,True,False,,,,3,
1777,مسرحية,play (theater),verified_morphology_review_semantics,4.360,False,False,,,,7,
1781,سد,defrayal (of costs),verified_morphology_review_semantics,4.380,True,False,,,,24,
1785,وافق,agree; be in conformity,verified_morphology_review_semantics,4.510,True,False,,,,1,
1787,جي,G,verified_morphology_review_semantics,4.930,False,False,,,,2,
1794,رجع,return,verified_morphology_review_semantics,4.200,True,False,,,,2,
1798,أقر,ratify; accept,verified_morphology_review_semantics,4.200,True,False,,,,8,
1810,جماعي,social; common; collective,verified_morphology_review_semantics,4.450,False,False,,,,6,
1811,حامل,bearing; carrying,verified_morphology_review_semantics,4.430,True,False,,,,24,
1812,شدد,strengthen; intensify; emphasize,verified_morphology_review_semantics,3.660,True,False,,,,1,
1817,أمان,safety; protection,verified_morphology_review_semantics,4.360,True,False,,,,8,
1821,سعادة,happiness,verified_morphology_review_semantics,4.580,True,False,,,,7,
1823,مبارك,charities; benefactions,verified_morphology_review_semantics,4.860,True,False,,,,14,
1824,إغلاق,locking; closing; barring,verified_morphology_review_semantics,4.560,True,False,,,,6,
1826,منقول,conveyed; transferred; mobile,verified_morphology_review_semantics,3.790,True,False,,,,6,
1828,سيادة,sovereignty; supremacy; Excellency,verified_morphology_review_semantics,4.320,True,False,,,,7,
1837,أثبت,ascertain; establish,verified_morphology_review_semantics,4.350,True,False,,,,12,
1842,مسجل,registered; recorded,verified_morphology_review_semantics,4.150,True,False,,,,6,
1844,كانون,stove,verified_morphology_review_semantics,4.850,True,False,,,,6,
1846,تشطيب,finishing touches; completion; refurbishing,verified_morphology_review_semantics,3.020,False,False,,,,6,
1849,لافت,attracting; turning,verified_morphology_review_semantics,3.280,False,False,,,,6,
1851,أد,befall; afflict,verified_morphology_review_semantics,3.320,True,False,,,,1,
1852,مصرف,bank,verified_morphology_review_semantics,4.220,True,False,,,,6,
1856,محاكمة,judicial proceeding; legal prosecution,verified_morphology_review_semantics,4.420,True,False,,,,7,
1857,توقيت,time standard,verified_morphology_review_semantics,4.240,True,False,,,,6,
1858,سرطان,crayfish,verified_morphology_review_semantics,4.430,True,False,,,,12,
1861,فحص,examination; checkup; scrutiny,verified_morphology_review_semantics,4.530,True,False,,,,12,
1862,تدريبي,training; coaching; practice,verified_morphology_review_semantics,3.590,False,False,,,,6,
1865,مسافر,traveling; traveler; passenger,verified_morphology_review_semantics,3.940,True,False,,,,6,
1867,تأسيس,establishment; creation; installation,verified_morphology_review_semantics,4.610,True,False,,,,6,
1868,محمول,mobile (phone); carried,verified_morphology_review_semantics,3.990,True,False,,,,24,
1869,مصالحة,conciliation; compromise,verified_morphology_review_semantics,3.320,True,False,,,,14,
1872,قطعة,piece; portion; segment,verified_morphology_review_semantics,4.760,True,False,,,,44,
1876,أكسسوار,accessory,verified_morphology_review_semantics,1.350,False,False,,,,6,
1878,عكس,opposite; contrary,verified_morphology_review_semantics,4.740,True,False,,,,6,
1881,توحيد,unification; standardization,verified_morphology_review_semantics,4.410,True,False,,,,12,
1882,مطلق,absolute; unlimited,verified_morphology_review_semantics,4.130,True,False,,,,6,
1887,تلميذ,student; pupil,verified_morphology_review_semantics,3.850,True,False,,,,6,
1888,مواصلة,continuation; continue,verified_morphology_review_semantics,4.280,True,False,,,,14,
1889,تأكد,assurance; conviction,verified_morphology_review_semantics,4.480,True,False,,,,6,
1891,قابل,capable; able,verified_morphology_review_semantics,4.530,True,False,,,,6,
1893,قيد,restriction; stipulation; strings attached,verified_morphology_review_semantics,5.060,True,False,,,,6,
1895,رئاسي,presidential; executive,verified_morphology_review_semantics,3.600,True,False,,,,6,
1896,مخالفة,infringement; contrast,verified_morphology_review_semantics,4.270,True,False,,,,14,
1898,تطلب,request,verified_morphology_review_semantics,4.640,True,False,,,,3,
1904,تردد,answer; reply; return,verified_morphology_review_semantics,4.410,True,False,,,,6,
1908,أعرب,express; manifest; indicate,verified_morphology_review_semantics,4.200,True,False,,,,3,
1909,فجر,dawn,verified_morphology_review_semantics,4.510,True,False,,,,12,
1910,روبية,rupee,verified_morphology_review_semantics,3.670,False,False,,,,7,
1912,آتي,coming; following,verified_morphology_review_semantics,3.510,True,False,,,,6,
1917,حجة,proof,verified_morphology_review_semantics,4.500,True,False,,,,21,
1924,توكيل,appointing (representative); delegation of authority,verified_morphology_review_semantics,3.320,False,False,,,,6,
1926,عمالة,labor force; employment,verified_morphology_review_semantics,4.160,False,False,,,,7,
1932,قصف,bombardment; shelling,verified_morphology_review_semantics,4.530,True,False,,,,6,
1933,أدرك,comprehend; realize,verified_morphology_review_semantics,4.350,True,False,,,,17,
1936,توافق,agreement; conformity,verified_morphology_review_semantics,4.380,True,False,,,,6,
1941,مجرى,course; path,verified_morphology_review_semantics,4.170,True,False,,,,1,
1944,صحافي,journalistic; press,verified_morphology_review_semantics,3.810,True,False,,,,6,
1954,كامرا,camera,verified_morphology_review_semantics,2.180,True,False,,,,1,
1955,كتيبة,brigade; squadron; corps,verified_morphology_review_semantics,3.970,True,False,,,,7,
1958,إنهاء,termination; completion,verified_morphology_review_semantics,4.570,True,False,,,,8,
1959,حدوث,occurrence; happening,verified_morphology_review_semantics,4.820,True,False,,,,6,
1963,نطاق,scope; range; extent,verified_morphology_review_semantics,4.990,True,False,,,,6,
1965,إذاعة,broadcast; transmission,verified_morphology_review_semantics,4.320,True,False,,,,7,
1968,مكلف,commissioned with; charged with; responsible for,verified_morphology_review_semantics,3.760,True,False,,,,6,
1971,مقاطعة,region; district; county,verified_morphology_review_semantics,4.830,True,False,,,,21,
1973,شبه,youth,verified_morphology_review_semantics,4.840,True,False,,,,20,
1976,أمانة,faithfulness; loyalty,verified_morphology_review_semantics,4.130,True,False,,,,21,
1977,أدنى,near; nearer; nearest,verified_morphology_review_semantics,4.660,True,False,,,,3,
1978,أسيوي,Asian; Asiatic,verified_morphology_review_semantics,2.530,False,False,,,,12,
1979,بحرية,freedom,verified_morphology_review_semantics,4.730,True,False,,,,10,
1981,وسطي,environmental,verified_morphology_review_semantics,3.290,False,False,,,,6,
1983,تصفح,examination; perusal,verified_morphology_review_semantics,4.210,True,False,,,,6,
1987,نظارة,eyeglasses; binoculars,verified_morphology_review_semantics,3.670,True,False,,,,35,
1989,تطورات,events; developments,verified_morphology_review_semantics,3.960,False,False,,,,14,
1995,سحر,sorcery; magic,verified_morphology_review_semantics,4.400,True,False,,,,24,
1999,تجهيز,equipment; gear,verified_morphology_review_semantics,4.040,True,False,,,,6,
2002,وسع,capability; capacity,verified_morphology_review_semantics,3.710,True,False,,,,12,
2003,ثماني,eight,verified_morphology_review_semantics,4.170,False,False,,,,1,
2004,مطالبة,accountable,verified_morphology_review_semantics,4.110,True,False,,,,21,
2008,بركة,blessing,verified_morphology_review_semantics,4.280,True,False,,,,24,
2010,رحب,welcome; receive,verified_morphology_review_semantics,4.010,True,False,,,,3,
2011,بشر,evil; malice,verified_morphology_review_semantics,4.450,True,False,,,,21,
2012,سلوك,behavior; conduct,verified_morphology_review_semantics,4.460,True,False,,,,6,
2016,مثير,provoking; agitating; stirring up,verified_morphology_review_semantics,4.630,True,False,,,,12,
2017,جراء,because of; as a result of,verified_morphology_review_semantics,4.650,True,False,,,,1,
2018,تصدر,issue; publish,verified_morphology_review_semantics,4.630,True,False,,,,9,
2029,كودة,pile; heap,verified_morphology_review_semantics,1.340,False,False,,,,7,
2031,معالج,processor; CPU,verified_morphology_review_semantics,3.880,False,False,,,,6,
2033,محتل,occupied,verified_morphology_review_semantics,3.170,True,False,,,,6,
2034,إس,S,verified_morphology_review_semantics,4.610,False,False,,,,1,
2036,راتب,salary; pay,verified_morphology_review_semantics,4.100,True,False,,,,6,
2037,يهودي,Jewish,verified_morphology_review_semantics,4.130,True,False,,,,6,
2040,تلفزيوني,television,verified_morphology_review_semantics,4.190,False,False,,,,6,
2041,نظير,counterpart; opposite number; colleague; peer,verified_morphology_review_semantics,3.860,True,False,,,,6,
2047,مبيع,sold,verified_morphology_review_semantics,2.470,True,False,,,,6,
2048,مقدم,front part,verified_morphology_review_semantics,4.400,True,False,,,,24,
2052,وقوف,standing; stopping; halting,verified_morphology_review_semantics,3.830,True,False,,,,6,
2053,مصور,photographer,verified_morphology_review_semantics,4.250,True,False,,,,6,
2054,مؤهل,qualified; competent; certified,verified_morphology_review_semantics,3.880,False,False,,,,12,
2055,مكرر,refined; distilled,verified_morphology_review_semantics,3.230,True,False,,,,12,
2056,مربع,square; quadruple; tetragonal,verified_morphology_review_semantics,4.490,True,False,,,,12,
2057,تأليف,authoring; composing; constituting,verified_morphology_review_semantics,4.230,True,False,,,,6,
2060,تصفية,elimination series (sports),verified_morphology_review_semantics,3.980,True,False,,,,35,
2063,موجه,directed; aimed,verified_morphology_review_semantics,4.100,False,False,,,,6,
2064,شراكة,partnership,verified_morphology_review_semantics,4.160,False,False,,,,7,
2067,توصل,attainment; arrival; reunion,verified_morphology_review_semantics,4.280,True,False,,,,6,
2069,كريم,creme,verified_morphology_review_semantics,4.910,True,False,,,,12,
2077,متحرك,moving; mobile,verified_morphology_review_semantics,3.930,True,False,,,,6,
2079,سرقة,stealing; theft; heist,verified_morphology_review_semantics,4.550,True,False,,,,14,
2082,حاضر,present; attending,verified_morphology_review_semantics,4.110,True,False,,,,6,
2086,محفوظ,preserved; safeguarded,verified_morphology_review_semantics,4.230,True,False,,,,6,
2087,مرتفع,elevated; rising,verified_morphology_review_semantics,4.170,True,False,,,,12,
2089,وارد,appearing; mentioned,verified_morphology_review_semantics,4.130,True,False,,,,6,
2090,علق,comment,verified_morphology_review_semantics,4.460,True,False,,,,2,
2091,قوم,people; nation,verified_morphology_review_semantics,4.470,True,False,,,,6,
2093,رصد,observation; survey,verified_morphology_review_semantics,4.460,True,False,,,,18,
2096,مخطط,plan; sketch,verified_morphology_review_semantics,4.540,True,False,,,,12,
2100,ني,fat,verified_morphology_review_semantics,3.720,True,False,,,,6,
2101,مقاول,contractor,verified_morphology_review_semantics,3.410,False,False,,,,10,
2102,توفيق,success; successful outcome; conformation,verified_morphology_review_semantics,4.390,True,False,,,,6,
2108,وقوع,occurrence; happening,verified_morphology_review_semantics,4.460,True,False,,,,12,
2110,موحد,united; standardized,verified_morphology_review_semantics,4.000,True,False,,,,6,
2111,عفش,collect; gather,verified_morphology_review_semantics,3.770,False,False,,,,1,
2113,مذهب,ideology; trend,verified_morphology_review_semantics,4.140,True,False,,,,12,
2115,مصمم,determined; resolute,verified_morphology_review_semantics,4.210,True,False,,,,12,
2116,أبصار,perceptions; views; glances,verified_morphology_review_semantics,2.410,False,False,,,,6,
2120,موجب,requiring,verified_morphology_review_semantics,3.590,True,False,,,,18,
2129,كلي,total; complete; entire,verified_morphology_review_semantics,4.160,True,False,,,,6,
2130,تدبير,arrangement; preparation; management,verified_morphology_review_semantics,3.800,True,False,,,,6,
2131,راعي,guardian; patron; sponsor,verified_morphology_review_semantics,4.050,True,False,,,,7,
2139,طريفة,rarity; oddity,verified_morphology_review_semantics,3.460,True,False,,,,7,
2140,أكلة,halos; coronas,verified_morphology_review_semantics,3.380,True,False,,,,21,
2142,طفولة,infancy,verified_morphology_review_semantics,3.610,True,False,,,,7,
2149,جامع,comprehensive; extensive,verified_morphology_review_semantics,4.380,True,False,,,,12,
2150,رابط,be stationed; take up positions,verified_morphology_review_semantics,4.570,True,False,,,,1,
2151,أنصار,partisans; followers,verified_morphology_review_semantics,4.440,False,False,,,,6,
2154,قرض,loan,verified_morphology_review_semantics,4.000,True,False,,,,18,
2167,مسبق,previous; preceding,verified_morphology_review_semantics,3.930,False,False,,,,6,
2171,بنى,build; erect,verified_morphology_review_semantics,4.440,True,False,,,,1,
2174,غلب,defeat; overcome,verified_morphology_review_semantics,3.430,True,False,,,,1,
2175,فصيل,cell; branch; group,verified_morphology_review_semantics,3.780,True,False,,,,6,
2182,بلدي,indigenous; popular,verified_morphology_review_semantics,4.550,True,False,,,,6,
2185,تكون,is; are,verified_morphology_review_semantics,5.890,True,False,,,,7,
2188,كفاءة,competence; suitability; proficiency,verified_morphology_review_semantics,4.250,True,False,,,,7,
2190,إخراج,production; extraction; ousting,verified_morphology_review_semantics,4.500,True,False,,,,6,
2191,ناطق,speaker; speaking; spokesman,verified_morphology_review_semantics,3.530,True,False,,,,6,
2198,مهاجر,places emigrated to,verified_morphology_review_semantics,3.780,True,False,,,,14,
2202,دراما,drama,verified_morphology_review_semantics,4.090,False,False,,,,4,
2205,عثور,discovery,verified_morphology_review_semantics,2.590,True,False,,,,6,
2208,مضى,continue; proceed,verified_morphology_review_semantics,4.780,True,False,,,,3,
2214,مواصفة,description,verified_morphology_review_semantics,2.290,False,False,,,,14,
2215,هائل,huge; formidable; appalling,verified_morphology_review_semantics,4.230,True,False,,,,6,
2218,بكالوريا,baccalaureate; B.A,verified_morphology_review_semantics,2.380,True,False,,,,1,
2219,نسب,relate; trace; attribute,verified_morphology_review_semantics,4.380,True,False,,,,3,
2220,أرضية,background; groundwork,verified_morphology_review_semantics,4.250,True,False,,,,7,
2221,تأهيل,certifying; qualifying; training; habilitating,verified_morphology_review_semantics,3.880,False,False,,,,6,
2222,تعرف,acquaintance; knowledge,verified_morphology_review_semantics,5.290,True,False,,,,6,
2227,تي,T,verified_morphology_review_semantics,4.790,False,False,,,,1,
2230,باسيل,bacilli,verified_morphology_review_semantics,3.360,False,False,,,,6,
2231,متكامل,perfect; comprehensive; integral,verified_morphology_review_semantics,3.950,True,False,,,,6,
2232,توعية,making aware; enlightening,verified_morphology_review_semantics,3.840,True,False,,,,7,
2235,خفيف,light; slight; sparse,verified_morphology_review_semantics,4.300,True,False,,,,6,
2236,مزرع,farm; arable land,verified_morphology_review_semantics,1.550,True,False,,,,6,
2237,قصد,intend; mean; pursue,verified_morphology_review_semantics,4.290,True,False,,,,1,
2239,خفض,lowering; decreasing; reduction,verified_morphology_review_semantics,4.270,True,False,,,,6,
2241,فرنك,oven; furnace,verified_morphology_review_semantics,3.720,False,False,,,,14,
2242,خالي,maternal uncle,verified_morphology_review_semantics,4.170,True,False,,,,25,
2245,منظومة,structure; hierarchy,verified_morphology_review_semantics,4.080,True,False,,,,14,
2252,جل,be majestic,verified_morphology_review_semantics,4.410,True,False,,,,1,
2254,قل,say,verified_morphology_review_semantics,4.930,True,False,,,,2,
2256,إعطاء,offer; donation; concession,verified_morphology_review_semantics,4.520,True,False,,,,4,
2262,إيقاف,stopping; halting,verified_morphology_review_semantics,4.560,True,False,,,,6,
2266,مجموع,gathered; total,verified_morphology_review_semantics,4.400,True,False,,,,6,
2267,فتنة,sedition; dissension; discord,verified_morphology_review_semantics,4.120,True,False,,,,11,
2268,سلطان,power,verified_morphology_review_semantics,4.750,True,False,,,,6,
2272,ضمانة,guarantee; security; insurance,verified_morphology_review_semantics,3.290,False,False,,,,7,
2274,برى,dust; earth,verified_morphology_review_semantics,3.110,False,False,,,,1,
2278,إقرار,ratification; confirmation,verified_morphology_review_semantics,4.030,True,False,,,,6,
2281,كسر,secret,verified_morphology_review_semantics,4.660,True,False,,,,12,
2285,ث,TH; 23rd,verified_morphology_review_semantics,3.800,True,False,,,,1,
2286,تسرب,absenteeism; attrition,verified_morphology_review_semantics,4.050,True,False,,,,6,
2288,بوكس,boxing,verified_morphology_review_semantics,3.940,False,False,,,,9,
2298,تقويم,rating; valuation,verified_morphology_review_semantics,4.130,True,False,,,,12,
2299,صلب,hard; solid; robust,verified_morphology_review_semantics,4.240,True,False,,,,6,
2300,رؤى,vision; dream,verified_morphology_review_semantics,3.750,True,False,,,,1,
2301,بخاري,steam; steam-driven,verified_morphology_review_semantics,3.460,False,False,,,,6,
2303,طابع,impression; character; personality,verified_morphology_review_semantics,4.230,True,False,,,,12,
2304,خطورة,importance; gravity; danger,verified_morphology_review_semantics,4.390,False,False,,,,7,
2306,جغرافي,geographical,verified_morphology_review_semantics,3.520,True,False,,,,12,
2307,شاتي,sheep,verified_morphology_review_semantics,1.500,False,False,,,,5,
2308,معاناة,hardship; suffering; effort,verified_morphology_review_semantics,4.330,False,False,,,,7,
2311,وضح,clarify; explain; indicate,verified_morphology_review_semantics,4.080,True,False,,,,2,
2313,ظلم,injustice,verified_morphology_review_semantics,4.140,True,False,,,,6,
2314,عصب,clans; leagues; federations,verified_morphology_review_semantics,3.600,True,False,,,,12,
2315,سينمائي,cinema; cinematographic,verified_morphology_review_semantics,3.960,True,False,,,,6,
2317,سماك,fish,verified_morphology_review_semantics,3.530,True,False,,,,12,
2320,مدخل,entrance; entering; introduction,verified_morphology_review_semantics,4.370,True,False,,,,12,
2325,ناشط,activist,verified_morphology_review_semantics,3.780,False,False,,,,6,
2326,جدل,controversy; quarrel; debate,verified_morphology_review_semantics,4.020,True,False,,,,6,
2330,كلف,charge; entrust; commission,verified_morphology_review_semantics,4.060,True,False,,,,3,
2332,إثارة,provocation; agitation,verified_morphology_review_semantics,4.590,True,False,,,,7,
2334,تخصص,specialization; major field,verified_morphology_review_semantics,4.250,True,False,,,,6,
2341,مقاتل,murders; killings,verified_morphology_review_semantics,4.110,True,False,,,,10,
2343,مشتري,buyer,verified_morphology_review_semantics,3.250,True,False,,,,9,
2344,فائز,winner; victorious,verified_morphology_review_semantics,3.760,True,False,,,,6,
2347,تفجير,fission; splitting,verified_morphology_review_semantics,4.370,True,False,,,,18,
2348,مكرم,honored; revered,verified_morphology_review_semantics,3.310,True,False,,,,6,
2349,لاس,taste,verified_morphology_review_semantics,4.000,False,False,,,,1,
2351,مصرفي,bank; banking,verified_morphology_review_semantics,3.460,False,False,,,,6,
2352,ورد,reply,verified_morphology_review_semantics,4.850,True,False,,,,48,
2360,حرم,holy site; campus,verified_morphology_review_semantics,4.400,True,False,,,,12,
2361,والي,ruler; governor,verified_morphology_review_semantics,4.350,True,False,,,,1,
2364,توسيع,expansion; widening,verified_morphology_review_semantics,4.320,True,False,,,,6,
2369,صدور,appearance; issuance,verified_morphology_review_semantics,4.490,True,False,,,,12,
2371,إحياء,commemoration,verified_morphology_review_semantics,4.340,True,False,,,,4,
2372,تسع,nine,verified_morphology_review_semantics,4.310,True,False,,,,6,
2378,حقيبة,briefcase; suitcase; portfolio,verified_morphology_review_semantics,4.270,True,False,,,,7,
2379,بحري,free; independent,verified_morphology_review_semantics,4.020,True,False,,,,14,
2383,شعبة,branches; subdivisions,verified_morphology_review_semantics,4.220,True,False,,,,18,
2384,معي,intestines; entrails,verified_morphology_review_semantics,5.090,True,False,,,,8,
2389,نادى,announce; summon,verified_morphology_review_semantics,4.100,True,False,,,,1,
2393,س,S; 15th; (question); (hour),verified_morphology_review_semantics,4.770,True,False,,,,1,
2397,فك,mandible,verified_morphology_review_semantics,4.450,True,False,,,,12,
2399,نسمة,persons; population,verified_morphology_review_semantics,4.620,True,False,,,,14,
2400,ضغوط,pressures; stresses,verified_morphology_review_semantics,3.980,True,False,,,,6,
2402,ألخ,etc,verified_morphology_review_semantics,2.680,False,False,,,,3,
2403,أشحن,ship; freight; load,verified_morphology_review_semantics,2.230,False,False,,,,6,
2404,جناح,wing; flank,verified_morphology_review_semantics,4.350,True,False,,,,12,
2405,تنزيل,reduction; subtraction,verified_morphology_review_semantics,3.970,True,False,,,,12,
2406,مهاجم,assailant; attacker,verified_morphology_review_semantics,4.140,True,False,,,,12,
2407,كاد,almost; hardly; no sooner,verified_morphology_review_semantics,4.040,True,False,,,,2,
2408,فرح,joy; happiness; festivity,verified_morphology_review_semantics,4.290,True,False,,,,12,
2410,حرام,sin; offense,verified_morphology_review_semantics,4.460,True,False,,,,12,
2411,خاض,wage; embark; carry out,verified_morphology_review_semantics,3.900,True,False,,,,1,
2412,مالكي,proprietor; holder,verified_morphology_review_semantics,3.690,True,False,,,,16,
2417,نداء,call; appeal; invitation; summons,verified_morphology_review_semantics,4.390,True,False,,,,4,
2419,متطلبات,requirements,verified_morphology_review_semantics,4.170,False,False,,,,14,
2422,أقدم,offer; present; introduce,verified_morphology_review_semantics,4.860,True,False,,,,6,
2424,أكل,eat; consume,verified_morphology_review_semantics,4.370,True,False,,,,7,
2425,وقود,leaders; commanders,verified_morphology_review_semantics,4.110,True,False,,,,60,
2427,توالي,continuous succession; consecutive,verified_morphology_review_semantics,2.940,True,False,,,,4,
2434,نقر,ratify; accept,verified_morphology_review_semantics,3.320,True,False,,,,10,
2437,تواجد,presence,verified_morphology_review_semantics,4.340,True,False,,,,6,
2438,إعلاني,publicity,verified_morphology_review_semantics,2.940,False,False,,,,6,
2443,تحتي,under; infra-,verified_morphology_review_semantics,3.110,False,False,,,,6,
2450,خاطئ,mistaken; at fault,verified_morphology_review_semantics,4.080,True,False,,,,6,
2451,مخابرات,intelligence service; secret service,verified_morphology_review_semantics,3.750,False,False,,,,7,
2454,سكن,housing,verified_morphology_review_semantics,4.250,True,False,,,,6,
2455,ملح,urgent; pressing; insistent,verified_morphology_review_semantics,4.020,True,False,,,,6,
2456,اتش,H,verified_morphology_review_semantics,3.900,False,False,,,,1,
2457,متظاهر,demonstrator,verified_morphology_review_semantics,3.290,True,False,,,,6,
2458,دوم,continuance; permanence,verified_morphology_review_semantics,4.040,True,False,,,,6,
2461,شي,roasting; grilling,verified_morphology_review_semantics,4.930,True,False,,,,6,
2465,صبر,patience; endurance,verified_morphology_review_semantics,3.910,True,False,,,,6,
2468,متبقي,residue; remnant,verified_morphology_review_semantics,3.080,False,False,,,,6,
2471,متطور,developed; advanced; sophisticated,verified_morphology_review_semantics,3.610,False,False,,,,6,
2472,معتبر,considered; regarded; considerable,verified_morphology_review_semantics,3.000,True,False,,,,6,
2474,صدد,respect; regard; purpose,verified_morphology_review_semantics,2.980,False,False,,,,6,
2475,شال,carry; lift,verified_morphology_review_semantics,3.200,True,False,,,,2,
2477,عماد,major general,verified_morphology_review_semantics,4.400,True,False,,,,18,
2478,ماجستير,master's degree,verified_morphology_review_semantics,4.080,False,False,,,,6,
2479,كاريكاتور,caricature; cartoon,verified_morphology_review_semantics,2.390,False,False,,,,6,
2485,حاجز,obstacle; blockade,verified_morphology_review_semantics,4.220,True,False,,,,6,
2487,ون,buzz; drone,verified_morphology_review_semantics,4.260,True,False,,,,1,
2488,موديل,model; pattern,verified_morphology_review_semantics,3.910,False,False,,,,6,
2489,مستجد,recent; incipient,verified_morphology_review_semantics,3.150,False,False,,,,6,
2492,كردي,Kurdish,verified_morphology_review_semantics,3.580,True,False,,,,6,
2495,شريحة,slice; slide,verified_morphology_review_semantics,4.230,False,False,,,,7,
2496,ميز,distinguish; differentiate; discriminate,verified_morphology_review_semantics,3.680,True,False,,,,1,
2497,بيد,hand,verified_morphology_review_semantics,4.710,True,False,,,,9,
2500,ميداني,field; survey,verified_morphology_review_semantics,3.620,False,False,,,,6,
2501,توفر,provide; fulfill,verified_morphology_review_semantics,4.750,True,False,,,,9,
2502,توصيل,connection; contact,verified_morphology_review_semantics,4.310,True,False,,,,12,
2505,كيلو,kilo; kilogram,verified_morphology_review_semantics,4.650,False,False,,,,1,
2508,روحي,alcoholic,verified_morphology_review_semantics,4.240,True,False,,,,12,
2514,هدي,guidance; direction,verified_morphology_review_semantics,3.810,True,False,,,,7,
2516,حضاري,civilized; cultural,verified_morphology_review_semantics,3.210,False,False,,,,6,
2520,دقيق,precise; minute; delicate,verified_morphology_review_semantics,4.330,True,False,,,,6,
2524,كت,hum softly,verified_morphology_review_semantics,3.120,False,False,,,,1,
2527,دفعة,class (alumni); group (graduates),verified_morphology_review_semantics,4.170,True,False,,,,35,
2530,محلل,analyst,verified_morphology_review_semantics,3.730,True,False,,,,6,
2537,كادر,cadre,verified_morphology_review_semantics,3.430,False,False,,,,6,
2538,مؤسس,founding; constituent,verified_morphology_review_semantics,4.540,True,False,,,,6,
2539,ممارس,practicing; pursuing; implementing; exercising,verified_morphology_review_semantics,3.210,True,False,,,,6,
2540,طارئة,incident; contingent,verified_morphology_review_semantics,3.990,True,False,,,,7,
2541,تسيير,propulsion; steering; guidance,verified_morphology_review_semantics,3.730,False,False,,,,6,
2542,أولائك,they; those,verified_morphology_review_semantics,3.410,False,False,,,,1,
2543,مصرع,death; fatality,verified_morphology_review_semantics,3.690,True,False,,,,6,
2545,بائع,vendor; merchant,verified_morphology_review_semantics,4.030,True,False,,,,6,
2546,أنهى,complete; communicate,verified_morphology_review_semantics,4.120,True,False,,,,6,
2548,تنازل,concession; waiver; yielding,verified_morphology_review_semantics,3.910,True,False,,,,6,
2549,فريد,unique; incomparable; exceptional,verified_morphology_review_semantics,4.580,True,False,,,,6,
2550,كيلومتر,kilometer(s),verified_morphology_review_semantics,4.360,True,False,,,,6,
2553,بقر,cows,verified_morphology_review_semantics,3.370,True,False,,,,9,
2555,ذاك,that,verified_morphology_review_semantics,4.830,True,False,,,,1,
2558,سجاد,worshiper,verified_morphology_review_semantics,3.550,True,False,,,,18,
2561,جالية,expatriate community; colony,verified_morphology_review_semantics,3.300,False,False,,,,7,
2565,نصح,be correct; be true,verified_morphology_review_semantics,3.520,True,False,,,,6,
2566,نمى,make grow; advance,verified_morphology_review_semantics,2.930,True,False,,,,2,
2567,تعاقد,contract; agreement,verified_morphology_review_semantics,3.570,True,False,,,,6,
2570,تسمية,appellation; designation; naming,verified_morphology_review_semantics,4.300,True,False,,,,7,
2571,خصيص,friend; confidant,verified_morphology_review_semantics,1.410,False,False,,,,6,
2572,إهداء,presenting; leading,verified_morphology_review_semantics,3.740,True,False,,,,8,
2573,حرج,thicket; forest,verified_morphology_review_semantics,3.870,True,False,,,,12,
2574,مثابة,virtually; tantamount to,verified_morphology_review_semantics,2.520,True,False,,,,7,
2576,معلن,announced; posted; declared,verified_morphology_review_semantics,3.540,False,False,,,,6,
2578,حلف,treaty; alliance; pact,verified_morphology_review_semantics,4.200,True,False,,,,12,
2581,هاتفي,telephone; telephonic,verified_morphology_review_semantics,4.110,False,False,,,,6,
2582,صريح,candid; sincere,verified_morphology_review_semantics,4.160,True,False,,,,6,
2583,بذل,strive; exert,verified_morphology_review_semantics,4.070,True,False,,,,1,
2584,ميل,inclination; tendency; sympathy,verified_morphology_review_semantics,4.730,True,False,,,,12,
2585,مشدد,strengthening; intensifying,verified_morphology_review_semantics,3.060,False,False,,,,18,
2587,خرطوم,trunk; proboscis,verified_morphology_review_semantics,3.210,True,False,,,,12,
2588,مصارعة,fighter; combatant; wrestler,verified_morphology_review_semantics,3.780,True,False,,,,14,
2589,أشبه,resemble; be similar,verified_morphology_review_semantics,4.340,False,False,,,,8,
2590,حزم,determination; resoluteness,verified_morphology_review_semantics,4.080,True,False,,,,18,
2591,تأشير,visa; mark,verified_morphology_review_semantics,2.290,False,False,,,,6,
2596,معد,prepared; destined,verified_morphology_review_semantics,3.890,True,False,,,,6,
2597,تكنولوجي,technological,verified_morphology_review_semantics,3.330,False,False,,,,6,
2599,ساوى,settle; be equivalent; equalize,verified_morphology_review_semantics,2.590,True,False,,,,1,
2602,آي,I,verified_morphology_review_semantics,4.730,False,False,,,,2,
2606,عنيف,violent; forceful,verified_morphology_review_semantics,4.180,True,False,,,,6,
2610,رضى,approval; pleasure,verified_morphology_review_semantics,4.010,True,False,,,,1,
2612,آباء,fathers; ancestors,verified_morphology_review_semantics,3.730,True,False,,,,4,
2614,منتهي,finished; expired,verified_morphology_review_semantics,3.660,False,False,,,,9,
2616,تلبية,compliance with; responding to,verified_morphology_review_semantics,3.950,True,False,,,,7,
2622,لبن,son,verified_morphology_review_semantics,3.850,True,False,,,,30,
2623,جلوكوما,glaucoma,verified_morphology_review_semantics,1.390,False,False,,,,1,
2629,تمكين,enabling; making possible; strengthening,verified_morphology_review_semantics,4.140,True,False,,,,6,
2630,عائلي,family; domestic,verified_morphology_review_semantics,3.680,False,False,,,,6,
2631,مضاف,added,verified_morphology_review_semantics,3.090,False,False,,,,6,
2634,جزاء,reward; punishment; penalty,verified_morphology_review_semantics,4.220,True,False,,,,8,
2636,فرعي,sub-branch; subdivisional; sub-sectional,verified_morphology_review_semantics,3.250,True,False,,,,6,
2637,قبيل,shortly before,verified_morphology_review_semantics,4.380,True,False,,,,10,
2638,منفذ,executor; executant,verified_morphology_review_semantics,4.070,True,False,,,,18,
2639,طرد,expulsion; dismissal; kicking out,verified_morphology_review_semantics,4.480,True,False,,,,12,
2640,إلقاء,delivering; throwing; arresting,verified_morphology_review_semantics,4.450,True,False,,,,8,
2643,شيعة,community,verified_morphology_review_semantics,4.180,True,False,,,,11,
2644,ذكاء,cleverness,verified_morphology_review_semantics,4.120,True,False,,,,4,
2653,إساءة,insult; affront; harm,verified_morphology_review_semantics,3.950,True,False,,,,14,
2658,أوائل,ancients,verified_morphology_review_semantics,4.530,True,False,,,,8,
2664,نفطي,petroleum; oil,verified_morphology_review_semantics,2.980,False,False,,,,6,
2668,تسلم,be conceded; be granted,verified_morphology_review_semantics,4.340,True,False,,,,11,
2673,نصرة,assistance; backing,verified_morphology_review_semantics,3.870,False,False,,,,7,
2676,تأجيل,postponement; delay,verified_morphology_review_semantics,4.250,False,False,,,,6,
2677,سباحة,swimmer,verified_morphology_review_semantics,3.980,True,False,,,,14,
2679,متضمن,included; implied,verified_morphology_review_semantics,2.560,False,False,,,,12,
2680,دهن,oil; grease; fat,verified_morphology_review_semantics,3.530,True,False,,,,12,
2681,فلك,dent; notch; nick,verified_morphology_review_semantics,4.030,True,False,,,,48,
2683,لغوي,language; linguistic,verified_morphology_review_semantics,3.640,True,False,,,,12,
2685,تعذيب,torture; punishment,verified_morphology_review_semantics,4.040,True,False,,,,6,
2686,مفضل,favorite; preferred,verified_morphology_review_semantics,3.300,True,False,,,,6,
2687,قصيم,fragile,verified_morphology_review_semantics,1.270,False,False,,,,6,
2690,مبوب,classified; arranged,verified_morphology_review_semantics,1.810,False,False,,,,6,
2694,إثبات,confirmation; verification,verified_morphology_review_semantics,4.400,True,False,,,,6,
2700,باحة,courtyard; plaza,verified_morphology_review_semantics,3.350,False,False,,,,7,
2701,رجيم,diet,verified_morphology_review_semantics,3.670,True,False,,,,6,
2705,صيفي,summer; estival,verified_morphology_review_semantics,3.530,True,False,,,,6,
2706,متجدد,modernized; renewed; revived,verified_morphology_review_semantics,3.120,False,False,,,,6,
2711,طلع,appear; rise,verified_morphology_review_semantics,3.890,True,False,,,,1,
2713,عصابة,gang; band,verified_morphology_review_semantics,4.300,True,False,,,,7,
2714,شبابي,youthful; juvenile,verified_morphology_review_semantics,3.610,False,False,,,,6,
2717,تشكيلي,visual,verified_morphology_review_semantics,2.830,True,False,,,,6,
2718,سائر,remaining,verified_morphology_review_semantics,3.950,True,False,,,,12,
2720,حماة,protectors; patrons,verified_morphology_review_semantics,4.270,True,False,,,,14,
2722,مزية,feature; advantage,verified_morphology_review_semantics,2.920,True,False,,,,7,
2723,طيبة,good nature; goodness,verified_morphology_review_semantics,4.570,True,False,,,,7,
2725,توسع,expansion,verified_morphology_review_semantics,4.180,True,False,,,,6,
2726,نوى,intend; consider,verified_morphology_review_semantics,3.600,True,False,,,,1,
2728,جرام,gram,verified_morphology_review_semantics,3.830,True,False,,,,6,
2729,أسر,capture; captivity,verified_morphology_review_semantics,4.230,True,False,,,,18,
2731,إنكليزي,English,verified_morphology_review_semantics,3.210,True,False,,,,6,
2733,حائل,obstacle; partition,verified_morphology_review_semantics,4.080,True,False,,,,6,
2734,ودع,let; allow,verified_morphology_review_semantics,3.660,True,False,,,,8,
2737,قيادي,leader; commander,verified_morphology_review_semantics,3.890,False,False,,,,7,
2738,زهور,flowers,verified_morphology_review_semantics,3.900,True,False,,,,6,
2739,جواز,permit; authorization,verified_morphology_review_semantics,4.430,True,False,,,,6,
2743,إعمار,building; construction,verified_morphology_review_semantics,3.700,True,False,,,,12,
2745,رعب,fright; terror,verified_morphology_review_semantics,4.110,True,False,,,,6,
2749,هادف,committed; goal-oriented,verified_morphology_review_semantics,3.040,False,False,,,,6,
2752,لفظ,word; term; expression,verified_morphology_review_semantics,4.050,True,False,,,,11,
2753,مبحث,research; investigation,verified_morphology_review_semantics,2.660,False,False,,,,6,
2755,جهوي,provincial; regional,verified_morphology_review_semantics,2.620,False,False,,,,6,
2759,كلوة,kidney,verified_morphology_review_semantics,1.730,True,False,,,,7,
2762,جانبي,side; lateral; marginal,verified_morphology_review_semantics,4.250,False,False,,,,6,
2766,مغترب,expatriate; foreigner,verified_morphology_review_semantics,3.220,False,False,,,,6,
2767,أحل,begin; arrive,verified_morphology_review_semantics,3.760,True,False,,,,8,
2770,ميليشيا,militia,verified_morphology_review_semantics,3.950,False,False,,,,1,
2773,إف,F,verified_morphology_review_semantics,4.360,False,False,,,,1,
2775,منتظر,anticipated; expected,verified_morphology_review_semantics,3.640,True,False,,,,6,
2780,تسريح,authorization; permission,verified_morphology_review_semantics,3.410,True,False,,,,12,
2782,حفر,pits; holes,verified_morphology_review_semantics,4.260,True,False,,,,12,
2784,ذنب,fault; offense; misdeed,verified_morphology_review_semantics,4.150,True,False,,,,12,
2788,سب,curse; swear,verified_morphology_review_semantics,3.780,True,False,,,,1,
2789,محضر,attendance; report; minutes,verified_morphology_review_semantics,3.270,False,False,,,,12,
2791,متكرر,repeated; frequent; recurring,verified_morphology_review_semantics,3.810,False,False,,,,6,
2794,حارة,quarter; section,verified_morphology_review_semantics,3.960,True,False,,,,14,
2795,مرجعية,authority,verified_morphology_review_semantics,3.670,True,False,,,,7,
2800,تأسس,be established; be founded,verified_morphology_review_semantics,3.890,False,False,,,,1,
2801,تمهيد,preparation; facilitating; paving,verified_morphology_review_semantics,3.420,True,False,,,,6,
2807,غنى,wealth,verified_morphology_review_semantics,4.200,True,False,,,,1,
2809,دال,indicating; proving,verified_morphology_review_semantics,3.610,True,False,,,,6,
2810,تولي,taking charge of; assuming responsibility,verified_morphology_review_semantics,4.390,True,False,,,,8,
2819,شابة,young woman,verified_morphology_review_semantics,4.310,True,False,,,,7,
2823,مفوضية,legation; delegation,verified_morphology_review_semantics,3.700,False,False,,,,7,
2824,تأخر,be delayed; be postponed,verified_morphology_review_semantics,4.410,True,False,,,,1,
2826,مصنف,classified; ranked; seeded,verified_morphology_review_semantics,3.590,True,False,,,,6,
2832,سكة,road,verified_morphology_review_semantics,3.880,True,False,,,,7,
2833,تطرق,reach,verified_morphology_review_semantics,3.930,True,False,,,,11,
2835,خاضع,subservient; obedient; subject,verified_morphology_review_semantics,3.450,True,False,,,,6,
2836,مرافق,accompaning; attached,verified_morphology_review_semantics,4.060,True,False,,,,6,
2837,خوض,waging; embarking; carrying out,verified_morphology_review_semantics,4.080,False,False,,,,6,
2838,سلف,ancestors,verified_morphology_review_semantics,3.890,True,False,,,,24,
2842,تنموي,developmental; growth-related,verified_morphology_review_semantics,3.100,False,False,,,,6,
2848,محرر,written; booked,verified_morphology_review_semantics,4.020,True,False,,,,12,
2849,مكنة,machine,verified_morphology_review_semantics,2.690,True,False,,,,21,
2850,نقابي,union; syndicate,verified_morphology_review_semantics,2.900,False,False,,,,12,
2851,صافي,net,verified_morphology_review_semantics,4.170,True,False,,,,1,
2853,نبع,emerge; originate; emanate,verified_morphology_review_semantics,3.720,True,False,,,,1,
2854,مرفق,convenience; amenity; facility,verified_morphology_review_semantics,3.640,True,False,,,,6,
2857,مصلي,people praying; people worshipping,verified_morphology_review_semantics,3.050,False,False,,,,8,
2858,لوح,blackboard; slate,verified_morphology_review_semantics,3.910,True,False,,,,6,
2864,أجرة,fees; charges,verified_morphology_review_semantics,4.130,True,False,,,,11,
2867,فيلا,villa,verified_morphology_review_semantics,4.390,False,False,,,,5,
2868,أصيل,authentic; indigenous; permanent,verified_morphology_review_semantics,3.570,True,False,,,,6,
2874,وظيفي,functional,verified_morphology_review_semantics,3.400,False,False,,,,6,
2878,تمسك,adherence; commitment,verified_morphology_review_semantics,4.190,True,False,,,,6,
2882,لمسة,touch; tinge; trace,verified_morphology_review_semantics,3.900,False,False,,,,12,
2883,ك,K; 11th; (kilo-),verified_morphology_review_semantics,4.870,True,False,,,,1,
2884,مطور,changing; developing,verified_morphology_review_semantics,3.640,False,False,,,,6,
2894,عائش,living; alive,verified_morphology_review_semantics,2.310,True,False,,,,6,
2897,عطل,malfunction; breakdown; failure,verified_morphology_review_semantics,3.880,True,False,,,,12,
2898,تهريب,smuggling; illicit trade; contrabandage,verified_morphology_review_semantics,4.080,True,False,,,,6,
2900,زفة,procession,verified_morphology_review_semantics,2.940,False,False,,,,7,
2903,محتاج,in need; wanting; requiring,verified_morphology_review_semantics,3.740,True,False,,,,6,
2905,كسب,acquisition; gain; profit,verified_morphology_review_semantics,4.370,True,False,,,,9,
2908,عطية,gift; present,verified_morphology_review_semantics,3.970,True,False,,,,7,
2910,ح,H; 8th,verified_morphology_review_semantics,4.200,True,False,,,,1,
2912,روبل,ruble,verified_morphology_review_semantics,3.390,False,False,,,,6,
2917,أوحى,occur,verified_morphology_review_semantics,3.180,True,False,,,,6,
2919,نفوذ,influence; effect,verified_morphology_review_semantics,4.040,True,False,,,,6,
2920,طعن,stabbing; challenging,verified_morphology_review_semantics,3.920,True,False,,,,6,
2924,منظر,view; scenery; appearance,verified_morphology_review_semantics,4.220,True,False,,,,6,
2927,مبيد,destructive; exterminating,verified_morphology_review_semantics,3.420,False,False,,,,6,
2928,ترويج,furtherance; promotion; distribution; marketing,verified_morphology_review_semantics,3.700,True,False,,,,6,
2929,نبض,beating; palpitation; throbbing,verified_morphology_review_semantics,4.040,True,False,,,,12,
2930,مفاجئ,surprising; unexpected,verified_morphology_review_semantics,4.150,False,False,,,,6,
2931,رتبة,level; degree; rank,verified_morphology_review_semantics,3.940,True,False,,,,11,
2933,تفضيل,preference; esteem,verified_morphology_review_semantics,3.800,True,False,,,,6,
2937,تصدي,resistance; confrontation,verified_morphology_review_semantics,3.000,True,False,,,,4,
2938,حصر,exclusive; limited; strict,verified_morphology_review_semantics,4.010,True,False,,,,18,
2939,أرجنتيني,Argentine,verified_morphology_review_semantics,2.690,True,False,,,,6,
2940,داعم,supporting; strengthening,verified_morphology_review_semantics,3.540,False,False,,,,6,
2942,سائل,asking,verified_morphology_review_semantics,4.050,True,False,,,,6,
2943,ملأك,filling; quantity,verified_morphology_review_semantics,1.210,True,False,,,,28,
2946,مستعير,borrower,verified_morphology_review_semantics,1.560,False,False,,,,6,
2947,نزيل,inmate; tenant,verified_morphology_review_semantics,3.320,True,False,,,,6,
2949,مرء,man; person,verified_morphology_review_semantics,2.050,True,False,,,,1,
2950,أبلغ,reach; attain,verified_morphology_review_semantics,4.320,True,False,,,,6,
2954,صعود,ascent; rising,verified_morphology_review_semantics,4.190,True,False,,,,6,
2956,عزم,determination; firm resolve,verified_morphology_review_semantics,3.970,True,False,,,,6,
2960,جنب,next to,verified_morphology_review_semantics,4.640,True,False,,,,8,
2963,بضع,some; several,verified_morphology_review_semantics,4.590,True,False,,,,12,
2966,إضراب,strike; stoppage,verified_morphology_review_semantics,3.840,True,False,,,,6,
2968,إعجاز,inimitability,verified_morphology_review_semantics,3.070,True,False,,,,6,
2969,ش,SH; 21st; (street),verified_morphology_review_semantics,4.390,True,False,,,,1,
2971,عدا,count; consider; deem,verified_morphology_review_semantics,4.700,True,False,,,,2,
2972,رحبة,wide area; courtyard,verified_morphology_review_semantics,2.930,False,False,,,,14,
2974,حاسم,decisive; critical,verified_morphology_review_semantics,3.820,True,False,,,,6,
2977,معرب,declaring; expressing,verified_morphology_review_semantics,3.010,False,False,,,,12,
2978,تفقد,be lost,verified_morphology_review_semantics,4.490,True,False,,,,9,
2979,ثبت,be stable; be established,verified_morphology_review_semantics,4.440,True,False,,,,15,
2980,مجوهر,decorated,explicit_review_required,0.000,False,False,,,,6,
2981,إعاقة,hindering; impeding,verified_morphology_review_semantics,3.830,False,False,,,,7,
2984,لجن,adhere; cling; stick,verified_morphology_review_semantics,2.160,True,False,,,,4,
2989,أدخل,be entered,verified_morphology_review_semantics,4.250,True,False,,,,5,
2993,تحسن,improvement,verified_morphology_review_semantics,4.230,True,False,,,,6,
2994,مطالب,demands; desiderata,verified_morphology_review_semantics,4.290,False,False,,,,16,
2995,حلول,solutions; dissolutions; cancellations,verified_morphology_review_semantics,4.620,True,False,,,,12,
