rank,source_front,front,paper_pos,camel_pos,camel_roots,camel_glosses,repair_method,confidence,note
1,في,في,P\PRE,prep,,in,exact,high,
2,أن,أن,P\PO,conj_sub,,that,exact,high,
3,من,من,P\PRE | N\RP,prep,,from,exact,high,
4,على,على,P\PRE,prep,,on;above,exact,high,
5,لا,لا,P\PO,part_neg,,no;not,exact,high,
6,إلى,إلى,P\PRE,prep,,to;towards,exact,high,
7,هذا,هذا,N\DE,pron_dem,,this,exact,unresolved,Multiple equally plausible same-POS MSA repairs.
8,كان,كان,V\VP,verb,,was;were+he;it <verb>,exact,high,
9,إن,إن,P\PO,abbrev | verb_pseudo,,N. | and;so+that;indeed,exact,unresolved,Multiple equally plausible same-POS MSA repairs.
10,ما,ما,N\RP,pron_rel | conj_sub | part_neg | pron_interrog,,what | while;during which | and;so+not | with what,exact,unresolved,Multiple equally plausible same-POS MSA repairs.
11,له,له,P\PRE,prep,,to;for + it;him (it;he has),exact,high,
12,أنا,أنا,PRO,pron,,I,exact,high,
13,عن,عن,P\PRE,prep,,from;about,exact,high,
14,ذلك,ملك,N\DE,noun,م ل ك,the+king+[def.nom.],fuzzy_repair,high,Repaired malformed/POS-incompatible PDF form by unique same-POS MSA candidate (distance 1).
15,مع,معا,ADV,adv,,together,fuzzy_repair,high,Repaired malformed/POS-incompatible PDF form by unique same-POS MSA candidate (distance 1).
16,به,به,P\PRE,prep,,with;by + it;them;her,exact,high,
17,يكون,يكون,V\VI,verb,,was;were+he;it <verb>,exact,high,
18,لم,لم,P\PO,part_neg,,not,exact,high,
19,أنت,أنت,PRO,pron,,you [masc.sg.],exact,high,
20,هل,هل,P\QU,part_interrog,,does;do?;did?;is;are?,exact,high,
21,التي,التي,N\RP,pron_rel,,which;who;whom [fem.sg.],exact,unresolved,Multiple equally plausible same-POS MSA repairs.
22,ليس,ليس,V\VP,verb,,be valiant+he;it <verb>,exact,high,
23,لكن,لكن,P\PO,conj,,however,exact,high,
24,كل,كل,N\CN | V\VR,noun,ك ل ل,every;all+[def.gen.],exact,high,
25,هذه,هذه,N\DE,pron_dem,,this,exact,unresolved,Multiple equally plausible same-POS MSA repairs.
26,يا,يا,P\PO,part_voc,,oh;you,exact,high,
27,الذي,الذي,N\RP,pron_rel,,which;who;whom [fem.sg.],exact,unresolved,Multiple equally plausible same-POS MSA repairs.
28,هو,هو,PRO,pron,,it;he,exact,high,
29,لقد,لقد,P\PO,part_verb,,(has;have),exact,high,
30,شيء,شيء,N\CN,noun,,something,exact,high,
31,ماذا,ماذا,P\QU,pron_interrog,,what,exact,high,
32,حسنا,حسنا,N\CN,noun,ح س ن,good,exact,high,
33,يريد,يريد,V\VI,verb,,he;it+want;desire;intend,exact,high,
34,هنا,هنا,ADV,adv,,here,exact,high,
35,قال,قال,V\VP,verb,,said+he;it <verb>,exact,high,
36,يمكن,يمكن,V\VI,verb,م ك ن,he;it+be possible;make possible for,exact,high,
37,بعد,بعد,ADV,noun | verb,ب ع د,dimension;distance+[def.acc.] | it;they;she+be distant,exact,unresolved,No sufficiently close same-POS MSA validation candidate.
38,أي,أي,P\PO | N\CN,pron_interrog | noun_quant,,which | any,exact,high,
39,يعرف,يعرف,V\VI,verb,ع ر ف,it;they;she+know,exact,high,
40,هناك,هناك,ADV,adv,,there;there (is;are),exact,high,
41,لدى,لدى,ADV,noun,,with;by,exact,unresolved,No sufficiently close same-POS MSA validation candidate.
42,اآلن,الآن,ADV,noun,,the+time;moment+[def.acc.],source_override,unresolved,No sufficiently close same-POS MSA validation candidate.
43,أو,أو,P\CO,conj,,or,exact,high,
44,إذا,إذا,ADV,conj,,if;whether,exact,unresolved,No sufficiently close same-POS MSA validation candidate.
45,عم,نعم,P\PO,interj | verb | noun,ن ع م,yes | he;it+live in comfort;be delighted;enjoy | by;with+wonderful+[indef.gen.],source_override,unresolved,No sufficiently close same-POS MSA validation candidate.
46,رئيس,رئيس,N\CN,noun,,president;head;chairman+[def.nom.],exact,high,
47,عام,عام,N\CN | ADJ,adj | noun,ع م م,the+general;common;public+[def.gen.] | year+[def.acc.],exact,high,
48,هي,هي,PRO,pron,,it;they;she,exact,high,
49,يوم,يوم,N\CN,noun,,the+day+[def.acc.],exact,high,
50,سيد,سيد,N\CN,,,,exact,unresolved,Multiple equally plausible same-POS MSA repairs.
51,بين,بين,ADV | V\VP,verb,,I+declare;demonstrate,exact,high,
52,قد,قد,P\PO,part_verb,,(has;have),exact,high,
53,بعض,بعض,N\CN,noun,ع ض ض,by;with+biting+[def.gen.],exact,high,
54,فقط,فقط,KH,adv,ف ق ط,only,exact,high,
55,لن,لن,P\PO,part_neg,,(will) not,exact,high,
56,حتى,حتى,P\PRE,prep,,until;up to,exact,high,
57,أمر,أمر,N\CN | V\VP,noun | verb,,the+matter;issue+[def.nom.] | and+command;order;prescribe+he;it <verb>,exact,high,
58,عمل,عمل,N\CN | V\VP,noun | verb,ع م ل,the+work;action+[def.gen.] | it;they;she+work;function;act,exact,high,
59,يجب,يجب,V\VI,verb,,he;it+be necessary;be incumbent,exact,high,
60,أحد,أحد,N\CN,noun,,one;someone+[def.nom.],exact,high,
61,وقت,وقت,N\CN,noun,,the+time;moment;period of time+[def.gen.],exact,high,
62,أجل,أجل,P\PO,noun | verb,,for sake of;because of+[def.gen.] | postpone;delay+it;they;she <verb>,exact,unresolved,No sufficiently close same-POS MSA validation candidate.
63,قبل,قبل,V\VP,verb,ق ب ل,it;they;she+accept;receive;approve,exact,high,
64,خالل,خالل,ADV,,,,exact,unresolved,No sufficiently close same-POS MSA validation candidate.
65,نفس,نفس,N\CN,noun,ن ف س,soul+its;his,exact,high,
66,يفعل,يفعل,V\VI,verb,ف ع ل,he;it+do;act,exact,high,
67,يعتقد,يعقد,V\VI,verb,ع ق د,be held;be convened;be concluded+it;they;she <verb>,fuzzy_repair,high,Repaired malformed/POS-incompatible PDF form by unique same-POS MSA candidate (distance 1).
68,يستطيع,يتطلع,V\VI,verb,ط ل ع,he;it+aspire;look (forward) to,fuzzy_repair,medium,Repaired malformed/POS-incompatible PDF form by unique same-POS MSA candidate (distance 2).
69,كما,كما,P\PO,conj,,and;as;also,exact,high,
70,رجل,رجل,N\CN,noun,ر ج ل,the+man+[def.acc.],exact,high,
71,عندما,عندما,ADV,noun,ع ن د,with;at,exact,unresolved,No sufficiently close same-POS MSA validation candidate.
72,كيف,كي,P\QU,conj,,in order to,fuzzy_repair,high,Repaired malformed/POS-incompatible PDF form by unique same-POS MSA candidate (distance 1).
73,حن,نحن,PRO,pron,,we,source_override,high,Official Table 4 text resolves PDF extraction artifact.
74,أول,أول,N\CNU,adj,,the+first+[def.gen.],exact,unresolved,Multiple equally plausible same-POS MSA repairs.
75,جيد,جيد,ADJ,adj,,good+[acc.indef.],exact,high,
76,يقول,يقول,V\VI,verb,,said+he;it <verb>,exact,high,
77,يرى,يرى,V\VI,verb,,he;it+kindle;light,exact,high,
78,غير,غير,P\EX | V\VP,verb,,it;they;she+change;modify,exact,high,
79,واحد,واحد,N\CNU,noun,,one+[indef.gen.],exact,high,
80,جديد,جديد,ADJ,adj,ج د د,new;modern+[fem.sg.],exact,high,
81,أكثر,أثر,N\CN,noun,,effects;traces+[def.gen.],fuzzy_repair,high,Repaired malformed/POS-incompatible PDF form by unique same-POS MSA candidate (distance 1).
82,مثل,مثل,N\CN,noun,م ث ل,same;like+[def.acc.],exact,high,
83,جدا,جدا,N\CN,noun,ج د د,seriousness;earnestness+[acc.indef.],exact,high,
84,آخر,آخر,N\CN,noun,,end;last+[def.acc.],exact,high,
85,سوف,سوف,P\PO,part_fut,,will;shall,exact,high,
86,كبير,كبير,ADJ,adj,ك ب ر,large;great;important+[fem.sg.],exact,high,
87,فريق,فريق,N\CN,noun,ف ر ق,team;band+[def.gen.],exact,high,
88,كثير,كبير,ADJ,adj,ك ب ر,large;great;important+[fem.sg.],fuzzy_repair,high,Repaired malformed/POS-incompatible PDF form by unique same-POS MSA candidate (distance 1).
89,أياض,أياض,N\CN,,,,exact,unresolved,Multiple equally plausible same-POS MSA repairs.
90,تلك,ملك,N\DE,noun,م ل ك,the+king+[def.nom.],fuzzy_repair,high,Repaired malformed/POS-incompatible PDF form by unique same-POS MSA candidate (distance 1).
91,مجلس,مجلس,N\CN,noun,ج ل س,council;board;Majlis+[def.gen.],exact,high,
92,لماذا,ماذا,P\QU,pron_interrog,,what,fuzzy_repair,high,Repaired malformed/POS-incompatible PDF form by unique same-POS MSA candidate (distance 1).
93,أم,أم,P\PO | N\CN,conj | noun,,or | the+mother;maternal+[def.nom.],exact,high,
94,فعل,فعل,V\VP,verb,ف ع ل,he;it+do;act,exact,high,
95,عدد,عدد,N\CN,noun,ع د د,number;quantity;issue+[indef.gen.],exact,high,
96,يذهب,يذهب,V\VI,verb,ذ ه ب,take (with)+he;it <verb>,exact,high,
97,أخرى,أخرى,ADJ,adj,,other;another,exact,high,
98,كذلك,كذلك,N\DE,pron_dem,,that,exact,unresolved,Multiple equally plausible same-POS MSA repairs.
99,شخص,شخص,N\CN,noun,ش خ ص,individual;person+[indef.gen.],exact,high,
100,مرة,مرة,N\CN,noun,م ر ر,once;one time+[fem.sg.],exact,high,
101,أمس,أمس,ADV,noun | adj,م س س,yesterday | by;with+urgent+[def.gen.],exact,unresolved,No sufficiently close same-POS MSA validation candidate.
102,حيث,حين,ADV,adv,,sometimes;occasionally+[acc.indef.],fuzzy_repair,high,Repaired malformed/POS-incompatible PDF form by unique same-POS MSA candidate (distance 1).
103,حياة,حياة,N\CN,noun,,the+life+[fem.sg.],exact,high,
104,منذ,منذ,ADV,conj,,since;ago,exact,unresolved,No sufficiently close same-POS MSA validation candidate.
105,ربما,ربما,P\PO,adv,ر ب ب,perhaps;maybe,exact,unresolved,No sufficiently close same-POS MSA validation candidate.
106,أين,أن,P\QU,conj_sub,,that,fuzzy_repair,high,Repaired malformed/POS-incompatible PDF form by unique same-POS MSA candidate (distance 1).
107,جميع,جميع,N\CN,noun,ج م ع,all of;every one of+[def.gen.],exact,high,
108,مكان,مكان,N\CN,noun,,place;location;position+[indef.gen.],exact,high,
109,هيا,هنا,KH,adv,,here,fuzzy_repair,high,Repaired malformed/POS-incompatible PDF form by unique same-POS MSA candidate (distance 1).
110,لو,لو,P\PO,conj,,if,exact,high,
111,يبدو,يبدو,V\VI,verb,,start;begin+it;they;she <verb>,exact,high,
112,شكرا,شكرا,N\CN,noun,ش ك ر,thankfulness;thanks+[acc.indef.],exact,high,
113,سبب,سبب,N\CN | V\VP,noun | verb,س ب ب,by;with+reason;cause+[def.gen.] | he;it+cause;produce;provoke,exact,high,
114,ابن,ابن,N\CN,,,,exact,unresolved,Multiple equally plausible same-POS MSA repairs.
115,عند,عند,ADV,noun,ع ن د,with;at,exact,unresolved,No sufficiently close same-POS MSA validation candidate.
116,أفضل,فضل,N\CN,noun,ف ض ل,distinction;quality+[acc.indef.],fuzzy_repair,high,Repaired malformed/POS-incompatible PDF form by unique same-POS MSA candidate (distance 1).
117,تم,تم,V\VP,verb,ت م م,conclude;take place+he;it <verb>,exact,high,
118,دولة,دولة,N\CN,noun,,the+state;country+[fem.sg.],exact,high,
119,يعلم,يعلم,V\VI,verb,ع ل م,be known;be found out+he;it <verb>,exact,high,
120,عالم,عالم,N\CN,noun,ع ل م,the+world+[def.gen.],exact,high,
121,ماضي,ماضي,ADJ,adj,,the+past;bygone,exact,high,
122,أب,أب,N\CN,noun,,the+father,exact,high,
123,دون,دون,ADV | V\VP,noun,,inferior;poor+[def.gen.],exact,unresolved,Multiple equally plausible same-POS MSA repairs.
124,يحب,يحب,V\VI,verb,ح ب ب,he;it+love;like,exact,high,
125,يعني,يعني,V\VI,verb,,he;it+mean;signify;concern,exact,high,
126,يقوم,يقوم,V\VI,verb,,it;they;she+undertake;carry out,exact,high,
127,مرحبا,مرحبا,N\CN,adv,ر ح ب,welcome!;hello!+[acc.indef.],exact,unresolved,No sufficiently close same-POS MSA validation candidate.
128,يعمل,يعمل,V\VI,verb,ع م ل,it;they;she+work;function;act,exact,high,
129,خير,خير,N\CN,noun,,better;best+[indef.gen.],exact,high,
130,خاصة,خاصة,ADJ,adj,خ ص ص,the+special;specific+[fem.sg.],exact,high,
131,أمام,أمام,ADV,noun,,front;forward+[def.acc.],exact,unresolved,No sufficiently close same-POS MSA validation candidate.
132,شركة,شركة,N\CN,noun,ش ر ك,company;corporation+[fem.sg.],exact,high,
133,حول,حول,ADV | V\VP,verb,,change;convert;switch+he;it <verb> you,exact,high,
134,أخبر,أخبر,V\VP | V\VR,verb,خ ب ر,notify;communicate+he;it <verb> us,exact,high,
135,طريق,طريق,N\CN,noun,ط ر ق,road;way+[def.gen.],exact,high,
136,إال,إلا,P\EX,part,,however;except,fuzzy_repair,high,Repaired malformed/POS-incompatible PDF form by unique same-POS MSA candidate (distance 1).
137,حال,حال,N\CN,noun,,situation;condition;case+[def.gen.],exact,high,
138,نسبة,نسبة,N\CN,noun,ن س ب,with;by + the+link;relation+[fem.sg.],exact,high,
139,أكد,أكد,V\VP,verb,,affirm;assure;confirm;guarantee+he;it <verb>,exact,high,
140,ثم,لم,P\CO,part_neg,,not,fuzzy_repair,high,Repaired malformed/POS-incompatible PDF form by unique same-POS MSA candidate (distance 1).
141,تاريخ,تاريخ,N\CN,noun,,date;history+[def.gen.],exact,high,
142,حقا,حق,N\CN,noun,ح ق ق,rights;law+[def.gen.],fuzzy_repair,high,Repaired malformed/POS-incompatible PDF form by unique same-POS MSA candidate (distance 1).
143,أيها,أيها,P\PO,part_voc,,O! [voc.masc.],exact,high,
144,منطقة,منطقة,N\CN,noun,ن ط ق,area;zone;territory+[fem.sg.],exact,high,
145,وضع,وضع,N\CN | V\VP,noun | verb,,situation;status+[def.gen.] | put;place+it;they;she <verb>,exact,high,
146,شكل,شكل,N\CN | V\VP,noun | verb,ش ك ل,by;with+manner;form;configuration+[indef.gen.] | it;they;she+constitute;form;compose,exact,high,
147,صحيح,صحيح,ADJ,adj,ص ح ح,true;correct+[indef.nom.],exact,high,
148,آسف,أسف,N\CN,noun,,to;for + the+regret;sorry+[def.gen.],fuzzy_repair,high,Repaired malformed/POS-incompatible PDF form by unique same-POS MSA candidate (distance 1).
149,حكومة,حكومة,N\CN,noun,ح ك م,the+government;administration+[fem.sg.],exact,high,
150,يحتاج,يحتاج,V\VI,,,,exact,unresolved,No sufficiently close same-POS MSA validation candidate.
151,جانب,جانب,ADV,noun,ج ن ب,side;aspect+[def.gen.],exact,unresolved,No sufficiently close same-POS MSA validation candidate.
152,اسم,قسم,N\CN,noun,ق س م,portion+[def.gen.],fuzzy_repair,high,Repaired malformed/POS-incompatible PDF form by unique same-POS MSA candidate (distance 1).
153,أخير,أخير,ADJ,adj,,the+last;latest;recent;latter+[fem.sg.],exact,high,
154,رائع,رائع,ADJ,adj,,splendid;marvelous;magnificent+[fem.sg.],exact,high,
155,دولي,دولي,ADJ,adj,,the+international;world+[def.gen.],exact,high,
156,ناس,ناس,N\CN,noun,,the+people+[def.gen.],exact,high,
157,إدارة,إدارة,N\CN,noun,,administration;management;bureau+[fem.sg.],exact,high,
158,نشر,نشر,N\CN | V\VP,noun | verb,ن ش ر,spreading;propagation+[def.gen.] | be published;be announced;be spread+it;they;she <verb>,exact,high,
159,ثانية,ثانية,N\CN,noun,,seconds (time span)+[indef.gen.],exact,high,
160,الذين,الدين,N\RP,noun,,the+religion+[def.gen.],fuzzy_repair,high,Repaired malformed/POS-incompatible PDF form by unique same-POS MSA candidate (distance 1).
161,كلا / كال,كلا/كال,P\PO,,,,exact,unresolved,Multiple equally plausible same-POS MSA repairs. Final front is not a single Arabic-script word.
162,حق,حق,N\CN,noun,ح ق ق,rights;law+[def.gen.],exact,high,
163,مدينة,مدينة,N\CN,noun,م د ن,city+[fem.sg.],exact,high,
164,عدم,عدم,N\CN,noun,ع د م,absence of;lack of;non-+[def.gen.],exact,high,
165,حدث,حدث,V\VP,verb,ح د ث,happen;take place+he;it <verb>,exact,high,
166,اتحاد,الحاد,N\CN,noun,,sharp;intense+[fem.sg.],fuzzy_repair,high,Repaired malformed/POS-incompatible PDF form by unique same-POS MSA candidate (distance 1).
167,أولى,أولى,N\CNU,adj | verb,,the+first | he;it+devote;apply,exact,unresolved,Multiple equally plausible same-POS MSA repairs.
168,ليلة,ليلة,N\CN,noun,,night;evening+[fem.sg.],exact,high,
169,مدير,مدير,N\CN,noun,,director;manager;chief+[def.nom.],exact,high,
170,سيارة,سيارة,N\CN,noun,,the+cars;automobiles;vehicles+[fem.pl.],exact,high,
171,أضاف,أضاف,V\VP,verb,,and+add+he;it <verb>,exact,high,
172,صغير,صغير,ADJ,noun,ص غ ر,small;young+[fem.sg.],exact,unresolved,No sufficiently close same-POS MSA validation candidate.
173,وزير,وزير,N\CN,noun,,minister+[def.nom.],exact,high,
174,نادي,نادي,N\CN,noun,,club;association,exact,high,
175,قتل,قتل,N\CN | V\VP,verb | noun,ق ت ل,be killed+he;it <verb> | the+murder;killing+[def.gen.],exact,high,
176,دور,دور,N\CN,noun,,role;part+[def.gen.],exact,high,
177,بدأ,بدأ,V\VP,verb,,start;begin+it;they;she <verb>,exact,high,
178,شأن,شأن,N\CN,noun,,by;with+matter;affair+[def.gen.],exact,high,
179,قام,قام,V\VP,verb,,it;they;she+undertake;carry out,exact,high,
180,مباراة,مباراة,N\CN,noun,,match;game;competition+[fem.sg.],exact,high,
181,يأتي,يأتي,V\VI,verb,,he;it+arrive;come;reach,exact,high,
182,خارج,خارج,ADV,noun,خ ر ج,outside;exterior;outer part+[def.acc.],exact,unresolved,No sufficiently close same-POS MSA validation candidate.
183,منزل,منزل,N\CN,noun,ن ز ل,the+house;residence+[def.gen.],exact,high,
184,يوجد,يوجد,V\VI,verb,,he;it+be found;exist,exact,high,
185,مركز,مركز,N\CN,noun,ر ك ز,ranking;position+[def.gen.],exact,high,
186,لجنة,لجنة,N\CN,noun,ل ج ن,the+council;committee;commission+[fem.sg.],exact,high,
187,سياسي,سياسي,N\CN,noun,,the+politician;statesman+[masc.pl.],exact,high,
188,داخل,داخل,ADV,noun,د خ ل,interior;inside+[def.acc.],exact,unresolved,No sufficiently close same-POS MSA validation candidate.
189,قدم,قدم,N\CN | V\VP,verb | noun,ق د م,offer;present;introduce+he;it <verb> | the+foot+[def.gen.],exact,high,
190,سنة,سنة,N\CN,noun,,the+year+[fem.sg.],exact,high,
191,يتم,يتم,V\VI,verb,ت م م,conclude;take place+he;it <verb>,exact,high,
192,أمن,أمن,V\VP,verb,,he;it+insure;guarantee;secure,exact,high,
193,شرطة,شرطة,N\CN,noun,ش ر ط,the+police+[fem.sg.],exact,high,
194,لذا,لذا,N\DE,noun,ل ذ ذ,pleasant;delightful+[acc.indef.],exact,high,
195,عربية,عربية,ADJ,adj,ع ر ب,the+Arab+[fem.sg.],exact,high,
196,يتحدث,يتحدث,V\VI,verb,ح د ث,speak;discuss+he;it <verb>,exact,high,
197,مقبل,مقبل,ADJ,adj,ق ب ل,the+next;coming;approaching+[def.gen.],exact,high,
198,دع,دع,V\VR,,,,exact,unresolved,Multiple equally plausible same-POS MSA repairs.
199,يحدث,يحدث,V\VI,verb,ح د ث,happen;take place+he;it <verb>,exact,high,
200,كرة,كرة,N\CN,noun,,globe;sphere;ball+[fem.sg.],exact,high,
201,يعود,يعود,V\VI,verb,,he;it+no longer,exact,high,
202,رأى,رأى,V\VP,verb,,see;think;believe+he;it <verb>,exact,high,
203,حقيقة,حقيقة,N\CN,noun,ح ق ق,the+truth;reality+[fem.sg.],exact,high,
204,الله,الله,N\CN,,,,exact,unresolved,Multiple equally plausible same-POS MSA repairs.
205,سعيد,سعيد,ADJ,adj,س ع د,the+happy+[def.gen.],exact,high,
206,يظن,يظن,V\VI,verb,ظ ن ن,he;it+think;believe;presume,exact,high,
207,فترة,فترة,N\CN,noun,ف ت ر,the+phase;time period;interval+[fem.sg.],exact,high,
208,رجال,رجال,N\CN,noun,ر ج ل,the+man+[def.acc.],exact,high,
209,نسوات,سنوات,N\CN,noun,,the+year+[fem.sg.],fuzzy_repair,high,Repaired malformed/POS-incompatible PDF form by unique same-POS MSA candidate (distance 1).
210,أعمال,أعمال,N\CN,noun,ع م ل,the+work;action+[def.gen.],exact,high,
211,مشكلة,مشكلة,N\CN,noun,ش ك ل,problems;inconveniences;issues+[def.acc.],exact,high,
212,حالة,حالة,N\CN,noun,,condition;case;situation+[fem.sg.],exact,high,
213,حزب,حزب,N\CN,noun,ح ز ب,party;band+[def.gen.],exact,high,
214,مليون,مليون,N\CN,noun,م ل ن,million+[def.gen.],exact,high,
215,حصل,حصل,V\VP,verb,ح ص ل,obtain;acquire;get+he;it <verb>,exact,high,
216,يشعر,يشعر,V\VI,verb,ش ع ر,feel;be aware+he;it <verb>,exact,high,
217,طلب,طلب,N\CN | V\VP,noun | verb,ط ل ب,requests;demands+[fem.pl.] | request+he;it <verb>,exact,high,
218,تحقيق,تحقيق,N\CN,noun,ح ق ق,achievement;realization+[def.gen.],exact,high,
219,جميل,جميل,ADJ,noun,ج م ل,the+beautiful;nice,exact,unresolved,No sufficiently close same-POS MSA validation candidate.
220,بيت,بيت,N\CN,noun,,the+house+[def.gen.],exact,high,
221,هم,هم,N\CN,noun,ه م م,concerns;interests+[def.acc.],exact,high,
222,وزارة,وزارة,N\CN,noun,,ministry+[fem.sg.],exact,high,
223,قرار,قرار,N\CN,noun,ق ر ر,decision;resolution+[def.gen.],exact,high,
224,رغم,رغم,N\CN,noun,ر غ م,in spite of;despite+[def.acc.],exact,high,
225,ساعة,ساعة,N\CN,noun,,the+hour;time+[fem.sg.],exact,high,
226,جاء,جاء,V\VP,verb,,arrive;come;occur+he;it <verb>,exact,high,
227,أرض,أرض,N\CN,noun,,the+earth;territory+[def.gen.],exact,high,
228,يحاول,يحاول,V\VI,verb,,it;they;she+attempt,exact,high,
229,عين,عين,N\CN | V\VP,noun | verb,,to;for + the+eyes+[def.gen.] | and+appoint;assign+he;it <verb>,exact,high,
230,كي,كي,P\PO,conj,,in order to,exact,high,
231,كم,كم,P\QU,pron_rel | noun,ك م م,how many;much | the+amount;quantity+[def.gen.],exact,unresolved,Multiple equally plausible same-POS MSA repairs.
232,أيام,أيام,N\CN,noun,,the+day+[def.acc.],exact,high,
233,أصبح,أصبح,V\VP,verb,ص ب ح,become;begin;start+he;it <verb>,exact,high,
234,حسب,حسب,V\VP,verb,ح س ب,he;it+regard;consider,exact,high,
235,دائما,دائما,ADV,adj,,permanent;lasting;constant+[acc.indef.],exact,unresolved,No sufficiently close same-POS MSA validation candidate.
236,انرظ,انظر,V\VR,verb,ن ظ ر,he;it+look;observe;see,fuzzy_repair,high,Repaired malformed/POS-incompatible PDF form by unique same-POS MSA candidate (distance 1).
237,طريقة,طريقة,N\CN,noun,ط ر ق,method;procedure+[fem.sg.],exact,high,
238,فيما,فيما,N\RP,conj_sub,,while;during which,exact,unresolved,Multiple equally plausible same-POS MSA repairs.
239,صديق,صديق,N\CN,noun,ص د ق,the+friend+[def.nom.],exact,high,
240,عرض,عرض,V\VP,verb,ع ر ض,exhibit;present;review;inspect+he;it <verb>,exact,high,
241,أبدا,أبدا,ADV,verb,,start;begin+it;they;she <verb>,exact,unresolved,No sufficiently close same-POS MSA validation candidate.
242,هدف,هدف,N\CN,noun,ه د ف,by;with+goal;objective;intention+[def.gen.],exact,high,
243,يعد,يعد,V\VI,verb,,he;it+no longer,exact,high,
244,وجود,وجود,N\CN,noun,,presence;existence+[def.gen.],exact,high,
245,نهاية,نهاية,N\CN,noun,,end;termination+[fem.sg.],exact,high,
246,مجموع / ة,مجموعة,N\CN,noun,ج م ع,collection;group;bloc+[fem.sg.],concatenated_attested_fragments,high,PDF fragments concatenate to an attested same-POS MSA form.
247,دول,دول,N\CN,noun,,the+state;country+[fem.sg.],exact,high,
248,فقد,فقد,N\CN,part_verb | verb,ف ق د,(has;have) | lose+it;they;she <verb>,exact,unresolved,Multiple equally plausible same-POS MSA repairs.
249,مختفل,مختفل,N\CN,,,,exact,unresolved,Multiple equally plausible same-POS MSA repairs.
250,ألف,ألف,V\VP,verb,,he;it+compose;constitute,exact,high,
251,نائب,نائب,N\CN,noun,,the+deputy;delegate;vice-+[def.nom.],exact,high,
252,أسبوع,أسبوع,N\CN,noun,س ب ع,the+week+[def.acc.],exact,high,
253,قانون,قانون,N\CN,noun,ق ن ن,law;statutes;regulations+[def.gen.],exact,high,
254,مستوى,مستوى,N\CN,noun,,level;standard,exact,high,
255,قطاع,قطاع,N\CN,noun,ق ط ع,sector;section+[def.gen.],exact,high,
256,نظام,نظام,N\CN,noun,ن ظ م,the+methodology;system;order+[def.gen.],exact,high,
257,مازال,مازال,V\VP,verb,,he;it+cease;stop being;stop doing,exact,high,
258,مساعدة,مساعدة,N\CN,noun,س ع د,the+assistance;support+[fem.sg.],exact,high,
259,يحصل,يحصل,V\VI,verb,ح ص ل,obtain;acquire;get+he;it <verb>,exact,high,
260,شهر,شهر,N\CN,noun,ش ه ر,month+[indef.gen.],exact,high,
261,فني,فني,N\CN,adj | verb,ف ن ن,the+technical;artistic+[def.gen.] | I+perish;disappear,exact,unresolved,Multiple equally plausible same-POS MSA repairs.
262,صفحة,صفحة,N\CN,noun,ص ف ح,the+page;leaf+[fem.sg.],exact,high,
263,عامة,عامة,ADJ,adj,ع م م,the+general;common;public+[def.gen.],exact,high,
264,تحت,تحت,ADV,noun,ت ح ت,under,exact,unresolved,No sufficiently close same-POS MSA validation candidate.
265,حين,حين,ADV,adv,,sometimes;occasionally+[acc.indef.],exact,high,
266,قليل,قليل,ADJ,adj,ق ل ل,little;few+[fem.sg.],exact,high,
267,حو,حق,ADV,adv,ح ق ق,really;truly+[acc.indef.],fuzzy_repair,high,Repaired malformed/POS-incompatible PDF form by unique same-POS MSA candidate (distance 1).
268,أطفال,أطفال,N\CN,noun,ط ف ل,the+children;infants+[def.gen.],exact,high,
269,لابد,لابد,N\CN,noun,,for;to+non-migratory;sedentary+[indef.gen.],exact,high,
270,وع,وع,N\CN,,,,exact,unresolved,Multiple equally plausible same-POS MSA repairs.
271,منتخب,منتخب,N\CN,noun,ن خ ب,the+elected candidate;elect+[def.gen.],exact,high,
272,شيخ,شيخ,N\CN,noun,,sheikh;chieftain+[def.nom.],exact,high,
273,مشروع,مشروع,N\CN,noun,ش ر ع,project;enterprise+[def.gen.],exact,high,
274,أشياء,أشياء,N\CN,noun,,something,exact,high,
275,وحيد,وحيد,ADJ,adj,,the+only;sole;alone;exclusive+[def.nom.],exact,high,
276,صباح,صباح,ADV,noun,ص ب ح,morning+[def.acc.],exact,unresolved,No sufficiently close same-POS MSA validation candidate.
277,شعب,شعب,N\CN,noun,ش ع ب,the+people;nation+[def.gen.],exact,high,
278,يأخذ,يأخذ,V\VI,verb,,take;begin+he;it <verb>,exact,high,
279,يجد,يجد,V\VI,verb,,he;it+be found;exist,exact,high,
280,توقف,توقف,V\VP | V\VR,verb,,he;it+stop;halt;depend on,exact,high,
281,ألن,أن,P\PO,conj_sub,,that,fuzzy_repair,high,Repaired malformed/POS-incompatible PDF form by unique same-POS MSA candidate (distance 1).
282,بطولة,بطولة,N\CN,noun,ب ط ل,championship;starring role;heroism+[fem.sg.],exact,high,
283,هيئة,هيئة,N\CN,noun,,organization;agency+[fem.sg.],exact,high,
284,عملية,عملية,N\CN,noun,ع م ل,operation;mission;process+[fem.sg.],exact,high,
285,طويل,طويل,ADJ,adj,,tall;long+[fem.sg.],exact,high,
286,بل,بل,P\PO,conj,,but rather;in fact,exact,high,
287,تأكيد,تأكيد,N\CN,noun,,confirmation;affirmation;guarantee+[def.gen.],exact,high,
288,إذن,إذا,P\PO,conj,,if;whether,fuzzy_repair,high,Repaired malformed/POS-incompatible PDF form by unique same-POS MSA candidate (distance 1).
289,أمور,أمور,N\CN,noun,,the+matter;issue+[def.nom.],exact,high,
290,فوز,فوز,N\CN,noun,,the+victory+[def.gen.],exact,high,
291,أقل,أقل,N\CN,noun,ق ل ل,less;least;smaller;smallest;minimum+[def.acc.],exact,high,
292,أال,ألا,P\PO,conj_sub,,(in order) not to,fuzzy_repair,high,Repaired malformed/POS-incompatible PDF form by unique same-POS MSA candidate (distance 1).
293,شباب,شباب,N\CN,,,,exact,unresolved,Multiple equally plausible same-POS MSA repairs.
294,حقيقي,حقيقي,ADJ,adj,ح ق ق,the+true;real+[def.gen.],exact,high,
295,كامل,كامل,ADJ,adj,ك م ل,complete;full;integral+[indef.gen.],exact,high,
296,العب,العب,N\CN,,,,exact,unresolved,Multiple equally plausible same-POS MSA repairs.
297,انتظر,انظر,V\VP | V\VR,verb,ن ظ ر,he;it+look;observe;see,fuzzy_repair,high,Repaired malformed/POS-incompatible PDF form by unique same-POS MSA candidate (distance 1).
298,شركات,شركات,N\CN,noun,ش ر ك,company;corporation+[fem.sg.],exact,high,
299,مما,مما,N\RP,prep,,from,exact,unresolved,Multiple equally plausible same-POS MSA repairs.
300,سابق,سابق,ADJ | V\VP,adj,س ب ق,the+former;previous;preceding+[def.gen.],exact,high,
301,غرفة,غرفة,N\CN,noun,غ ر ف,room;chamber+[fem.sg.],exact,high,
302,مال,مال,N\CN | V\VP,noun | verb,,the+money;capital;funds+[def.gen.] | he;it+lean;bend;incline;be partial;sympathize,exact,high,
303,يجعل,يجعل,V\VI,verb,ج ع ل,make;bring about;appoint+he;it <verb>,exact,high,
304,مشاركة,مشاركة,N\CN,noun,ش ر ك,participation;association+[fem.sg.],exact,high,
305,عزيز,عزيز,ADJ,adj,ع ز ز,dear;precious+my two,exact,high,
306,إله,إله,N\CN,noun,,god;deity+[indef.nom.],exact,high,
307,رؤية,رؤية,N\CN,noun,,vision;sight;view;viewing+[fem.sg.],exact,high,
308,وجه,وجه,N\CN | V\VP,noun | verb,,side;aspect+[def.gen.] | send;direct+he;it <verb> it;them;her,exact,high,
309,ضد,ضد,N\CN,noun,ض د د,contrary;against;opposed;anti-;counter-+[def.acc.],exact,high,
310,خاص,خاص,ADJ,adj,خ ص ص,the+special;specific+[fem.sg.],exact,high,
311,يبقى,يبقى,V\VI,verb,,he;it+remain;last,exact,high,
312,لقاء,لقاء,N\CN,noun,,meeting;encounter;interview+[def.gen.],exact,high,
313,عودة,عودة,N\CN,noun,,the+return+[fem.sg.],exact,high,
314,أكرب,أقرب,N\CN,noun,ق ر ب,soonest;nearer;nearest;more;most likely+[def.gen.],fuzzy_repair,high,Repaired malformed/POS-incompatible PDF form by unique same-POS MSA candidate (distance 1).
315,قوات,قوات,N\CN,noun,,the+armed forces+[fem.pl.],exact,high,
316,نقل,نقل,N\CN | V\VP,noun | verb,ن ق ل,transportation;transfer+[def.gen.] | and+transfer;transport;transmit;translate+he;it <verb>,exact,high,
317,يصل,يصل,V\VI,verb,,it;they;she+arrive at;reach;connect,exact,high,
318,إضافة,إضافة,N\CN,noun,,with;by + the+addition;appending+[fem.sg.],exact,high,
319,رأس,رأس,N\CN | V\VP,noun | verb,,head;top+[def.gen.] | he;it+lead;direct,exact,high,
320,حسن,حسن,N\CN | V\VP,noun | verb,ح س ن,good | he;it+improve;decorate,exact,high,
321,فكرة,فكرة,N\CN,noun,ف ك ر,idea;notion;concept+[fem.sg.],exact,high,
322,أخذ,أخذ,N\CN | V\VP,verb | noun,,take;begin+he;it <verb> | and+seizure;taking+[indef.gen.],exact,high,
323,أشار,أشار,V\VP,verb,,and+indicate;mention;cite+he;it <verb>,exact,high,
324,فتاة,فتاة,N\CN,noun,,young girl+[fem.sg.],exact,high,
325,حركة,حركة,N\CN,noun,ح ر ك,movement;activity;organization+[fem.sg.],exact,high,
326,هكذا,هكذا,N\DE,conj,,thus;as such,exact,unresolved,No sufficiently close same-POS MSA validation candidate.
327,قوة,قوة,N\CN,noun,,the+armed forces+[fem.pl.],exact,high,
328,برنامج,برنامج,N\CN,noun,ب ر م ج,programs+[def.gen.],exact,high,
329,حصول,حصول,N\CN,noun,ح ص ل,the+acquisition;obtaining+[def.gen.],exact,high,
330,ذهب,ذهب,N\CN | V\VP,verb | noun,ذ ه ب,take (with)+he;it <verb> | the+gold+[def.gen.],exact,high,
331,يبدأ,يبدأ,V\VI,verb,,start;begin+it;they;she <verb>,exact,high,
332,ذات,ذات,N\CN,noun,,same;self;essence+[def.gen.],exact,high,
333,تحدث,تحدث,N\CN | V\VP,verb | noun,ح د ث,speak;discuss+he;it <verb> | the+discussion;speaking+[def.acc.],exact,high,
334,وصل,وصل,V\VP,verb,,it;they;she+arrive at;reach;connect,exact,high,
335,علم,علم,N\CN | V\VP,noun | verb,ع ل م,the+sciences+[def.gen.] | be known;be found out+he;it <verb>,exact,high,
336,أما,أما,P\PO,part_focus,,as for;concerning,exact,high,
337,أعلن,أعلن,V\VP,verb,ع ل ن,announce;declare+he;it <verb>,exact,high,
338,إطالقا,إطلاق,N\CN,noun,ط ل ق,firing+[def.gen.],fuzzy_repair,medium,Repaired malformed/POS-incompatible PDF form by unique same-POS MSA candidate (distance 2).
339,تماما,تماما,N\CN,noun,ت م م,exact;complete+[acc.indef.],exact,high,
340,فرصة,فرصة,N\CN,noun,ف ر ص,holiday+[fem.sg.],exact,high,
341,بحث,بحث,N\CN | V\VP,noun | verb,ب ح ث,the+search;examination;research+[def.gen.] | discuss;search+he;it <verb>,exact,high,
342,يخرج,يخرج,V\VI,verb,خ ر ج,he;it+oust;remove;emit,exact,high,
343,حكم,حكم,N\CN | V\VP,noun | verb,ح ك م,the+judgment;decision+[def.gen.] | it;they;she+rule;govern,exact,high,
344,طفل,طفل,N\CN,noun,ط ف ل,the+children;infants+[def.gen.],exact,high,
345,قضية,قضية,N\CN,noun,,problem;issue+[fem.sg.],exact,high,
346,أعلى,أعلى,N\CN,noun,,highest;heights;peaks,exact,high,
347,ما,بينما,ADV,conj_sub,,while,source_override,unresolved,No sufficiently close same-POS MSA validation candidate.
348,دعم,دعم,N\CN | V\VP,noun | verb,د ع م,to;for + the+support;assistance;endorsement+[def.gen.] | we+support;strengthen,exact,high,
349,حاجة,حاجة,N\CN,noun,,need;thing+[fem.sg.],exact,high,
350,تعال,تعال,V\VR,verb,,you [masc.sg.]+be supported;be provide for;be sustained,exact,high,
351,مجرد,مجرد,N\CN,noun,ج ر د,bare;pure+[def.acc.],exact,high,
352,وزراء,وزراء,N\CN,noun,,minister+[def.nom.],exact,high,
353,هؤالء,هؤالء,N\DE,,,,exact,unresolved,No sufficiently close same-POS MSA validation candidate.
354,عقد,عقد,V\VP,verb,ع ق د,be held;be convened;be concluded+it;they;she <verb>,exact,high,
355,دقيقة,دقيقة,N\CN,noun,د ق ق,minutes+[def.gen.],exact,high,
356,طبع,طبع,N\CN | V\VP,noun | verb,ط ب ع,temperament+[acc.indef.] | print;impress+it;they;she <verb>,exact,high,
357,صورة,صورة,N\CN,noun,,the+pictures;photographs;illustrations;photos+[def.gen.],exact,high,
358,تقدم,تقدم,N\CN | V\VP,verb | noun,ق د م,present;advance+he;it <verb> | the+progress;coming forward+[def.gen.],exact,high,
359,جامعة,جامعة,N\CN,noun,ج م ع,university;league+[fem.sg.],exact,high,
360,عبر,عبر,V\VP,verb,ع ب ر,it;they;she+express,exact,high,
361,اذبه,اذهب,V\VR,verb,ذ ه ب,take (with)+he;it <verb>,fuzzy_repair,high,Repaired malformed/POS-incompatible PDF form by unique same-POS MSA candidate (distance 1).
362,وجد,وجد,V\VP,verb,,he;it+be found;exist,exact,high,
363,قادم,قادم,ADJ,adj,ق د م,the+next;following;future+[fem.sg.],exact,high,
364,يجري,يجري,V\VI,verb,,he;it+occur;happen;take place;flow,exact,high,
365,أسعار,أسعار,N\CN,noun,س ع ر,price;rate+[def.gen.],exact,high,
366,حرب,حرب,N\CN,noun,ح ر ب,the+war;warfare+[def.gen.],exact,high,
367,نقطة,نقطة,N\CN,noun,ن ق ط,point;location;position+[fem.sg.],exact,high,
368,انتخابا,انتخابا,N\CN,,,,exact,unresolved,No sufficiently close same-POS MSA validation candidate.
369,سوق,سوق,N\CN,noun,,market+[def.gen.],exact,high,
370,بناء,بناء,N\CN,noun,,building;structure+[def.acc.],exact,high,
371,تعلم,تعلم,N\CN | V\VP,verb | noun,ع ل م,be known;be found out+he;it <verb> | the+learning;study+[def.gen.] | he;it+study;learn,exact,high,
372,يصبح,يصبح,V\VI,verb,ص ب ح,become;begin;start+he;it <verb>,exact,high,
373,خصو / صا,خصوصا,N\CN,noun,خ ص ص,matter;issue;regard;respect+[acc.indef.],concatenated_attested_fragments,high,PDF fragments concatenate to an attested same-POS MSA form.
374,نصف,نصف,N\CN,noun,ن ص ف,half;middle;semi-+[def.gen.],exact,high,
375,ذهاب,ذهاب,N\CN,noun,ذ ه ب,the+going;departure+[def.gen.],exact,high,
376,رأي,رأي,N\CN,noun,,the+opinion;view;idea+[def.gen.],exact,high,
377,يفكر,يفكر,V\VI,verb,ف ك ر,he;it+think;consider;ponder,exact,high,
378,وطني,وطني,ADJ,adj,,the+nationalist+[def.gen.],exact,high,
379,اجتماع,اجماع,N\CN,noun,ج م ع,the+consensus;agreement+[def.gen.],fuzzy_repair,high,Repaired malformed/POS-incompatible PDF form by unique same-POS MSA candidate (distance 1).
380,قيمة,قيمة,N\CN,noun,,value;worth+[fem.sg.],exact,high,
381,بالد,بلد,N\CN,noun,ب ل د,the+country;countries+[def.gen.],fuzzy_repair,high,Repaired malformed/POS-incompatible PDF form by unique same-POS MSA candidate (distance 1).
382,بداية,بداية,N\CN,noun,,beginning;start+[fem.sg.],exact,high,
383,ذو,ذو,N\CN,noun,,(relatives) of;family,exact,high,
384,مدرسة,مدرسة,N\CN,noun,د ر س,school+[fem.sg.],exact,high,
385,سرعة,سرعة,N\CN,noun,س ر ع,by;with+speed;velocity;promptness+[fem.sg.],exact,high,
386,لما,لما,N\RP | ADV,pron_rel | conj,,what | and;so+when;after,exact,unresolved,Multiple equally plausible same-POS MSA repairs.
387,أعضاء,أعضاء,N\CN,noun,,the+organs+[def.gen.],exact,high,
388,عمر,عمر,N\CN,noun,ع م ر,the+age;life+[def.gen.],exact,high,
389,إسالمي,إسلامي,ADJ,adj,س ل م,the+Islamic;Islamist;Muslim+[fem.sg.],fuzzy_repair,high,Repaired malformed/POS-incompatible PDF form by unique same-POS MSA candidate (distance 1).
390,مرحلة,مرحلة,N\CN,noun,ر ح ل,the+phase;stage;round+[fem.sg.],exact,high,
391,بعيد,بعيد,ADJ,adj,ب ع د,remote;distant;far+[acc.indef.],exact,high,
392,يخبر,يخبر,V\VI,verb,خ ب ر,notify;communicate+he;it <verb> us,exact,high,
393,أوضح,أوضح,V\VP,verb,,and+clarify;explain;indicate+he;it <verb>,exact,high,
394,حب,حب,N\CN,noun,ح ب ب,the+love;affection+[def.gen.],exact,high,
395,مالةي,مالي,ADJ,adj,,the+financial;monetary+[fem.sg.],fuzzy_repair,high,Repaired malformed/POS-incompatible PDF form by unique same-POS MSA candidate (distance 1).
396,عالقة,عالقة,N\CN,adj,ع ل ق,the+related;connected;relevant+[fem.sg.],exact,unresolved,Multiple equally plausible same-POS MSA repairs.
397,يد,يد,N\CN,noun,,hand+[def.gen.],exact,high,
398,ينظر,ينظر,V\VI,verb,ن ظ ر,he;it+look;observe;see,exact,high,
399,مستقبل,مستقبل,N\CN,noun,ق ب ل,the+future+[def.gen.],exact,high,
400,زوجة,زوجة,N\CN,noun,,wife+his;its,exact,high,
401,جيش,جيش,N\CN,noun,,the+army;troops+[def.gen.],exact,high,
402,مدة,مدة,N\CN,noun,م د د,for;to+period of time;interval+[fem.sg.],exact,high,
403,أهل,أهل,N\CN,noun,,qualified+[def.gen.],exact,high,
404,يعيش,يعيش,V\VI,verb,,he;it+live;exist,exact,high,
405,قول,قول,N\CN,noun,,statement;remark+its;his,exact,high,
406,رقم,رقم,N\CN,noun,ر ق م,record+[def.gen.],exact,high,
407,كتاب,كتاب,N\CN,noun,ك ت ب,book+[def.gen.],exact,high,
408,اقتصاد / ي,اقتصاد/ي,ADJ,,,,exact,unresolved,No sufficiently close same-POS MSA validation candidate. Final front is not a single Arabic-script word.
409,مكتب,مكتب,N\CN,noun,ك ت ب,bureau;office;department+[def.gen.],exact,high,
410,نظر,نظر,N\CN | V\VP,noun | verb,ن ظ ر,the+view;look;seeing+[def.gen.] | he;it+look;observe;see,exact,high,
411,زيادة,زيادة,N\CN,noun,,increase;addition+[fem.sg.],exact,high,
412,حل,حل,N\CN | V\VP,noun | verb,ح ل ل,solution;dissolution;cancellation+[indef.gen.] | begin;arrive+it;they;she <verb>,exact,high,
413,بلد,بلد,N\CN,noun,ب ل د,the+country;countries+[def.gen.],exact,high,
414,عائلة,عائلة,N\CN,noun,,family;household+[fem.sg.],exact,high,
415,إعادة,إعادة,N\CN,noun,,return;repetition;re-(doing)+[fem.sg.],exact,high,
416,حد,حد,N\CN,noun,ح د د,stop;halt+[indef.gen.],exact,high,
417,يرجو,يرجو,V\VI,,,,exact,unresolved,Multiple equally plausible same-POS MSA repairs.
418,مؤتمر,مؤتمر,N\CN,noun,,the+conference;convention+[def.gen.],exact,high,
419,باب,باب,N\CN,noun,,door;gate+[def.gen.],exact,high,
420,يفهم,يفهم,V\VI,verb,ف ه م,he;it+understand,exact,high,
421,موضو / ع,موضوع,N\CN,noun,,the+subjects;themes;issues+[def.gen.],concatenated_attested_fragments,high,PDF fragments concatenate to an attested same-POS MSA form.
422,واقع,واقع,N\CN,noun,,the+located+[def.gen.],exact,high,
423,مقابل,مقابل,N\CN,noun,ق ب ل,opposite to;corresponding to;vis-a-vis+[def.acc.],exact,high,
424,محكمة,محكمة,N\CN,noun,ح ك م,the+court;tribunal+[fem.sg.],exact,high,
425,كلمة,كلمة,N\CN,noun,ك ل م,word;remark;speech+[fem.sg.],exact,high,
426,يتمنى,يتمنى,V\VI,verb,,we+desire;wish for;hope,exact,high,
427,جهاز,جهاز,N\CN,noun,ج ه ز,apparatus;equipment;appliances+[fem.sg.],exact,high,
428,سمع,سمع,N\CN | V\VP,verb | noun,س م ع,hear;listen+I <verb> | the+hearing+[def.gen.],exact,high,
429,اسعم,اسعم,V\VR,,,,exact,unresolved,No sufficiently close same-POS MSA validation candidate.
430,ترك,ترك,N\CN | V\VP,verb | noun,ت ر ك,leave;quit+he;it <verb> | and+leaving;omission+[def.nom.],exact,high,
431,عربي,عربي,ADJ,adj,ع ر ب,the+Arab+[fem.sg.],exact,high,
432,قيادة,قيادة,N\CN,noun,,leaders;commanders+[fem.sg.],exact,high,
433,فضل,فضل,N\CN | V\VP,noun | verb,ف ض ل,distinction;quality+[acc.indef.] | he;it+prefer,exact,high,
434,انتهى,انهى,V\VP,verb,,complete;communicate+he;it <verb>,fuzzy_repair,high,Repaired malformed/POS-incompatible PDF form by unique same-POS MSA candidate (distance 1).
435,طالب,طالب,N\CN | V\VP,noun | verb,ط ل ب,the+students+[def.gen.] | demand;require+he;it <verb>,exact,high,
436,رفض,رفض,N\CN | V\VP,verb | noun,ر ف ض,reject;refuse+he;it <verb> | rejection;refusal+its;his,exact,high,
437,صاحب,صاحب,N\CN | V\VP,noun | verb,ص ح ب,friend;companion+[def.gen.] | he;it+befriend;accompany,exact,high,
438,بلغ,بلغ,V\VP,verb,ب ل غ,reach;attain+he;it <verb>,exact,high,
439,وصول,وصول,N\CN,noun,,the+receipt;voucher+[def.gen.],exact,high,
440,دخول,دخول,N\CN,noun,د خ ل,the+entrance;penetration+[def.gen.],exact,high,
441,عالمية,عالمية,ADJ,adj,ع ل م,the+international;world-wide;world+[fem.sg.],exact,high,
442,مهمة,مهمة,N\CN,noun,ه م م,the+important matter+[fem.sg.],exact,high,
443,مزيد,مزيد,N\CN,noun,,the+more;greater number+[def.gen.],exact,high,
444,رئاسة,رئاسة,N\CN,noun,,by;with+presidency;leadership;chairmanship+[fem.sg.],exact,high,
445,مجتمع,مجتمع,N\CN,noun,ج م ع,the+society+[def.gen.],exact,high,
446,قلب,قلب,V\VP,verb,ق ل ب,he;it+turn around;reverse,exact,high,
447,ينتظر,ينظر,V\VI,verb,ن ظ ر,he;it+look;observe;see,fuzzy_repair,high,Repaired malformed/POS-incompatible PDF form by unique same-POS MSA candidate (distance 1).
448,تعاون,تعاون,N\CN | V\VP,noun | verb,,the+cooperation+[def.gen.] | it;they;she+cooperate,exact,high,
449,عبد,عبد,N\CN | V\VP,noun | verb,ع ب د,the+slaves;blacks | he;it+enslave,exact,high,
450,جزء,جزء,N\CN,noun,,section;piece;portion;part;fraction,exact,high,
451,موسم,موسم,N\CN,noun,,the+season;festival+[def.gen.],exact,high,
452,صوت,صوت,N\CN,noun,,voice;sound+[indef.gen.],exact,high,
453,يود,يود,V\VI,verb,,I+want;would like,exact,high,
454,قيام,قيام,N\CN,noun,,the+undertaking;carrying out+[def.gen.],exact,high,
455,خارجية,خارجية,ADJ,adj,خ ر ج,the+outer;foreign;outside+[fem.sg.],exact,high,
456,ذكر,ذكر,N\CN,noun,ذ ك ر,with;by + the+male,exact,high,
457,حديث,حديث,ADJ,adj,ح د ث,the+new;recent;modern+[fem.sg.],exact,high,
458,ظهر,ظهر,N\CN,noun,ظ ه ر,noon;afternoon+[def.gen.],exact,high,
459,عديد,عدد,N\CN,noun,ع د د,number;quantity;issue+[indef.gen.],fuzzy_repair,high,Repaired malformed/POS-incompatible PDF form by unique same-POS MSA candidate (distance 1).
460,كأن,أن,P\PO,conj_sub,,that,fuzzy_repair,high,Repaired malformed/POS-incompatible PDF form by unique same-POS MSA candidate (distance 1).
461,لحظة,لحظة,N\CN,noun,ل ح ظ,moment;instant+[fem.sg.],exact,high,
462,حوار,حوار,N\CN,noun,,the+conversation;dialogue;discussion+[def.gen.],exact,high,
463,ارتفاع,ارتفاع,N\CN,,,,exact,unresolved,Multiple equally plausible same-POS MSA repairs.
464,نار,نار,N\CN,noun,,the+fire+[def.gen.],exact,high,
465,حاول,حاول,V\VP | V\VR,verb,,it;they;she+attempt,exact,high,
466,دين,دين,N\CN,noun,,the+religion+[def.gen.],exact,high,
467,دوري,دوري,N\CN,noun,,the+league (sports)+[def.gen.],exact,high,
468,يبحث,يبحث,V\VI,verb,ب ح ث,discuss;search+he;it <verb>,exact,high,
469,يعطي,يعطي,V\VI,verb,,he;it+give;provide,exact,high,
470,غاية,غاية,N\CN,noun,,to;for + the+goal;objective;purpose;intention+[fem.sg.],exact,high,
471,تقديم,تقديم,N\CN,noun,ق د م,offering;presenting;submitting+[def.gen.],exact,high,
472,دفع,دفع,N\CN | V\VP,noun | verb,د ف ع,payment+[def.gen.] | he;it+push;motivate;pay,exact,high,
473,دعا,دعا,V\VP,verb,,we+call;invite+you,exact,high,
474,موقف,موقف,N\CN,noun,,position+[indef.gen.],exact,high,
475,مشيرا,مشيرا,N\CN,adj,,indicative;indicating+[acc.indef.],exact,unresolved,Multiple equally plausible same-POS MSA repairs.
476,تنفيذ,تنفيذ,N\CN,noun,ن ف ذ,implementation;execution;carrying out+[def.gen.],exact,high,
477,يقصد,يقصد,V\VI,verb,ق ص د,intend;mean;pursue+he;it <verb>,exact,high,
478,يذكر,يذكر,V\VI,verb,ذ ك ر,mention;cite;remember+he;it <verb>,exact,high,
479,سالم,سالم,N\CN,noun,س ل م,secure;sound;intact+[masc.pl.],exact,high,
480,أصدقاء,أصدقاء,N\CN,noun,ص د ق,the+friend+[def.nom.],exact,high,
481,وحدة,وحدة,N\CN,noun,,unit+[fem.sg.],exact,high,
482,قديم,قديم,ADJ,adj,ق د م,the+old;ancient+[fem.sg.],exact,high,
483,أزمة,أزمة,N\CN,noun,,the+crisis+[fem.sg.],exact,high,
484,تقرير,تقرير,N\CN,noun,ق ر ر,report;account+[def.gen.],exact,high,
485,معلوما / ت,معلومات,N\CN,noun,ع ل م,the+information;data+[fem.pl.],concatenated_attested_fragments,high,PDF fragments concatenate to an attested same-POS MSA form.
486,إمكان,إمكان,N\CN,noun,م ك ن,by;with+possibility;possible+your,exact,high,
487,تيجة,نتيجة,N\CN,noun,ن ت ج,result;consequence+[fem.sg.],fuzzy_repair,high,Repaired malformed/POS-incompatible PDF form by unique same-POS MSA candidate (distance 1).
488,موقع,موقع,N\CN,noun,,position;location+[def.gen.],exact,high,
489,سماء,سماء,ADV,noun,,the+sky;heaven+[def.gen.],exact,unresolved,No sufficiently close same-POS MSA validation candidate.
490,مجال,مجال,N\CN,noun,,area;field;arena;context+[def.gen.],exact,high,
491,وسط,وسط,N\CN,noun,,middle;center;environment+[def.acc.],exact,high,
492,جميعا,جميعا,N\CN,noun,ج م ع,all of;every one of+[def.gen.],exact,high,
493,موت,موت,N\CN,noun,,the+death+[def.gen.],exact,high,
494,شعر,شعر,N\CN,noun,ش ع ر,the+poetry+[def.gen.],exact,high,
495,دفاع,دفاع,N\CN,noun,د ف ع,the+defense+[def.gen.],exact,high,
496,درجة,درجة,N\CN,noun,د ر ج,degree;class;rank;grade;level+[fem.sg.],exact,high,
497,اتصال,ايصال,N\CN,noun,,connection;transportation;transmission+[def.gen.],fuzzy_repair,high,Repaired malformed/POS-incompatible PDF form by unique same-POS MSA candidate (distance 1).
498,عشر,عشر,N\CNU,noun,ع ش ر,ten+[def.acc.] | the+tenth;tenth part+[def.gen.],exact,high,
499,سؤال,سؤال,N\CN,noun,,question;inquiry+[indef.gen.],exact,high,
500,كالم,عالم,N\CN,noun,ع ل م,the+world+[def.gen.],fuzzy_repair,high,Repaired malformed/POS-incompatible PDF form by unique same-POS MSA candidate (distance 1).
501,كأس,كأس,N\CN,noun,,cup+[def.gen.],exact,high,
502,جعل,جعل,V\VP,verb,ج ع ل,make;bring about;appoint+he;it <verb>,exact,high,
503,طوال,طوال,ADV,adj,,tall;long+[fem.sg.],exact,unresolved,No sufficiently close same-POS MSA validation candidate.
504,خطة,خطة,N\CN,noun,خ ط ط,plan;project+[fem.sg.],exact,high,
505,متى,متى,P\QU,conj,,when,exact,high,
506,ضبط,ضبط,N\CN | V\VP,noun | verb,ض ب ط,adjusting;regulating;precision+[def.gen.] | regulate;adjust;fix+it;they;she <verb>,exact,high,
507,أثناء,أثناء,ADV,noun,,folds;bends+[def.acc.] | while+meanwhile;meantime,exact,unresolved,No sufficiently close same-POS MSA validation candidate.
508,وطنية,وطنية,ADJ,adj,,the+nationalist+[def.gen.],exact,high,
509,معرفة,معرفة,N\CN,noun,ع ر ف,the+knowledge;information;acquaintance+[fem.sg.],exact,high,
510,بيان,بيان,N\CN,noun,,communique;statement;declaration+[indef.gen.],exact,high,
511,قرر,قرر,V\VP,verb,ق ر ر,decide;resolve+it;they;she <verb>,exact,high,
512,عيد,عيد,N\CN,noun,,feast;holiday;festival,exact,high,
513,زوج,زوج,N\CN | V\VP,noun,,spouse;husband+its;their;her,exact,high,
514,تعليم,تعليم,N\CN,noun,ع ل م,the+education;teaching+[def.gen.],exact,high,
515,خطأ,خطأ,N\CN,noun,,mistake;error;fault,exact,high,
516,تطوير,تطوير,N\CN,noun,,development;advancement;promotion+[def.gen.],exact,high,
517,عدة,عدة,N\CN,noun,,for;to+promise+[fem.sg.],exact,high,
518,عضو,عضو,N\CN,noun,,the+organs+[def.gen.],exact,high,
519,فتح,فتح,N\CN | V\VP,noun | verb,ف ت ح,opening;beginning+[def.gen.] | he;it+open;conquer,exact,high,
520,مات,مات,V\VP,verb,,die;pass away+he;it <verb>,exact,high,
521,غدا,غدا,ADV,noun | verb,,tomorrow+[acc.indef.] | depart;become current+it;they;she <verb>,exact,unresolved,No sufficiently close same-POS MSA validation candidate.
522,عظيم,عظيم,ADJ,adj,ع ظ م,great;powerful+[indef.nom.],exact,high,
523,كشف,كشف,N\CN | V\VP,verb | noun,ك ش ف,discover;reveal;disclose;examine+he;it <verb> | the+report;revelation;disclosure;examination+[def.gen.],exact,high,
524,طاقة,طاقة,N\CN,noun,,the+energy;power;potential+[fem.sg.],exact,high,
525,يعتبر,يعبر,V\VI,verb,ع ب ر,it;they;she+express,fuzzy_repair,high,Repaired malformed/POS-incompatible PDF form by unique same-POS MSA candidate (distance 1).
526,عاد,عاد,V\VP,verb,,he;it+no longer,exact,high,
527,خلف,خلف,V\VP,verb,خ ل ف,appoint as successor;leave behind+he;it <verb> it;them;her,exact,high,
528,شرق,شرق,N\CN,noun,ش ر ق,for;to+east (of),exact,high,
529,داخلية,داخلية,ADJ,adj,د خ ل,the+internal;domestic+[def.gen.],exact,high,
530,ضمن,ضمن,ADV | V\VP,verb,ض م ن,he;it+guarantee;insure,exact,high,
531,اتفاق,انفاق,N\CN,noun,ن ف ق,the+expenditure;disbursement;expenses+[def.gen.],fuzzy_repair,high,Repaired malformed/POS-incompatible PDF form by unique same-POS MSA candidate (distance 1).
532,مياه,مياه,N\CN,noun,,the+water;waters+[def.gen.],exact,high,
533,مستش / فى,مستشفى,N\CN,noun,,hospital,concatenated_attested_fragments,high,PDF fragments concatenate to an attested same-POS MSA form.
534,إنسان,إنسان,N\CN,noun,,the+human being+[def.gen.],exact,high,
535,أعطى,أعطى,V\VP,verb,,he;it+give;provide,exact,high,
536,ألم,ألم,N\CN | P\PO,noun,,pain;suffering,exact,high,
537,منظمة,منظمة,N\CN,noun,ن ظ م,organization+[fem.sg.],exact,high,
538,كتب,كتب,N\CN | V\VP,verb,ك ت ب,write+he;it <verb>,exact,high,
539,حضور,حضور,N\CN,noun,ح ض ر,by;with+presence;attendance+[def.gen.],exact,high,
540,رفع,رفع,N\CN | V\VP,noun | verb,ر ف ع,raising;lifting;increasing+[def.gen.] | and+lift;raise;increase+he;it <verb>,exact,high,
541,لعب,لعب,N\CN | V\VP,noun | verb,ل ع ب,games;sports+[def.gen.] | play+he;it <verb>,exact,high,
542,خروج,خروج,N\CN,noun,خ ر ج,the+exit;getting out;departure;deviation+[def.gen.],exact,high,
543,جهة,جهة,N\CN,noun,,side;part;direction+[fem.sg.],exact,high,
544,رسالة,رسالة,N\CN,noun,ر س ل,the+letters;messages+[def.gen.],exact,high,
545,استخدام,مستخدم,N\CN,noun,خ د م,the+employer+[def.nom.],fuzzy_repair,medium,Repaired malformed/POS-incompatible PDF form by unique same-POS MSA candidate (distance 2).
546,سلطة,سلطة,N\CN,noun,س ل ط,the+power;authority;rule+[fem.sg.],exact,high,
547,ضرور / ة,ضرورة,N\CN,noun,ض ر ر,necessity;need;imperative+[fem.sg.],concatenated_attested_fragments,high,PDF fragments concatenate to an attested same-POS MSA form.
548,يدخل,يدخل,V\VI,verb,د خ ل,enter+he;it <verb>,exact,high,
549,ممكن,ممكن,ADJ,adj,م ك ن,possible+[indef.gen.],exact,high,
550,ن,نتائج,N\CN,noun,ن ت ج,result;consequence+[fem.sg.],source_override,high,Official Table 4 text resolves PDF extraction artifact.
551,مدرب,مدرب,N\CN,noun,د ر ب,the+trainer;coach;instructor+[def.gen.],exact,high,
552,يترك,يترك,V\VI,verb,ت ر ك,leave;quit+he;it <verb>,exact,high,
553,فهم,فهم,V\VP,verb,ف ه م,he;it+understand,exact,high,
554,أساسي,أساسي,ADJ,adj,,the+basic;fundamental+[fem.sg.],exact,high,
555,أشخا / ص,أشخاص,N\CN,noun,ش خ ص,individual;person+[indef.gen.],concatenated_attested_fragments,high,PDF fragments concatenate to an attested same-POS MSA form.
556,جنوب,جنوب,N\CN,noun,ج ن ب,south+[def.gen.],exact,high,
557,يسمع,يسمع,V\VI,verb,س م ع,hear;listen+I <verb>,exact,high,
558,سجن,سجن,N\CN,noun,س ج ن,the+prison+[def.gen.],exact,high,
559,تحديد,تحديد,N\CN,noun,ح د د,delimitation;specification;definition+[def.gen.],exact,high,
560,وطن,وطن,N\CN,noun,,the+nation;homeland+[def.gen.],exact,high,
561,ظل,ظل,N\CN | V\VP,noun | verb,ظ ل ل,patronage;shelter+[def.gen.] | remain;continue+it;they;she <verb>,exact,high,
562,ولد,ولد,N\CN | V\VP,verb | noun,,be born+he;it <verb> | children+[indef.gen.],exact,high,
563,إعالن,إعلان,N\CN,noun,ع ل ن,the+declaration;statement;announcement+[def.nom.],fuzzy_repair,high,Repaired malformed/POS-incompatible PDF form by unique same-POS MSA candidate (distance 1).
564,شارع,شارع,N\CN,noun,ش ر ع,street+[def.gen.],exact,high,
565,جولة,جولة,N\CN,noun,,the+tour;patrol;round+[fem.sg.],exact,high,
566,ينتهي,ينهي,V\VI,verb,,complete;communicate+he;it <verb>,fuzzy_repair,high,Repaired malformed/POS-incompatible PDF form by unique same-POS MSA candidate (distance 1).
567,تغيير,تغيير,N\CN,noun,,change;modification;replacement+[indef.gen.],exact,high,
568,أمين,أمني,ADJ,adj,,the+security;safety+[fem.sg.],fuzzy_repair,high,Repaired malformed/POS-incompatible PDF form by unique same-POS MSA candidate (distance 1).
569,قدر,قدر,N\CN | V\VP,noun | verb,ق د ر,extent;degree;amount;value;level+[def.acc.] | he;it+be estimated;be valued;be appraised,exact,high,
570,يحمل,يحمل,V\VI,verb,ح م ل,it;they;she+carry;bear;transport,exact,high,
571,يلعب,يلعب,V\VI,verb,ل ع ب,play+he;it <verb>,exact,high,
572,يضع,يضع,V\VI,verb,,put;place+it;they;she <verb>,exact,high,
573,يساعد,يساعد,V\VI,verb,س ع د,he;it+help;assist;support;contribute,exact,high,
574,يموت,يموت,V\VI,verb,,die;pass away+he;it <verb>,exact,high,
575,خط,خط,N\CN,noun,خ ط ط,handwriting;script+[def.gen.],exact,high,
576,هاتف,هاتف,N\CN | V\VP,noun,ه ت ف,telephone+[indef.gen.],exact,high,
577,عالقات,علاقات,N\CN,noun,ع ل ق,the+ties;relations;contacts;links+[fem.pl.],fuzzy_repair,high,Repaired malformed/POS-incompatible PDF form by unique same-POS MSA candidate (distance 1).
578,عرف,عرف,V\VP,verb,ع ر ف,it;they;she+know,exact,high,
579,أخ,أخ,N\CN,noun,,brother + my,exact,high,
580,مواجهة,مواجهة,N\CN,noun,,encounter;confrontation+[fem.sg.],exact,high,
581,بنك,بنك,N\CN,noun,ب ن ك,the+bank+[def.gen.],exact,high,
582,حرية,حرية,N\CN,noun,ح ر ر,the+freedom+[fem.sg.],exact,high,
583,خدمة,خدمة,N\CN,noun,خ د م,service;assistance+[fem.sg.],exact,high,
584,حدود,حدود,N\CN,noun,ح د د,stop;halt+[indef.gen.],exact,high,
585,مدى,مدى,N\CN,noun,,period;duration,exact,high,
586,ليل,ليل,N\CN,noun,,the+night;nighttime+[def.gen.],exact,high,
587,يملك,يملك,V\VI,verb,م ل ك,it;they;she+have;hold;control,exact,high,
588,إعالم,عالم,N\CN,noun,ع ل م,the+world+[def.gen.],fuzzy_repair,high,Repaired malformed/POS-incompatible PDF form by unique same-POS MSA candidate (distance 1).
589,أية,أية,N\CN,,,,exact,unresolved,Multiple equally plausible same-POS MSA repairs.
590,زيارة,زيارة,N\CN,noun,,visit+[fem.sg.],exact,high,
591,مرأة,مرأة,N\CN,noun,,the+woman+[fem.sg.],exact,high,
592,صحة,صحة,N\CN,noun,ص ح ح,the+health;truth;correctness+[fem.sg.],exact,high,
593,مناسبة,مناسبة,N\CN | ADJ,noun,ن س ب,by;with+occasion;opportunity+[fem.sg.],exact,high,
594,قسم,قسم,N\CN | V\VP,noun | verb,ق س م,portion+[def.gen.] | he;it+divide;partition;distribute,exact,high,
595,قائمة,قائمة,N\CN,noun,,lists;indexes+[def.acc.],exact,high,
596,مشاكل,مشاكل,N\CN,noun,ش ك ل,problems;inconveniences;issues+[def.acc.],exact,high,
597,غريب,غريب,ADJ,adj,غ ر ب,strange+its;his,exact,high,
598,حقوق,حقوق,N\CN,noun,ح ق ق,rights;law+[def.gen.],exact,high,
599,جمعية,جمعية,N\CN,noun,ج م ع,the+association;society+[fem.sg.],exact,high,
600,بيع,بيع,N\CN,noun,,to;for + the+sale+[def.gen.],exact,high,
601,حاليا,حاليا,ADV,adj,,present;current+[acc.indef.],exact,unresolved,No sufficiently close same-POS MSA validation candidate.
602,رجاء,رجاء,N\CN,noun,,by;with+if you please,exact,high,
603,أحضر,أحضر,V\VP,verb,ح ض ر,it;they;she+be brought;be supplied,exact,high,
604,سيء,سيء,ADJ,noun,,bad+[fem.sg.],exact,unresolved,No sufficiently close same-POS MSA validation candidate.
605,سلاح,سلاح,N\CN,noun,س ل ح,the+weapon+[def.gen.],exact,high,
606,يطلب,يطلب,V\VI,verb,ط ل ب,request+he;it <verb>,exact,high,
607,مناطق,مناطق,N\CN,noun,ن ط ق,area;zone;territory+[fem.sg.],exact,high,
608,شخص / ية,شخصية,N\CN,noun,ش خ ص,identity;person;personality+[fem.sg.],concatenated_attested_fragments,high,PDF fragments concatenate to an attested same-POS MSA form.
609,رياضي,رياضي,ADJ,adj,,the+sports;sportive;mathematical+[fem.sg.],exact,high,
610,يتذكر,يتذكر,V\VI,verb,ذ ك ر,he;it+remember,exact,high,
611,أداء,أداء,N\CN,noun,,performance;fulfillment+[def.gen.],exact,high,
612,مؤسسة,مؤسسة,N\CN,noun,,institution;organization+[fem.sg.],exact,high,
613,سعر,سعر,N\CN | V\VP,noun,س ع ر,price;rate+[def.gen.],exact,high,
614,تراجع,تراجع,N\CN | V\VP,noun | verb,ر ج ع,retreat;backing down;retraction+[def.gen.] | retreat;fall behind+it;they;she <verb>,exact,high,
615,أهمةي,أهمية,N\CN,noun,ه م م,importance;significance+[fem.sg.],source_override,high,Official Table 4 text resolves PDF extraction artifact.
616,واضح,واضح,ADJ,adj,,clear;obvious;visible+[fem.sg.],exact,high,
617,أحيان,أحيان,N\CN,,,,exact,unresolved,Multiple equally plausible same-POS MSA repairs.
618,جريمة,جريمة,N\CN,noun,ج ر م,the+crime+[fem.sg.],exact,high,
619,مؤكدا,مؤكدا,ADJ | N\CN,adj,,certain;guaranteed+[acc.indef.],exact,high,
620,أتى,أتى,V\VP,verb,,he;it+arrive;come;reach,exact,high,
621,حالي,حالي,ADJ,adj,,present;current+[acc.indef.],exact,high,
622,يدفع,يدفع,V\VI,verb,د ف ع,he;it+push;motivate;pay,exact,high,
623,تالي,تالي,ADJ,adj,,and + with;by the+following;subsequent,exact,high,
624,إقامة,إقامة,N\CN,noun,,residency;setting up+[fem.sg.],exact,high,
625,إنتاج,إنتاج,N\CN,noun,ن ت ج,production;output+[def.gen.],exact,high,
626,معا,معا,N\CN,adv | verb,,together | mew;meow+we <verb>,exact,unresolved,Multiple equally plausible same-POS MSA repairs.
627,أطلق,أطلق,V\VP,verb,ط ل ق,he;it+be released;be fired,exact,high,
628,أنمت,أنتم,PRO,pron,,you [masc.pl.],source_override,high,Official Table 4 text resolves PDF extraction artifact.
629,حماية,حماية,N\CN,noun,,protection;protecting+[fem.sg.],exact,high,
630,صور,صور,N\CN | V\VP,verb,,he;it+be filmed;be photographed,exact,high,
631,يتكلم,يتكلم,V\VI,verb,ك ل م,he;it+speak;talk;discuss,exact,high,
632,إحدى,إحدى,N\CNU,noun,,one;someone+[def.nom.],exact,high,
633,فوق,وفق,ADV,adv,,according to;in accordance with;pursuant to+[acc.indef.],fuzzy_repair,high,Repaired malformed/POS-incompatible PDF form by unique same-POS MSA candidate (distance 1).
634,سوى,سوف,P\EX,part_fut,,will;shall,fuzzy_repair,high,Repaired malformed/POS-incompatible PDF form by unique same-POS MSA candidate (distance 1).
635,سجل,سجل,N\CN | V\VP,verb | noun,س ج ل,register;record;inscribe+he;it <verb> | the+register;record;archive+[def.gen.],exact,high,
636,وحده,وحدة,N\CN,noun,,unit+[fem.sg.],fuzzy_repair,high,Repaired malformed/POS-incompatible PDF form by unique same-POS MSA candidate (distance 1).
637,نساء,نساء,N\CN,noun,,the+women+[def.gen.],exact,high,
638,قصة,قصة,N\CN,noun,ق ص ص,stories+[indef.gen.],exact,high,
639,خذ,خذ,V\VR,verb,,take;begin+he;it <verb>,exact,high,
640,طبيب,طبيب,N\CN,noun,ط ب ب,physician;doctor+[indef.gen.],exact,high,
641,مباشرة,مباشرة,N\CN | ADJ,noun,ب ش ر,beginning;pursuit+[fem.sg.],exact,high,
642,جمهور / ية,جمهورية,N\CN,noun,ج م ه ر,the+republic+[fem.sg.],concatenated_attested_fragments,high,PDF fragments concatenate to an attested same-POS MSA form.
643,بأس,بأس,N\CN,noun,,bad;objection+[def.acc.],exact,high,
644,أشهر,أشهر,N\CN,noun,ش ه ر,month+[indef.gen.],exact,high,
645,ملك,ملك,N\CN,noun,م ل ك,the+king+[def.nom.],exact,high,
646,قضاء,قضاء,N\CN,noun,,the+justice;judiciary+[def.gen.],exact,high,
647,دراسة,دراسة,N\CN,noun,د ر س,study+[fem.sg.],exact,high,
648,متأكد,متأكد,ADJ,noun,,certain;sure+[indef.nom.],exact,unresolved,No sufficiently close same-POS MSA validation candidate.
649,سياسة,سياسة,N\CN,noun,,politics+[fem.sg.],exact,high,
650,صعب,صعب,V\VP,verb,ص ع ب,he;it+be difficult,exact,high,
651,دخل,دخل,N\CN | V\VP,verb | noun,د خ ل,enter+he;it <verb> | the+income;revenue;business+[def.gen.],exact,high,
652,يقتل,يقتل,V\VI,verb,ق ت ل,be killed+he;it <verb>,exact,high,
653,عالمي,عالمي,ADJ,adj,ع ل م,the+international;world-wide;world+[fem.sg.],exact,high,
654,أمم,أمم,N\CN,,,,exact,unresolved,Multiple equally plausible same-POS MSA repairs.
655,أمل,أمل,N\CN,noun,,hope;wish+[indef.nom.],exact,high,
656,اعتبار,اخبار,N\CN,noun,خ ب ر,news;reports+[def.nom.],fuzzy_repair,medium,Repaired malformed/POS-incompatible PDF form by unique same-POS MSA candidate (distance 2).
657,نهائي,نهائي,ADJ,adj,,the+final;definitive;conclusive+[def.gen.],exact,high,
658,مئة,مئة,N\CNU,noun,,the+(per) cent+[fem.sg.],exact,high,
659,تنظيم,تنظيم,N\CN,noun,ن ظ م,organizing;controlling;planning;regulating+[def.gen.],exact,high,
660,ن,نجاح,N\CN,noun,ن ج ح,the+success+[def.gen.],source_override,high,Official Table 4 text resolves PDF extraction artifact.
661,دورة,دورة,N\CN,noun,,cycle;turn;rotation;revolution+[fem.sg.],exact,high,
662,لعبة,لعبة,N\CN,noun,ل ع ب,toy;game+[fem.sg.],exact,high,
663,رد,رد,N\CN | V\VP,noun | verb,ر د د,return;repulsion+[indef.gen.] | and+answer;reply;return+he;it <verb>,exact,high,
664,تنمية,تنمية,N\CN,noun,,the+development;growth+[fem.sg.],exact,high,
665,اهتمام,اتمام,N\CN,noun,ت م م,completion;realization+[def.gen.],fuzzy_repair,high,Repaired malformed/POS-incompatible PDF form by unique same-POS MSA candidate (distance 1).
666,إطار,إطار,N\CN,noun,,framework;context+[def.gen.],exact,high,
667,أمنية,أغنية,N\CN,noun,,songs;melodies,fuzzy_repair,high,Repaired malformed/POS-incompatible PDF form by unique same-POS MSA candidate (distance 1).
668,مسؤول,مسؤول,N\CN,noun,,official;functionary+[indef.nom.],exact,high,
669,قائد,قائد,N\CN,noun,,driver;chauffeur+[def.nom.],exact,high,
670,مصادر,مصادر,N\CN,noun,ص د ر,sources+[def.nom.] | the+confiscated;requisitioned+[fem.sg.],exact,high,
671,وقع,وقع,V\VP,verb,,fall down;take place;be located+he;it <verb>,exact,high,
672,مباريا / ت,مباريات,N\CN,noun,,match;game;competition+[fem.sg.],concatenated_attested_fragments,high,PDF fragments concatenate to an attested same-POS MSA form.
673,الحق,الحق,ADJ | V\VP,noun,ح ق ق,rights;law+[def.gen.],exact,unresolved,Multiple equally plausible same-POS MSA repairs.
674,اتصل,تصل,V\VP | V\VR,verb,,it;they;she+arrive at;reach;connect,fuzzy_repair,high,Repaired malformed/POS-incompatible PDF form by unique same-POS MSA candidate (distance 1).
675,محاولة,محاولة,N\CN,noun,,attempt;effort+[fem.sg.],exact,high,
676,كون,كون,N\CN | V\VP,noun | verb,,being+[def.acc.] | create+it;they;she <verb>,exact,high,
677,أراد,أراد,V\VP,verb,,he;it+want;desire;intend,exact,high,
678,إصابة,إصابة,N\CN,noun,,casualty;injury+[fem.sg.],exact,high,
679,عشرة,عشرة,N\CNU | N\CN,noun,ع ش ر,ten+[def.acc.],exact,high,
680,مهما,مما,P\PO,prep,,from,fuzzy_repair,high,Repaired malformed/POS-incompatible PDF form by unique same-POS MSA candidate (distance 1).
681,يمثل,يمثل,V\VI,verb,م ث ل,it;they;she+represent;constitute;act,exact,high,
682,اختيار,التيار,N\CN,noun,,the+current;stream+[def.gen.],fuzzy_repair,high,Repaired malformed/POS-incompatible PDF form by unique same-POS MSA candidate (distance 1).
683,شهد,شهد,V\VP,verb,ش ه د,witness;observe+it;they;she <verb>,exact,high,
684,إجراء,إجراء,N\CN,noun,,conducting;undertaking;carrying out+[def.gen.],exact,high,
685,صحيفة,صحيفة,N\CN,noun,ص ح ف,newspaper+[fem.sg.],exact,high,
686,استمرا,استمرا,N\CN,,,,exact,unresolved,Multiple equally plausible same-POS MSA repairs.
687,شمال,شمال,N\CN,noun,ش م ل,north;northern+[def.gen.],exact,high,
688,فكر,فكر,N\CN | V\VP,noun | verb,ف ك ر,the+thought;thinking+[def.gen.] | he;it+think;consider;ponder,exact,high,
689,شراء,شراء,N\CN,noun,,purchase;purchasing+[def.gen.],exact,high,
690,نيابة,نيابة,N\CN,noun,,the+proxy;deputyship+[fem.sg.],exact,high,
691,موعد,موعد,N\CN,noun,,appointment;date;rendezvous+[def.gen.],exact,high,
692,ماء,ماء,N\CN,noun,,the+water;waters+[def.gen.],exact,high,
693,يتعلق,يتعلق,V\VI,verb,ع ل ق,he;it+be connected with;pertain to,exact,high,
694,اجتماع / ي,اجتماع/ي,ADJ,,,,exact,unresolved,No sufficiently close same-POS MSA validation candidate. Final front is not a single Arabic-script word.
695,امرأة,امرأة,N\CN,,,,exact,unresolved,Multiple equally plausible same-POS MSA repairs.
696,أسمه / أسهم,أسمه,N\CN | V\VP,verb,,I+stamp;brand+it;him,fuzzy_repair,medium,Repaired malformed/POS-incompatible PDF form by unique same-POS MSA candidate (distance 0).
697,أجةزه,أجةزه,N\CN,,,,exact,unresolved,No sufficiently close same-POS MSA validation candidate.
698,بدء,بدء,N\CN,noun,,start;beginning,exact,high,
699,جلسة,جلسة,N\CN,noun,ج ل س,session;meeting+[fem.sg.],exact,high,
700,اليزال,يزال,V\VI,verb,,he;it+cease;stop being;stop doing,fuzzy_repair,medium,Repaired malformed/POS-incompatible PDF form by unique same-POS MSA candidate (distance 2).
701,رسمي,رسمي,ADJ,adj,ر س م,the+official+[def.gen.],exact,high,
702,تأثير,تأثير,N\CN,noun,,effect;influence;impact+[def.gen.],exact,high,
703,لقب,لقب,N\CN | V\VP,noun | verb,ل ق ب,title;nickname+[def.acc.] | he;it+call;address as,exact,high,
704,فرق,فرق,N\CN,noun,ف ر ق,the+squads;divisions+[def.gen.] | the+differences;discrepancies+[fem.pl.],exact,high,
705,هجوم,هجوم,N\CN,noun,ه ج م,the+attack;charge;assault+[def.gen.],exact,high,
706,ابنة,ابنة,N\CN,,,,exact,unresolved,No sufficiently close same-POS MSA validation candidate.
707,يستمر,يستر,V\VI,verb,س ت ر,for + him;it to+cover;hide,fuzzy_repair,high,Repaired malformed/POS-incompatible PDF form by unique same-POS MSA candidate (distance 1).
708,لطيف,لطيف,ADJ,adj,ل ط ف,delicate;gentle;polite+its;his,exact,high,
709,يهتم,يتم,V\VI,verb,ت م م,conclude;take place+he;it <verb>,fuzzy_repair,high,Repaired malformed/POS-incompatible PDF form by unique same-POS MSA candidate (distance 1).
710,إذ,إذ,ADV,conj,,because,exact,unresolved,No sufficiently close same-POS MSA validation candidate.
711,أبناء,أبناء,N\CN,noun,,sons;children+[def.gen.],exact,high,
712,غرب,غرب,N\CN,noun,غ ر ب,west;West+[def.gen.],exact,high,
713,تأمين,تأمين,N\CN,noun,,the+insurance;guarantee+[def.gen.],exact,high,
714,يعرض,يعرض,V\VI,verb,ع ر ض,exhibit;present;review;inspect+he;it <verb>,exact,high,
715,عرب,عرب,N\CN,noun,ع ر ب,the+Arabs+[def.gen.],exact,high,
716,صالح,صالح,ADJ,adj,ص ل ح,the+pious;upright+[def.nom.],exact,high,
717,مالبس,مالبس,N\CN,,,,exact,unresolved,Multiple equally plausible same-POS MSA repairs.
718,تحرك,تحرك,N\CN | V\VP,noun | verb,ح ر ك,the+movement;motion;activity+[def.gen.] | it;they;she+move;get moving;be set in motion,exact,high,
719,بدل,بدل,N\CN | V\VP,noun | verb,ب د ل,substitute+[acc.indef.] | it;they;she+change;modify,exact,high,
720,طائرة,طائرة,N\CN,noun,,the+aircraft;airplane+[fem.sg.],exact,high,
721,جماعة,جماعة,N\CN,noun,ج م ع,party;group;squad+[fem.sg.],exact,high,
722,مصدر,مصدر,N\CN,noun,ص د ر,sources+[def.nom.],exact,high,
723,معظم,معظم,N\CN,noun,ع ظ م,most of;the majority of+[def.acc.],exact,high,
724,أهال,أهل,N\CN,noun,,qualified+[def.gen.],fuzzy_repair,high,Repaired malformed/POS-incompatible PDF form by unique same-POS MSA candidate (distance 1).
725,قطع,قطع,N\CN | V\VP,noun | verb,ق ط ع,breaking off;interruption+[def.gen.] | and+cut off;sever;interrupt;stop+he;it <verb>,exact,high,
726,موافقة,موافقة,N\CN | ADJ,noun,,agreement+[fem.sg.],exact,high,
727,أخبار,أخبار,N\CN,noun,خ ب ر,news;reports+[def.nom.],exact,high,
728,محافظة,محافظة,N\CN | ADJ,noun,ح ف ظ,province;governorate+[fem.sg.],exact,high,
729,خطر,خطر,N\CN,noun,خ ط ر,danger+[def.gen.],exact,high,
730,صندوق,صندوق,N\CN,noun,ص ن د ق,treasury;fund+[def.gen.],exact,high,
731,جزيرة,جزيرة,N\CN,noun,ج ز ر,the+island;peninsula+[fem.sg.],exact,high,
732,يصدق,يصدق,V\VI,verb,ص د ق,believe;give credence to;confirm+he;it <verb>,exact,high,
733,قوى,قوى,N\CN,noun,,the+armed forces+[fem.pl.],exact,high,
734,دم,دم,N\CN,noun,,the+blood+[def.gen.],exact,high,
735,جائزة,جائزة,N\CN,noun,,prize;reward+[fem.sg.],exact,high,
736,حكومي,حكومي,ADJ,adj,ح ك م,the+governmental;state;official+[fem.sg.],exact,high,
737,يظهر,يظهر,V\VI,verb,ظ ه ر,it;they;she+show;manifest;demonstrate,exact,high,
738,وراء,وراء,ADV,noun,,behind;past;beyond+[def.acc.],exact,unresolved,No sufficiently close same-POS MSA validation candidate.
739,حادث,حادث,N\CN | V\VP,noun,ح د ث,incident;event+[indef.gen.],exact,high,
740,نقاط,نقاط,N\CN,noun,ن ق ط,point;location;position+[fem.sg.],exact,high,
741,انتظار,انتظار,N\CN,,,,exact,unresolved,Multiple equally plausible same-POS MSA repairs.
742,قاعدة,قاعدة,N\CN,noun,ق ع د,rule;principle;basis+[fem.sg.],exact,high,
743,حظ,حظ,N\CN,noun,ح ظ ظ,the+luck;fortune+[def.gen.],exact,high,
744,مهم,مهم,ADJ,adj,ه م م,important;serious+[fem.sg.],exact,high,
745,تعامل / عتامل,تعامل,N\CN | V\VP,noun | verb,ع م ل,the+relations;dealings+[def.gen.] | it;they;she+deal with;do business with,attested_variant_repair,high,One slash variant is an attested same-POS form; the other is a near-identical RTL extraction artifact.
746,ثقافة,ثقافة,N\CN,noun,ث ق ف,the+culture;civilization+[fem.sg.],exact,high,
747,إجراءا / ت,إجراءات,N\CN,noun,,conducting;undertaking;carrying out+[def.gen.],concatenated_attested_fragments,high,PDF fragments concatenate to an attested same-POS MSA form.
748,قضايا,قضايا,N\CN,noun,,problem;issue+[fem.sg.],exact,high,
749,طعام,طعام,N\CN,noun,ط ع م,the+food+[def.gen.],exact,high,
750,سواء,سواء,N\CN,noun,,except;whether+[def.nom.],exact,high,
751,يسمح,يسمح,V\VI,verb,س م ح,he;it+allow;permit;authorize,exact,high,
752,أهداف,أهداف,N\CN,noun,ه د ف,by;with+goal;objective;intention+[def.gen.],exact,high,
753,يسأل,يسأل,V\VI,verb,,he;it+ask;inquire;request,exact,high,
754,ملعب,ملعب,N\CN,noun,ل ع ب,playground;sports field;stadium+[def.gen.],exact,high,
755,دقائق,دقائق,N\CN,noun,د ق ق,minutes+[def.gen.],exact,high,
756,فعلا,فعلا,N\CN,noun,ف ع ل,verb+[indef.gen.],exact,high,
757,عسكر / ية,عسكرية,ADJ,adj,ع س ك ر,the+military;army+[fem.sg.],concatenated_attested_fragments,high,PDF fragments concatenate to an attested same-POS MSA form.
758,معرض,معرض,N\CN,noun,ع ر ض,exhibit;exhibition;review+[def.gen.],exact,high,
759,بقاء,بقاء,N\CN,noun,,the+survival;remaining+[def.acc.],exact,high,
760,اتصاال,ايصال,N\CN,noun,,connection;transportation;transmission+[def.gen.],fuzzy_repair,medium,Repaired malformed/POS-incompatible PDF form by unique same-POS MSA candidate (distance 2).
761,حفل,حفل,N\CN,noun,ح ف ل,ceremony;celebration+[def.gen.],exact,high,
762,شؤون,شؤون,N\CN,noun,,by;with+matter;affair+[def.gen.],exact,high,
763,حجم,حجم,N\CN,noun,ح ج م,volume;size+[def.gen.],exact,high,
764,يرغب,يرغب,V\VI,verb,ر غ ب,wish;desire+it;they;she <verb>,exact,high,
765,زمن,زمن,N\CN,noun,ز م ن,time;period;duration+[indef.gen.],exact,high,
766,سالمة,سلامة,N\CN,noun,س ل م,security;safety;integrity+[fem.sg.],fuzzy_repair,high,Repaired malformed/POS-incompatible PDF form by unique same-POS MSA candidate (distance 1).
767,حي,حي,N\CN,noun,,quarter;district+[def.gen.],exact,high,
768,حوالي,حوالي,ADV,noun,,obstacle;partition+my,exact,unresolved,No sufficiently close same-POS MSA validation candidate.
769,طرق,طرق,N\CN | V\VP,noun | verb,ط ر ق,road;way+[def.gen.] | he;it+knock,exact,high,
770,أسعر / أسرع,أسرع,N\CN | V\VP,noun,س ر ع,faster;fastest+[def.gen.],attested_variant_repair,high,One slash variant is an attested same-POS form; the other is a near-identical RTL extraction artifact.
771,توفير,توفير,N\CN,noun,,provision;furnishing+[def.gen.],exact,high,
772,أصحا / ب,أصحاب,N\CN,noun,ص ح ب,friend;companion+[def.gen.],concatenated_attested_fragments,high,PDF fragments concatenate to an attested same-POS MSA form.
773,استثمار,مستثمر,N\CN,noun,ث م ر,the+investor+[masc.pl.],fuzzy_repair,medium,Repaired malformed/POS-incompatible PDF form by unique same-POS MSA candidate (distance 2).
774,مسؤول / ية,مسؤولية,N\CN,noun,,responsibility+[fem.sg.],concatenated_attested_fragments,high,PDF fragments concatenate to an attested same-POS MSA form.
775,كافة,كافة,N\CN,noun,,all+[fem.sg.],exact,high,
776,أدى,أدى,V\VP,verb,,he;it+direct;guide;lead,exact,high,
777,مسلمو / ن,مسلم,N\CN,noun,س ل م,Muslim+[indef.gen.],fuzzy_repair,high,Repaired malformed/POS-incompatible PDF form by unique same-POS MSA candidate (distance 1).
778,سباق,سباق,N\CN,noun,س ب ق,race;competition+[def.gen.],exact,high,
779,زواج,زواج,N\CN,noun,,the+marriage;wedding+[def.gen.],exact,high,
780,يؤكد,يؤكد,V\VI,verb,,affirm;assure;confirm;guarantee+he;it <verb>,exact,high,
781,ثقة,ثقة,N\CN,noun,,the+trust;confidence+[fem.sg.],exact,high,
782,تجربة,تجربة,N\CN,noun,ج ر ب,experience;experiment+[fem.sg.],exact,high,
783,روح,روح,N\CN,noun,,spirit;soul+[def.gen.],exact,high,
784,اعتبر,اعتبر,V\VP,,,,exact,unresolved,No sufficiently close same-POS MSA validation candidate.
785,فط,نفط,N\CN,noun,ن ف ط,the+petroleum;oil+[def.gen.],source_override,high,Official Table 4 text resolves PDF extraction artifact.
786,تقريبا,تقريبا,N\CN,noun,ق ر ب,approximation+[acc.indef.],exact,high,
787,إنشاء,إنشاء,N\CN,noun,,essay;composition+[def.gen.],exact,high,
788,يقلق,يقلق,V\VI,verb,ق ل ق,he;it+make restless;agitate,exact,high,
789,يتلص,يتصل,V\VI,,,,source_override,unresolved,Multiple equally plausible same-POS MSA repairs.
790,رحلة,رحلة,N\CN,noun,ر ح ل,journey;career+[fem.sg.],exact,high,
791,آنسة,آنسة,N\CN,noun,,the+lady;Miss+[fem.sg.],exact,high,
792,استمر,استمر,V\VP | V\VR,,,,exact,unresolved,No sufficiently close same-POS MSA validation candidate.
793,أسلف,أسفل,N\CN,noun,س ف ل,lower;lowest;underneath,source_override,high,Official Table 4 text resolves PDF extraction artifact.
794,يتعلم,يتعلم,V\VI,verb,ع ل م,he;it+study;learn,exact,high,
795,جو,جو,N\CN,noun,,the+climate;atmosphere+[def.gen.],exact,high,
796,أسلحة,أسلحة,N\CN,noun,س ل ح,the+weapon+[def.gen.],exact,high,
797,صدر,صدر,V\VP,verb,ص د ر,be published;be issued+he;it <verb>,exact,high,
798,وم,نوم,N\CN,noun,,the+sleep,source_override,high,Official Table 4 text resolves PDF extraction artifact.
799,صناعة,صناعة,N\CN,noun,ص ن ع,manufacture;industry;trade;craft+[fem.sg.],exact,high,
800,تحرير,تحرير,N\CN,noun,ح ر ر,the+liberation;liberating+[def.gen.],exact,high,
801,طلاب,طلاب,N\CN,noun,ط ل ب,the+students+[def.gen.],exact,high,
802,قريبا,قريبا,ADV,adj,ق ر ب,recent;soon+[acc.indef.],exact,unresolved,No sufficiently close same-POS MSA validation candidate.
803,فتى,فتى,N\CN,noun,,the+young man;juvenile,exact,high,
804,قوي,قوي,ADJ,adj,,strong;powerful+[fem.sg.],exact,high,
805,رعاية,رعاية,N\CN,noun,,custody;protection;sponsorship+[fem.sg.],exact,high,
806,تدريب,تدريب,N\CN,noun,د ر ب,the+training;coaching;practice+[def.gen.],exact,high,
807,وفد,وفد,N\CN | V\VP,noun,,delegation+[indef.nom.],exact,high,
808,اتجاه,اتجاه,N\CN,,,,exact,unresolved,No sufficiently close same-POS MSA validation candidate.
809,تناول,تناول,N\CN | V\VP,verb | noun,,deal with;eat+he;it <verb> | dealing with;eating+its;their;her,exact,high,
810,وقف,وقف,N\CN | V\VP,noun | verb,,waqf (religious endowment)+[def.gen.] | he;it+stop;cease;stand,exact,high,
811,أرسل,أرسل,V\VP,verb,ر س ل,send;transmit+he;it <verb>,exact,high,
812,يضم,يضم,V\VI,verb,ض م م,it;they;she+include;comprise;incorporate,exact,high,
813,مرور,مرور,N\CN,noun,م ر ر,traffic;passing;crossing+[def.gen.],exact,high,
814,شاب,شاب,N\CN | V\VP,noun | verb,ش ب ب,the+young man+[def.nom.] | corrupt;adulterate+it;they;she <verb>,exact,high,
815,خرج,خرج,V\VP,verb,خ ر ج,it;they;she+go out;exit;leave,exact,high,
816,يتوقع,يتوقع,V\VI,verb,,he;it+be expected;be counted on;be anticipated,exact,high,
817,يقدم,يقدم,V\VI,verb,ق د م,offer;present;introduce+he;it <verb>,exact,high,
818,نمو,نمو,N\CN,noun,,the+development;growth;progress+[def.gen.],exact,high,
819,ثورة,ثورة,N\CN,noun,,the+revolution;uprising+[fem.sg.],exact,high,
820,أموال,أموال,N\CN,noun,,the+money;capital;funds+[def.gen.],exact,high,
821,يكفي,يكفي,V\VI,verb,,he;it+be enough;suffice,exact,high,
822,عاصمة,عاصمة,N\CN,noun,ع ص م,the+capital city+[fem.sg.],exact,high,
823,يهم,يهم,V\VI,verb,ه م م,he;it+concern;be important,exact,high,
824,كبرى,كبرى,ADJ,noun,ك ب ر,the+bridge;overpass,exact,unresolved,No sufficiently close same-POS MSA validation candidate.
825,حملة,حملة,N\CN,noun,ح م ل,campaign;expedition;attack+[fem.sg.],exact,high,
826,اقتصاد,اقتصاد,N\CN,,,,exact,unresolved,Multiple equally plausible same-POS MSA repairs.
827,لغة,لغة,N\CN,noun,,the+language+[fem.sg.],exact,high,
828,عنوان,عنوان,N\CN,noun,ع ن ن,headline+[def.gen.],exact,high,
829,كلية,كلية,N\CN,noun,ك ل ل,entirety+[fem.sg.],exact,high,
830,عم,عم,N\CN | V\VP,noun | verb,ع م م,paternal uncle+[def.gen.] | it;they;she+be universal;be prevalent,exact,high,
831,قمة,قمة,N\CN,noun,ق م م,summit+[fem.sg.],exact,high,
832,تابع,تابع,N\CN | V\VP,verb,ت ب ع,and+continue;follow+he;it <verb>,exact,high,
833,دائرة,دائرة,N\CN,noun,,office;bureau;district+[fem.sg.],exact,high,
834,أحداث,أحداث,N\CN,noun,ح د ث,the+events+[def.gen.],exact,high,
835,بحر,بحر,N\CN,noun,ب ح ر,the+sea+[def.gen.],exact,high,
836,مناسب,مناسب,ADJ,adj,ن س ب,the+suitable;appropriate+[def.gen.],exact,high,
837,قرية,قرية,N\CN,noun,,village+[fem.sg.],exact,high,
838,يبلغ,يبلغ,V\VI,verb,ب ل غ,reach;attain+he;it <verb>,exact,high,
839,انتهاء,انهاء,N\CN,noun,,termination;completion+[def.gen.],fuzzy_repair,high,Repaired malformed/POS-incompatible PDF form by unique same-POS MSA candidate (distance 1).
840,معنى,معنى,N\CN,noun,,meaning;sense,exact,high,
841,يعاني,يعاني,V\VI,verb,,he;it+suffer,exact,high,
842,جاري,جاري,ADJ,adj,,the+current;present;proceeding;taking place,exact,high,
843,مواد,مواد,N\CN,noun,م د د,substance;material+[fem.sg.],exact,high,
844,مسألة,مسألة,N\CN,noun,,issue;affair;matter;question+[fem.sg.],exact,high,
845,قلق,قلق,N\CN | V\VP,noun | verb,ق ل ق,the+unrest;concern;apprehension+[def.acc.] | it;they;she+be worried;be agitated,exact,high,
846,دعوة,دعوة,N\CN,noun,,(Islamic) missionary work;Da'wah;propaganda+[fem.sg.],exact,high,
847,سكان,سكان,N\CN,noun,س ك ن,residents;inhabitants+[def.gen.],exact,high,
848,أسباب,أسباب,N\CN,noun,س ب ب,by;with+reason;cause+[def.gen.],exact,high,
849,يتوقف,يتوقف,V\VI,verb,,he;it+stop;halt;depend on,exact,high,
850,وصف,وصف,N\CN | V\VP,verb | noun,,describe;characterize+he;it <verb> | because;as+its;his,exact,high,
851,بلدة,بلدة,N\CN,noun,ب ل د,township+[fem.sg.],exact,high,
852,عالج,عالج,N\CN,verb,ع ل ج,it;they;she+treat;deal with;process,exact,unresolved,Multiple equally plausible same-POS MSA repairs.
853,أوراق,أوراق,N\CN,noun,,leaves+[def.gen.],exact,high,
854,رب,رب,N\CN | P\PRE,noun,ر ب ب,owner;proprietor+[def.gen.],exact,high,
855,وسائل,وسائل,N\CN,noun,,means;devices;instruments+[def.gen.],exact,high,
856,مهرجا / ن,مهرجان,N\CN,noun,,festival+[def.gen.],concatenated_attested_fragments,high,PDF fragments concatenate to an attested same-POS MSA form.
857,تجارة,تجارة,N\CN,noun,ت ج ر,the+commerce;business+[fem.sg.],exact,high,
858,ضرب,ضرب,N\CN | V\VP,noun | verb,ض ر ب,strike;attack;bombardment+[def.gen.] | he;it+be struck;be hit,exact,high,
859,مقاومة,مقاومة,N\CN,noun,,the+resistance;opposition;struggle+[fem.sg.],exact,high,
860,يستخدم,يستخدم,V\VI,,,,exact,unresolved,Multiple equally plausible same-POS MSA repairs.
861,مصلحة,مصلحة,N\CN,noun,ص ل ح,interest;advantage;agency+[fem.sg.],exact,high,
862,أسواق,أسواق,N\CN,noun,,market+[def.gen.],exact,high,
863,يدعو,يدعو,V\VI,verb,,we+call;invite+you,exact,high,
864,سيطرة,سيطرة,N\CN,noun,س ط ر,the+control;dominion+[fem.sg.],exact,high,
865,مؤخار,مؤخار,N\CN,,,,exact,unresolved,Multiple equally plausible same-POS MSA repairs.
866,أساس,أساس,N\CN,noun,,foundation;basis+[def.gen.],exact,high,
867,ظرة,ظرة,N\CN,,,,exact,unresolved,Multiple equally plausible same-POS MSA repairs.
868,مجددا,مجددا,N\CN,noun,ج د د,renovator;reformer+[acc.indef.],exact,high,
869,مادة,مادة,N\CN,noun,م د د,substance;material+[fem.sg.],exact,high,
870,جنس,جنس,N\CN,noun,ج ن س,the+type;kind+[def.gen.],exact,high,
871,أنفس,نفس,N\CN,noun,ن ف س,soul+its;his,fuzzy_repair,high,Repaired malformed/POS-incompatible PDF form by unique same-POS MSA candidate (distance 1).
872,تسجيل,تسجيل,N\CN,noun,س ج ل,the+registration;recording;documentation+[def.acc.],exact,high,
873,أوطس,أوس,N\CN,noun,,for;to+lynx+my,fuzzy_repair,high,Repaired malformed/POS-incompatible PDF form by unique same-POS MSA candidate (distance 1).
874,حقق,حقق,V\VP,verb,ح ق ق,achieve;realize;reach+he;it <verb>,exact,high,
875,خطاب,خطاب,N\CN,noun,خ ط ب,the+speech+[def.gen.],exact,high,
876,جح,جح,V\VP,,,,exact,unresolved,Multiple equally plausible same-POS MSA repairs.
877,تشكيل,تشكيل,N\CN,noun,ش ك ل,formation;composition;constitution+[def.gen.],exact,high,
878,سيئة,سيئة,ADJ,noun,,bad+[fem.sg.],exact,unresolved,No sufficiently close same-POS MSA validation candidate.
879,بطل,بطل,N\CN,noun,ب ط ل,heroes;champions;stars,exact,high,
880,يقف,يقف,V\VI,verb,,he;it+stop;cease;stand,exact,high,
881,يواجه,يواجه,V\VI,verb,,it;they;she+face;be faced with;confront,exact,high,
882,قرب,قرب,V\VP,verb,ق ر ب,he;it+approach;draw near,exact,high,
883,حاكم,حاكم,N\CN | V\VP,noun | verb,ح ك م,ruler;governor+[def.gen.] | he;it+prosecute;arraign,exact,high,
884,عقب,عقب,ADV | V\VP,verb,ع ق ب,it;they;she+follow;come after,exact,high,
885,ظن,ظن,N\CN | V\VP,verb | noun,ظ ن ن,he;it+think;believe;presume | the+opinion;assumption+[def.gen.],exact,high,
886,مر,مر,N\CN | V\VP,verb | noun,م ر ر,it;they;she+pass;go through | passing+[def.gen.],exact,high,
887,عشاء,عشاء,N\CN | ADV,noun,,the+dinner;supper+[def.gen.],exact,high,
888,إعداد,إعداد,N\CN,noun,ع د د,preparation+[def.gen.],exact,high,
889,فندق,فندق,N\CN,noun,ف ن د ق,hotel+[def.gen.],exact,high,
890,يؤدي,يؤدي,V\VI,verb,,he;it+direct;guide;lead,exact,high,
891,يحضر,يحضر,V\VI,verb,ح ض ر,attend;appear+he;it <verb>,exact,high,
892,تحول,تحول,N\CN | V\VP,verb | noun,,be changed;be transformed+he;it <verb> | the+change;transformation+[def.nom.],exact,high,
893,سريع,سريع,ADJ,adj,س ر ع,the+quick;prompt+[def.gen.],exact,high,
894,يشهد,يشهد,V\VI,verb,ش ه د,witness;observe+it;they;she <verb>,exact,high,
895,سر,سر,N\CN,noun,س ر ر,secret+[def.gen.],exact,high,
896,ظروف,ظروف,N\CN,noun,ظ ر ف,the+circumstances;condition;situation+[def.gen.],exact,high,
897,فاز,فاز,V\VP,verb,,win;be victorious+he;it <verb>,exact,high,
898,ميت,مميت,ADJ,adj,,the+fatal;lethal;mortal+[fem.sg.],fuzzy_repair,high,Repaired malformed/POS-incompatible PDF form by unique same-POS MSA candidate (distance 1).
899,أثر,أثر,N\CN | V\VP,noun | verb,,effects;traces+[def.gen.] | affect;influence+he;it <verb>,exact,high,
900,ضوء,ضوء,N\CN,noun,,the+light,exact,high,
901,عمال,عمال,N\CN,noun,ع م ل,the+workers+[def.gen.],exact,high,
902,قدرة,قدرة,N\CN,noun,ق د ر,the+capacity;ability;potential;power+[fem.sg.],exact,high,
903,يدري,يدري,V\VI,verb,,I+know;be aware of;notice,exact,high,
904,منع,منع,N\CN | V\VP,noun | verb,م ن ع,prevention;interdiction+[def.gen.] | he;it+prevent;forbid,exact,high,
905,رئيسي,رئيسي,ADJ,adj,,the+main;principal+[fem.sg.],exact,high,
906,ميالد,ميلاد,N\CN,noun,,the+birthday;birth+[def.gen.],fuzzy_repair,high,Repaired malformed/POS-incompatible PDF form by unique same-POS MSA candidate (distance 1).
907,إنما,إما,P\PO,conj,,either,fuzzy_repair,high,Repaired malformed/POS-incompatible PDF form by unique same-POS MSA candidate (distance 1).
908,مسابقة,مسابقة,N\CN,noun,س ب ق,the+race;competition+[fem.pl.],exact,high,
909,دليل,دليل,N\CN,noun,د ل ل,directory;manual;guide-book+[indef.nom.],exact,high,
910,سفر,سفر,N\CN,noun,س ف ر,the+travel;trip+[def.gen.],exact,high,
911,حمل,حمل,N\CN,noun,ح م ل,the+urging;compelling;forcing,exact,high,
912,تصوير,تصوير,N\CN,noun,,the+depiction;characterization+[def.gen.],exact,high,
913,طيران,طيران,N\CN,noun,,the+flying+[def.gen.],exact,high,
914,محطة,محطة,N\CN,noun,ح ط ط,station+[fem.sg.],exact,high,
915,أفراد,أفراد,N\CN,noun,ف ر د,individuals+[def.gen.],exact,high,
916,سوء,سوء,N\CN,noun,,offense;bad;ill,exact,high,
917,احترام,احترام,N\CN,,,,exact,unresolved,Multiple equally plausible same-POS MSA repairs.
918,حساب,حساب,N\CN,noun,ح س ب,invoice;expense;account+[def.gen.],exact,high,
919,تطبيق,تطبيق,N\CN,noun,ط ب ق,application+[def.gen.],exact,high,
920,يستحق,يستحق,V\VI,,,,exact,unresolved,No sufficiently close same-POS MSA validation candidate.
921,بيئة,بيئة,N\CN,noun,,the+environment;milieu+[fem.sg.],exact,high,
922,مقر,مقر,N\CN,noun,ق ر ر,center;headquarters;residence+[def.gen.],exact,high,
923,فشل,فشل,N\CN | V\VP,noun | verb,ف ش ل,failure+[def.gen.] | fail;be unsuccessful+it;they;she <verb>,exact,high,
924,افعل,فعل,V\VR,verb,ف ع ل,he;it+do;act,fuzzy_repair,high,Repaired malformed/POS-incompatible PDF form by unique same-POS MSA candidate (distance 1).
925,كبار,كبار,N\CN,noun,ك ب ر,senior;adults+[def.gen.],exact,high,
926,يتعرف,يتعرف,V\VI,verb,ع ر ف,you [masc.sg.]+identify,exact,high,
927,وفقا / ل,وفقا/ل,N\CN,,,,exact,unresolved,Multiple equally plausible same-POS MSA repairs. Final front is not a single Arabic-script word.
928,منافسة,منافسة,N\CN,noun,ن ف س,the+competition;rivalry+[fem.sg.],exact,high,
929,يسعى,يسعى,V\VI,verb,,it;they;she+strive;pursue,exact,high,
930,يكره,يكره,V\VI,verb,ك ر ه,he;it+hate;loathe;dislike,exact,high,
931,مواطن,مواطن,N\CN,noun,,the+citizen+[masc.pl.],exact,high,
932,أوالد,والد,N\CN,noun,,father+its;his,fuzzy_repair,high,Repaired malformed/POS-incompatible PDF form by unique same-POS MSA candidate (distance 1).
933,طبيعي,طبيعي,ADJ,adj,ط ب ع,the+natural;normal+[fem.sg.],exact,high,
934,خطوة,خطوة,N\CN,noun,,step;stride+[fem.sg.],exact,high,
935,مشاريع,مشاريع,N\CN,noun,ش ر ع,project;enterprise+[def.gen.],exact,high,
936,شاهد,شاهد,V\VP,verb,ش ه د,watch;observe;witness+he;it <verb>,exact,high,
937,أصل,أصل,N\CN,noun,,origin;root+[def.gen.],exact,high,
938,مدارس,مدارس,N\CN,noun,د ر س,school+[fem.sg.],exact,high,
939,ثمن,ثمن,N\CN,noun,ث م ن,value;price+[def.acc.],exact,high,
940,إيجاد,إيجاد,N\CN,noun,,discovery;finding+[def.gen.],exact,high,
941,صفقة,صفقة,N\CN,noun,ص ف ق,deal;transaction+[fem.sg.],exact,high,
942,يطلق,يطلق,V\VI,verb,ط ل ق,he;it+be released;be fired,exact,high,
943,يقبل,يقبل,V\VI,verb,ق ب ل,it;they;she+accept;receive;approve,exact,high,
944,يجمع,يجمع,V\VI,verb,ج م ع,it;they;she+gather;assemble,exact,high,
945,شديد,شديد,ADJ,adj,ش د د,the+intense;strong;severe+[def.gen.],exact,high,
946,أسئلة,أسئلة,N\CN,noun,,question;inquiry+[indef.gen.],exact,high,
947,سن,سن,N\CN,noun,س ن ن,enactment;prescription,exact,high,
948,تفكير,تفكير,N\CN,noun,ف ك ر,the+thinking;meditation;reflection+[def.gen.],exact,high,
949,أسماء,سماء,N\CN,noun,,the+sky;heaven+[def.gen.],fuzzy_repair,high,Repaired malformed/POS-incompatible PDF form by unique same-POS MSA candidate (distance 1).
950,مستشار,مستشار,N\CN,noun,,the+counselor;adviser+[def.nom.],exact,high,
951,يقود,يقود,V\VI,verb,,he;it+drive;pilot,exact,high,
952,يتمكن,يتمكن,V\VI,verb,م ك ن,be capable of;be able to+he;it <verb>,exact,high,
953,جهود,جهود,N\CN,noun,ج ه د,the+efforts+[def.gen.],exact,high,
954,سبق,سبق,N\CN | V\VP,verb | noun,س ب ق,precede;antecede;anticipate+he;it <verb> | the+precedence;antecedence+[def.gen.],exact,high,
955,ضغط,ضغط,N\CN | V\VP,noun | verb,ض غ ط,the+pressure;stress;voltage+[def.gen.] | I+press;push;pressurize;compress,exact,high,
956,إشارة,إشارة,N\CN,noun,,the+indication;mention;sign+[fem.sg.],exact,high,
957,متابعة,متابعة,N\CN,noun,ت ب ع,pursuit;continuation+[fem.sg.],exact,high,
958,أصاب,أصاب,V\VP,verb,,I+strike;afflict,exact,high,
959,أخت,أخت,N\CN,noun,,sister;counterpart+my two,exact,high,
960,حذر,حذر,N\CN | ADJ,noun,ح ذ ر,the+caution+[def.gen.],exact,high,
961,خليج,خليج,N\CN,noun,خ ل ج,the+gulf+[def.gen.],exact,high,
962,أسرة,أسرة,N\CN,noun,,the+family;community+[fem.sg.],exact,high,
963,إصالح,إصالح,N\CN,,,,exact,unresolved,Multiple equally plausible same-POS MSA repairs.
964,حارس,حارس,N\CN,noun,ح ر س,vigilant;sentry;guard;keeper;goal-keeper+[def.nom.],exact,high,
965,ناحية,ناحية,ADV,noun,,side;perspective+[fem.sg.],exact,unresolved,No sufficiently close same-POS MSA validation candidate.
966,مرض,مرض,N\CN | V\VP,noun,م ر ض,diseases;illnesses+[def.gen.],exact,high,
967,فصل,فصل,V\VP,verb,ف ص ل,he;it+separate;detach;set apart,exact,high,
968,تغير,تغير,N\CN | V\VP,verb | noun,,it;they;she+change;modify | the+transformation;change;variation+[fem.pl.] | he;it+be changed;be modified,exact,high,
969,مجنون,مجنون,ADV,noun,ج ن ن,insane;crazy;madman,exact,unresolved,No sufficiently close same-POS MSA validation candidate.
970,نصر,نصر,N\CN | V\VP,noun,ن ص ر,and + the+victory;assistance+[def.nom.],exact,high,
971,موجود,موجود,ADV,noun,,the+present;existing;found+[fem.sg.],exact,unresolved,No sufficiently close same-POS MSA validation candidate.
972,أسوأ,أسوأ,N\CN,noun,,worse;worst,exact,high,
973,حلم,حلم,N\CN | V\VP,noun | verb,ح ل م,dream+[def.acc.] | he;it+dream,exact,high,
974,أندية,أندية,N\CN,noun,,club;association,exact,high,
975,جمهور,جمهور,N\CN,noun,ج م ه ر,the+multitude;public+[def.gen.],exact,high,
976,صيد,صيد,N\CN,noun,,the+hunting;fishing;trapping+[def.gen.],exact,high,
977,عادة,عادة,N\CN,noun,,habit;custom;practice+[fem.sg.],exact,high,
978,مخدرا / ت,مخدرات,N\CN,noun,خ د ر,the+narcotics;drugs+[fem.pl.],concatenated_attested_fragments,high,PDF fragments concatenate to an attested same-POS MSA form.
979,اتفق,اتفق,V\VP,,,,exact,unresolved,No sufficiently close same-POS MSA validation candidate.
980,مسرح,مسرح,N\CN,noun,س ر ح,the+theater;stage+[def.gen.],exact,high,
981,تمكن,تمكن,N\CN | V\VP,verb | noun,م ك ن,be capable of;be able to+he;it <verb> | the+capability;control+[def.gen.],exact,high,
982,ينبغي,ينبغي,V\VI,,,,exact,unresolved,No sufficiently close same-POS MSA validation candidate.
983,ألعاب,ألعاب,N\CN,noun,ل ع ب,games;sports+[def.gen.],exact,high,
984,قوانين,قوانين,N\CN,noun,ق ن ن,law;statutes;regulations+[def.gen.],exact,high,
985,يزيد,يزيد,V\VI,verb,,he;it+increase;exceed;add,exact,high,
986,رياضة,رياضة,N\CN,noun,,the+mathematics+[fem.sg.],exact,high,
987,مبلغ,مبلغ,N\CN,noun,ب ل غ,the+amount;sum+[def.gen.],exact,high,
988,كتابة,كتابة,N\CN,noun,ك ت ب,writing+[fem.sg.],exact,high,
989,خوف,خوف,N\CN,noun,,the+fear+[def.gen.],exact,high,
990,شمس,شمس,N\CN,noun,ش م س,the+sun+[def.gen.],exact,high,
991,ساعد,ساعد,V\VP,verb,س ع د,he;it+help;assist;support;contribute,exact,high,
992,يقل,يقل,V\VI,verb,ق ل ل,he;it+be less;decrease;diminish,exact,high,
993,اتخاذ,اتخاذ,N\CN,,,,exact,unresolved,No sufficiently close same-POS MSA validation candidate.
994,حفلة,حفلة,N\CN,noun,ح ف ل,celebrations;parties;ceremonies+[fem.pl.],exact,high,
995,شعور,شعور,N\CN,noun,ش ع ر,the+feeling;sentiment;awareness+[def.gen.],exact,high,
996,يفضل,يفضل,V\VI,verb,ف ض ل,he;it+prefer,exact,high,
997,استطاع,استطاع,V\VP,,,,exact,unresolved,No sufficiently close same-POS MSA validation candidate.
998,طبيعة,طبيعة,N\CN,noun,ط ب ع,the+nature;natural+[fem.sg.],exact,high,
999,مقابلة,مقابلة,N\CN,noun,ق ب ل,encounter;meeting;interview+[fem.sg.],exact,high,
1000,ابتعد,ابتعد,V\VP | V\VR,,,,exact,unresolved,No sufficiently close same-POS MSA validation candidate.
