frequency,front,kaikki_meaning,reason
13278290,ثاني,,no_kaikki_semantic_entry
7316898,شبكي,,no_kaikki_semantic_entry
6797099,تصميم,"firm decision, fixed intention; austerity, stringency, strictness; verbal noun of صَمَّمَ (ṣammama) (form II)",no_calima_kaikki_semantic_agreement
5109449,جد,glory; ancient; Majesty,no_calima_kaikki_semantic_agreement
4981895,مسلسل,series; striped; soap opera,no_calima_kaikki_semantic_agreement
4961430,مدون,,no_kaikki_semantic_entry
4651543,سلم,peace; stones; captives,no_calima_kaikki_semantic_agreement
4568956,تحميل,verbal noun of حَمَّلَ (ḥammala) (form II),no_calima_kaikki_semantic_agreement
4381056,ال,the,no_calima_kaikki_semantic_agreement
4352966,صيانة,modesty; chastity; protection,no_calima_kaikki_semantic_agreement
4025066,مخالف,"against, anti-; opponent, objector, dissenter; contrary, disagreeing, opposed",no_calima_kaikki_semantic_agreement
4017299,راوند,rhubarb,no_calima_kaikki_semantic_agreement
3873852,قرني,,no_kaikki_semantic_entry
3609780,أوربي,,no_kaikki_semantic_entry
3604376,جمهوري,republican,no_calima_kaikki_semantic_agreement
3521258,جوال,"mobile phone; mobile, portable; ranger, rifleman",no_calima_kaikki_semantic_agreement
3511346,تبليغ,verbal noun of بَلَّغَ (ballaḡa) (form II),no_calima_kaikki_semantic_agreement
3399993,مدني,urban; citizen; Medinan,no_calima_kaikki_semantic_agreement
3398664,مقال,"a comment; a remark; speech, utterance; words; verbal noun of قَالَ (qāla) (form I)",no_calima_kaikki_semantic_agreement
3376968,جمع,to add; addition; to contain,no_calima_kaikki_semantic_agreement
3191524,أمني,,no_kaikki_semantic_entry
3130684,عامل,"motive power; active, effective; to do business with",no_calima_kaikki_semantic_agreement
3056172,وفق,logarithm; to assist; to succeed,no_calima_kaikki_semantic_agreement
2934532,أمارة,,no_kaikki_semantic_entry
2895031,أدب,culture; decency; civility,no_calima_kaikki_semantic_agreement
2881666,خصوص,"particular attachment, friendship, affection; particularity, speciality, specialty, peculiarity",no_calima_kaikki_semantic_agreement
2846694,تواصل,to be interconnected; to come at the same time; to be united by friendship,no_calima_kaikki_semantic_agreement
2815245,تركي,Turk,no_calima_kaikki_semantic_agreement
2809563,سبت,,no_kaikki_semantic_entry
2803737,ورى,show; creation; strike fire,no_calima_kaikki_semantic_agreement
2781373,تعريف,tariff; guessing; assertion,no_calima_kaikki_semantic_agreement
2771077,إطلاق,verbal noun of أَطْلَقَ (ʔaṭlaqa) (form IV),no_calima_kaikki_semantic_agreement
2737557,مباشر,manager; director; inspector,no_calima_kaikki_semantic_agreement
2710321,شرط,"low, mean; to scarify, to cup; to tear into pieces",no_calima_kaikki_semantic_agreement
2705739,فرقة,sect; class; separation,no_calima_kaikki_semantic_agreement
2635754,ديموقراطي,,no_kaikki_semantic_entry
2610014,معلم,"traits; peculiarity; track, trace",no_calima_kaikki_semantic_agreement
2561218,أقام,to awaken; to persist; to put in charge,no_calima_kaikki_semantic_agreement
2536570,رسم,"trace, spoor; tradition, custom; rate, levy, imposition",no_calima_kaikki_semantic_agreement
2450944,تعلق,to put forth roots; to depend (بِ (bi) on); to be devoted (بِ (bi) to),no_calima_kaikki_semantic_agreement
2411287,تعرض,exposure; proneness; opposition,no_calima_kaikki_semantic_agreement
2338481,أليس,"brave; a female given name from the Germanic languages, equivalent to English Alice",no_calima_kaikki_semantic_agreement
2295194,داخلي,inner; private; domestic,no_calima_kaikki_semantic_agreement
2216863,سبيل,"blame; kinship; manner, method",no_calima_kaikki_semantic_agreement
2206707,عالي,"over, upon, above",no_calima_kaikki_semantic_agreement
2135860,ولي,near; adjacent; favorite,no_calima_kaikki_semantic_agreement
2093502,أربع,,no_kaikki_semantic_entry
2086186,مكافحة,"fight, combat, counter-; verbal noun of كَافَحَ (kāfaḥa) (form III)",no_calima_kaikki_semantic_agreement
2064589,ساكن,placid; inhabitant; unvowelled,no_calima_kaikki_semantic_agreement
2051365,محامي,,no_kaikki_semantic_entry
2037027,ضم,girding; to gird; to compress the lips,no_calima_kaikki_semantic_agreement
2023354,شمل,little quantity left; to expose to the north wind; verbal noun of شَمَلَ (šamala) (form I),no_calima_kaikki_semantic_agreement
2022837,مشير,,no_kaikki_semantic_entry
2010162,نقاش,"a surname; discussion; engraver, inscriber, embosser",no_calima_kaikki_semantic_agreement
1991000,تاريخي,historic,no_calima_kaikki_semantic_agreement
1980194,بي,,no_kaikki_semantic_entry
1968491,خلق,rags; people; bravery,no_calima_kaikki_semantic_agreement
1957400,سعى,to walk; to proceed; to crawl forward,no_calima_kaikki_semantic_agreement
1912660,فئة,"group, band, division, class",no_calima_kaikki_semantic_agreement
1884391,فرض,duty; to impose; to ordain,no_calima_kaikki_semantic_agreement
1868661,أفاد,"to teach; to profit, to benefit; to get, to acquire, to win",no_calima_kaikki_semantic_agreement
1857365,كيفية,howness; quality; particulars,no_calima_kaikki_semantic_agreement
1849500,علامة,grade; signal; symbol,no_calima_kaikki_semantic_agreement
1840636,شامل,,no_kaikki_semantic_entry
1834750,معروف,fair; good; favor,no_calima_kaikki_semantic_agreement
1823709,شحن,"to fill, to load; verbal noun of شَحَنَ (šaḥana)",no_calima_kaikki_semantic_agreement
1792236,مجلة,"blister; scroll, writing paper; any book, volume, writing",no_calima_kaikki_semantic_agreement
1785053,عصر,"late afternoon; to press, to squeeze, to wring; to extract juice from, to juice",no_calima_kaikki_semantic_agreement
1783900,ديوان,"divan; account, reckoning; collection of poetry",no_calima_kaikki_semantic_agreement
1776888,فضائي,alien; spatial,no_calima_kaikki_semantic_agreement
1768562,تحويل,"changing, converting; channeling, diverting; transferring, shifting, switching",no_calima_kaikki_semantic_agreement
1768513,وفر,saving; abundant; abundance,no_calima_kaikki_semantic_agreement
1758294,محل,"store, shop; delay, respite; to plot, to scheme",no_calima_kaikki_semantic_agreement
1754653,خاطر,"to risk, to stake; active participle of خَطَرَ (ḵaṭara); thought, notion (especially a spontaneous one)",no_calima_kaikki_semantic_agreement
1750826,أثار,"to plough; to irritate (a wound); to arouse, to incite, to stimulate",no_calima_kaikki_semantic_agreement
1740223,أون,,no_kaikki_semantic_entry
1714630,متواجد,,no_kaikki_semantic_entry
1710986,إخوة,,no_kaikki_semantic_entry
1692038,رشد,right path; to be of age; being well guided,no_calima_kaikki_semantic_agreement
1672802,كبري,,no_kaikki_semantic_entry
1650459,فائدة,gain; sign; interest,no_calima_kaikki_semantic_agreement
1649536,أزياء,,no_kaikki_semantic_entry
1642369,تعزيز,,no_kaikki_semantic_entry
1633322,نبوي,,no_kaikki_semantic_entry
1618496,حوال,"change, revolution; circumference, circle; verbal noun of حَاوَلَ (ḥāwala) (form III)",no_calima_kaikki_semantic_agreement
1617380,ظرف,case; cover; egg cup,no_calima_kaikki_semantic_agreement
1609382,لاين,,no_kaikki_semantic_entry
1579235,تهنئة,felicitation; congratulation; verbal noun of هَنَّأَ (hannaʔa) (form II),no_calima_kaikki_semantic_agreement
1571257,معين,"rhombic; rhombus; well, spring, water source",no_calima_kaikki_semantic_agreement
1559365,سير,"antler of a stag; to cut into strips; to stripe, to make have streaks",no_calima_kaikki_semantic_agreement
1551096,واصل,to be united with; to show affection; to have connection,no_calima_kaikki_semantic_agreement
1548400,فعاليات,,no_kaikki_semantic_entry
1544474,أفريقي,,no_kaikki_semantic_entry
1544261,خلاف,after; behind; willow (Salix spp.),no_calima_kaikki_semantic_agreement
1541416,تداول,to confer; to negotiate; to alternate with,no_calima_kaikki_semantic_agreement
1517882,لذيذ,"pleasant; beautiful; tasty, delicious",no_calima_kaikki_semantic_agreement
1514716,ست,,no_kaikki_semantic_entry
1503077,إرسال,"sending, dispatching; verbal noun of أَرْسَلَ (ʔarsala) (form IV)",no_calima_kaikki_semantic_agreement
1494370,ألقى,"to lean (transitive); to propose, to offer; to impute, to ascribe",no_calima_kaikki_semantic_agreement
1491756,حفظ,"to reserve; to retain, to uphold; observance, compliance",no_calima_kaikki_semantic_agreement
1491702,قائل,"active participle of قَالَ (qāla, “to nap”) napper; active participle of قَالَ (qāla, “to say”) sayer, one who said something",no_calima_kaikki_semantic_agreement
1490541,حصري,exclusive,no_calima_kaikki_semantic_agreement
1487723,حرف,word; particle; consonant,no_calima_kaikki_semantic_agreement
1486345,صرف,to turn; to explain; to inflect,no_calima_kaikki_semantic_agreement
1484208,قصر,to subside; to come short; to clip (hair),no_calima_kaikki_semantic_agreement
1472099,مؤكد,,no_kaikki_semantic_entry
1470379,سيرة,measures; conversation; ways and means,no_calima_kaikki_semantic_agreement
1446917,بديل,alternative,no_calima_kaikki_semantic_agreement
1430129,مراجعة,verbal noun of رَاجَعَ (rājaʕa) (form III),no_calima_kaikki_semantic_agreement
1428519,قاضي,,no_kaikki_semantic_entry
1408093,جمع,to add; addition; to contain,no_calima_kaikki_semantic_agreement
1404509,نفسي,myself,no_calima_kaikki_semantic_agreement
1388568,إصدار,verbal noun of أَصْدَرَ (ʔaṣdara) (form IV),no_calima_kaikki_semantic_agreement
1387577,متر,"metre; to cut; to extend, to lengthen",no_calima_kaikki_semantic_agreement
1385371,تنفيذي,,no_kaikki_semantic_entry
1382476,زكى,"to give alms or charity; to declare purified or commendable; to purify, to cleanse by having performed a ritual",no_calima_kaikki_semantic_agreement
1366352,روى,to twist (rope); to carry (water); to bind with rope,no_calima_kaikki_semantic_agreement
1365282,حفاظ,protection; verbal noun of حَافَظَ (ḥāfaẓa) (form III),no_calima_kaikki_semantic_agreement
1365030,مؤمن,"faithful, believing; a male given name, Mumin; active participle of آمَنَ (ʔāmana)",no_calima_kaikki_semantic_agreement
1364267,صلاحية,"authority, jurisdiction; expiry date (of a product); suitability, appropriateness",no_calima_kaikki_semantic_agreement
1351336,رمضاني,"Of, or having to do with Ramadan",no_calima_kaikki_semantic_agreement
1348389,منهج,"to systematise, methodise; curriculum, courses, syllabus; specific manner of doing something; methodology; system; programme",no_calima_kaikki_semantic_agreement
1343023,عالي,"over, upon, above",no_calima_kaikki_semantic_agreement
1336713,باقي,,no_kaikki_semantic_entry
1316154,سي,"something equal; similar to, like; something similar",no_calima_kaikki_semantic_agreement
1302727,لي,Noun; Hose ليّ,no_calima_kaikki_semantic_agreement
1301240,عقل,asylum; fortress; Holy Ghost,no_calima_kaikki_semantic_agreement
1300354,تحدي,,no_kaikki_semantic_entry
1298901,محدد,"definite; sharpened; fixed, destined (لِ (li) for)",no_calima_kaikki_semantic_agreement
1297004,تحسين,amendment; perfection; verbal noun of حَسَّنَ (ḥassana) (form II),no_calima_kaikki_semantic_agreement
1290005,عادل,"upright; to equate; notary, judge",no_calima_kaikki_semantic_agreement
1284633,غذائي,,no_kaikki_semantic_entry
1280602,تفعيل,activation; verbal noun of فَعَّلَ (faʕʕala) (form II),no_calima_kaikki_semantic_agreement
1268165,رمز,"to encode; cipher, code; to incinerate",no_calima_kaikki_semantic_agreement
1255850,محيط,ocean; whole; overall,no_calima_kaikki_semantic_agreement
1255502,بالغ,to overdo; to intensify; to exaggerate,no_calima_kaikki_semantic_agreement
1249340,لازم,"obligatory; worthy, fit; intransitive, neuter",no_calima_kaikki_semantic_agreement
1248952,عهد,covenant; testament; commission,no_calima_kaikki_semantic_agreement
1247074,كهربائي,electric,no_calima_kaikki_semantic_agreement
1242638,ترفيهي,recreational,no_calima_kaikki_semantic_agreement
1240361,صراع,"conflict, warfare; verbal noun of صَارَعَ (ṣāraʕa) (form III)",no_calima_kaikki_semantic_agreement
1239412,تقدير,verbal noun of قَدَّرَ (qaddara) (form II),no_calima_kaikki_semantic_agreement
1237270,رغبة,courage; preference; willingness,no_calima_kaikki_semantic_agreement
1218896,منزلي,,no_kaikki_semantic_entry
1209691,ولي,near; adjacent; favorite,no_calima_kaikki_semantic_agreement
1207883,مشهد,"procession; funeral cortege; act, number (on stage)",no_calima_kaikki_semantic_agreement
1194423,جامعي,,no_kaikki_semantic_entry
1193732,مقطع,"syllable; stanza, verse; dismembered, torn",no_calima_kaikki_semantic_agreement
1186785,وادي,,no_kaikki_semantic_entry
1176111,مثال,"bed, carpet; retaliation; manner, method",no_calima_kaikki_semantic_agreement
1171889,متوقع,,no_kaikki_semantic_entry
1168501,سيما,,no_kaikki_semantic_entry
1162368,قضى,to kill; to impose; to condemn,no_calima_kaikki_semantic_agreement
1153715,تحضير,verbal noun of حَضَّرَ (ḥaḍḍara) (form II),no_calima_kaikki_semantic_agreement
1148318,آبد,active participle of أَبَدَ (ʔabada),no_calima_kaikki_semantic_agreement
1146270,تسبب,"to use; to give reasons; to do commerce, to hawk",no_calima_kaikki_semantic_agreement
1144535,صادر,"to urge, to press, to oppress; to seize, to impound, to confiscate",no_calima_kaikki_semantic_agreement
1143796,معتمد,"reliant (on), dependent (on); active participle of اِعْتَمَدَ (iʕtamada); passive participle of اِعْتَمَدَ (iʕtamada)",no_calima_kaikki_semantic_agreement
1142451,فكري,,no_kaikki_semantic_entry
1140565,اللهم,,no_kaikki_semantic_entry
1135386,مالك,"owner; a male given name, Malik; owning, possessing, holding",no_calima_kaikki_semantic_agreement
1133547,غرض,"to yearn, to long; vexed, distressed; to be vexed, to be distressed",no_calima_kaikki_semantic_agreement
1132152,ذاتي,"personal; automatic; own, proper",no_calima_kaikki_semantic_agreement
1129192,مديرية,mudiriyah: an administrative subdivision,no_calima_kaikki_semantic_agreement
1120692,ست,,no_kaikki_semantic_entry
1116152,أجمل,"prettier; prettiest; to sum up, to summarize; to sum, to total, to add",no_calima_kaikki_semantic_agreement
1102897,طرح,to teach; to miscarry; miscarried foetus,no_calima_kaikki_semantic_agreement
1098014,ثنائي,"duo; having two parts; composed of two letters, biliteral",no_calima_kaikki_semantic_agreement
1088905,أتاح,"to make easy, to make possible, to facilitate",no_calima_kaikki_semantic_agreement
1073155,شعار,device; ensign; signal,no_calima_kaikki_semantic_agreement
1071355,مستعمل,"used; common, usual, in use, applied; passive participle of اِسْتَعْمَلَ (istaʕmala)",no_calima_kaikki_semantic_agreement
1068328,تجميل,verbal noun of جَمَّلَ (jammala) (form II); beautification (making something beautiful),no_calima_kaikki_semantic_agreement
1065720,كافي,,no_kaikki_semantic_entry
1065090,تسليم,taslim; consent; salutation,no_calima_kaikki_semantic_agreement
1064981,تحديث,"update; modernization, upgrade; verbal noun of حَدَّثَ (ḥaddaṯa) (form II)",no_calima_kaikki_semantic_agreement
1051887,ذكي,"intelligent, smart; to be smart, to be intelligent",no_calima_kaikki_semantic_agreement
1041296,معني,,no_kaikki_semantic_entry
1028936,منشأة,facility,no_calima_kaikki_semantic_agreement
1027841,تخصصي,,no_kaikki_semantic_entry
1027263,داعي,,no_kaikki_semantic_entry
1018660,عدل,equal; ransom; reward,no_calima_kaikki_semantic_agreement
1016259,مطلب,something sought; verbal noun of طَلَبَ (ṭalaba) (form I),no_calima_kaikki_semantic_agreement
1012161,بشرة,hand; herbage; surface,no_calima_kaikki_semantic_agreement
1005544,منشور,sawn; prism; manifesto,no_calima_kaikki_semantic_agreement
987961,طيب,"enjoyable; tasty, palatable; a male given name",no_calima_kaikki_semantic_agreement
984403,حجز,"to lock away; curbing, restraint; seclusion, isolation",no_calima_kaikki_semantic_agreement
982731,عشرات,,no_kaikki_semantic_entry
975073,نزل,"to reveal; to download; quarter, lodging",no_calima_kaikki_semantic_agreement
965472,غريبة,"peculiarity, a strange occurrence; female equivalent of غَرِيب (ḡarīb); feminine singular of غَرِيب (ḡarīb)",no_calima_kaikki_semantic_agreement
964296,تجاوز,a violation; an encroachment; verbal noun of تَجَاوَزَ (tajāwaza) (form VI),no_calima_kaikki_semantic_agreement
963493,نات,,no_kaikki_semantic_entry
960316,وحد,solitude; to combine; to connect,no_calima_kaikki_semantic_agreement
957967,مدرسي,,no_kaikki_semantic_entry
953151,مؤخر,active participle of أَخَّرَ (ʔaḵḵara); passive participle of أَخَّرَ (ʔaḵḵara),no_calima_kaikki_semantic_agreement
950496,أعاد,to repeat; to imitate; to restore,no_calima_kaikki_semantic_agreement
945220,أنشودة,,no_kaikki_semantic_entry
943769,خادم,deacon; server; employee,no_calima_kaikki_semantic_agreement
941132,شك,"to halt, limp; to scandalize; to be scandalized",no_calima_kaikki_semantic_agreement
934969,سار,valid; gratifying; to conduct oneself,no_calima_kaikki_semantic_agreement
930411,ركن,"to park; to incline to, to lean upon; to be dignified and respectful",no_calima_kaikki_semantic_agreement
928983,تغطية,verbal noun of غَطَّى (ḡaṭṭā) (form II),no_calima_kaikki_semantic_agreement
928487,ملحق,attaché; attached; carriage house,no_calima_kaikki_semantic_agreement
926308,جاز,"to irrigate; to disappear; to pass, pass by",no_calima_kaikki_semantic_agreement
924935,مختص,specialized,no_calima_kaikki_semantic_agreement
923789,مذكرة,"note, memo; notebook, jotter; warrant (e.g., to make an arrest or conduct a search)",no_calima_kaikki_semantic_agreement
922268,دمعي,,no_kaikki_semantic_entry
916542,إسكندرية,,no_kaikki_semantic_entry
916350,تسوق,shopping; verbal noun of تَسَوَّقَ (tasawwaqa) (form V),no_calima_kaikki_semantic_agreement
914107,كرتون,,no_kaikki_semantic_entry
911642,تغذية,verbal noun of غَذَّى (ḡaḏḏā) (form II),no_calima_kaikki_semantic_agreement
910079,طرح,to teach; to miscarry; miscarried foetus,no_calima_kaikki_semantic_agreement
907882,إعدادي,,no_kaikki_semantic_entry
906959,معارض,,no_kaikki_semantic_entry
898141,بد,idol; flight; separation,no_calima_kaikki_semantic_agreement
893500,إخباري,,no_kaikki_semantic_entry
892840,ضرائب,,no_kaikki_semantic_entry
890594,مجان,,no_kaikki_semantic_entry
881078,خص,"booth, shack, hut; to favor, to endow; to single out, to distinguish",no_calima_kaikki_semantic_agreement
877560,معاينة,verbal noun of عَايَنَ (ʕāyana) (form III),no_calima_kaikki_semantic_agreement
877219,سحب,to draw; to withdraw; to unsheathe,no_calima_kaikki_semantic_agreement
872716,ماكياج,makeup,no_calima_kaikki_semantic_agreement
872294,صرح,to miss; skyscraper; to publish,no_calima_kaikki_semantic_agreement
870610,مسرحية,,no_kaikki_semantic_entry
865947,وافق,"to succeed, go well; to adapt to something (with accusative); to suit (someone's taste, desires, etc.)",no_calima_kaikki_semantic_agreement
864456,جي,,no_kaikki_semantic_entry
853220,سياق,"context; dowry, nuptial gift; consequence, logical connection",no_calima_kaikki_semantic_agreement
851375,رجع,to claim; to depend; to reduce,no_calima_kaikki_semantic_agreement
841920,تجاوز,a violation; an encroachment; verbal noun of تَجَاوَزَ (tajāwaza) (form VI),no_calima_kaikki_semantic_agreement
839892,جماعي,,no_kaikki_semantic_entry
839296,شدد,"to be strict with; to restrict; to maintain; to affirm; to uphold; to restrict financially, to stint, to scant",no_calima_kaikki_semantic_agreement
834675,أمان,"indemnity; safeguarding; clemency, quarter",no_calima_kaikki_semantic_agreement
828724,سعادة,bliss; a surname; prosperity,no_calima_kaikki_semantic_agreement
827121,إغلاق,verbal noun of أَغْلَقَ (ʔaḡlaqa) (form IV),no_calima_kaikki_semantic_agreement
825937,منقول,portable; transmitted,no_calima_kaikki_semantic_agreement
824323,سيادة,lordship; gentleman; verbal noun of سَادَ (sāda) (form I),no_calima_kaikki_semantic_agreement
810827,مسجل,"tape recorder; registrar, notary public",no_calima_kaikki_semantic_agreement
808572,كانون,"brazier, hearth",no_calima_kaikki_semantic_agreement
808268,تشطيب,,no_kaikki_semantic_entry
805116,لافت,,no_kaikki_semantic_entry
804559,أد,,no_kaikki_semantic_entry
804091,مصرف,"drained; exchanged; escape, way out",no_calima_kaikki_semantic_agreement
802811,محاكمة,trial; verbal noun of حَاكَمَ (ḥākama) (form III),no_calima_kaikki_semantic_agreement
802244,توقيت,verbal noun of وَقَّتَ (waqqata) (form II),no_calima_kaikki_semantic_agreement
796159,فحص,"to examine; verbal noun of فَحَصَ (faḥaṣa); to experiment, to test, to check",no_calima_kaikki_semantic_agreement
796113,تدريبي,,no_kaikki_semantic_entry
792236,مسافر,traveller,no_calima_kaikki_semantic_agreement
788771,تأسيس,founding; verbal noun of أَسَّسَ (ʔassasa) (form II),no_calima_kaikki_semantic_agreement
788200,محمول,"predicate; quality, attribute; endurable, bearable",no_calima_kaikki_semantic_agreement
787885,مصالحة,reconciliation; verbal noun of صَالَحَ (ṣālaḥa) (form III),no_calima_kaikki_semantic_agreement
784533,أكسسوار,,no_kaikki_semantic_entry
784219,عكس,versus; against; antonym,no_calima_kaikki_semantic_agreement
781160,توحيد,unity; oneness; regularization,no_calima_kaikki_semantic_agreement
780759,مطلق,divorced; implicit; downright,no_calima_kaikki_semantic_agreement
778135,تلميذ,cadet; Talmud; Disciple,no_calima_kaikki_semantic_agreement
777807,تأكد,"to ascertain; to be strengthened, to be fortified; to be confirmed, to prove to be true",no_calima_kaikki_semantic_agreement
774822,قابل,"to repay, to return; to compare, to collate; to confront, to face, to counter",no_calima_kaikki_semantic_agreement
773064,قيد,strap; under; contract,no_calima_kaikki_semantic_agreement
771857,رئاسي,related to leadership,no_calima_kaikki_semantic_agreement
771291,مخالفة,"minor offence, infraction; verbal noun of خَالَفَ (ḵālafa) (form III)",no_calima_kaikki_semantic_agreement
761851,تردد,frequency; to frequent; to be made to go back,no_calima_kaikki_semantic_agreement
760041,فجر,to explode; to let pour forth; a female given name,no_calima_kaikki_semantic_agreement
760024,روبية,,no_kaikki_semantic_entry
757615,آتي,,no_kaikki_semantic_entry
750449,توكيل,,no_kaikki_semantic_entry
748156,عمالة,,no_kaikki_semantic_entry
740905,قصف,fragile; to bomb; to break,no_calima_kaikki_semantic_agreement
733177,مجرى,"gutter, channel, canalization; stream of things, order of events; current (of water, air and electricity)",no_calima_kaikki_semantic_agreement
732122,صحافي,journalist,no_calima_kaikki_semantic_agreement
728070,كامرا,,no_kaikki_semantic_entry
727589,كتيبة,battalion,no_calima_kaikki_semantic_agreement
723605,إنهاء,verbal noun of أَنْهَى (ʔanhā) (form IV),no_calima_kaikki_semantic_agreement
723286,حدوث,verbal noun of حَدَثَ (ḥadaṯa) (form I),no_calima_kaikki_semantic_agreement
722208,صيغة,"form; origin; extension, type",no_calima_kaikki_semantic_agreement
720566,نطاق,"domain; garrison belt; limit, boundary",no_calima_kaikki_semantic_agreement
720226,إذاعة,radio channel; verbal noun of أَذَاعَ (ʔaḏāʕa) (form IV),no_calima_kaikki_semantic_agreement
717042,مكلف,taxable; freckled; full of pimples,no_calima_kaikki_semantic_agreement
715126,شبه,"brass; similarity; likeness, figure",no_calima_kaikki_semantic_agreement
712798,أسيوي,,no_kaikki_semantic_entry
710092,وسطي,,no_kaikki_semantic_entry
709498,تصفح,browsing; to browse; verbal noun of تَصَفَّحَ (taṣaffaḥa) (form V),no_calima_kaikki_semantic_agreement
704989,تطورات,,no_kaikki_semantic_entry
701817,عهد,covenant; testament; commission,no_calima_kaikki_semantic_agreement
698157,تجهيز,"preparation; equipping, fitting; verbal noun of جَهَّزَ (jahhaza) (form II)",no_calima_kaikki_semantic_agreement
696958,وسع,"to expand; to be wide; ability, strength",no_calima_kaikki_semantic_agreement
696612,ثماني,,no_kaikki_semantic_entry
689826,بشر,"human; to peel, to pare; to eat the ground bare",no_calima_kaikki_semantic_agreement
689311,سلوك,commerce; proceeding; good manners,no_calima_kaikki_semantic_agreement
686751,مثير,germ; arousing; exciting,no_calima_kaikki_semantic_agreement
686197,جراء,only used in مِنْ جَرَّاءِ (min jarrāʔi),no_calima_kaikki_semantic_agreement
679015,كودة,,no_kaikki_semantic_entry
674732,معالج,,no_kaikki_semantic_entry
674112,محتل,active participle of اِحْتَلَّ (iḥtalla); passive participle of اِحْتَلَّ (iḥtalla),no_calima_kaikki_semantic_agreement
672679,إس,,no_kaikki_semantic_entry
668047,راتب,"trivial; monotonous, dull, humdrum; featureless, monotone, routine",no_calima_kaikki_semantic_agreement
667483,يهودي,Jew,no_calima_kaikki_semantic_agreement
666167,تلفزيوني,,no_kaikki_semantic_entry
665530,نظير,"isotope; corresponding; similar, alike",no_calima_kaikki_semantic_agreement
664684,مبيع,passive participle of بَاعَ (bāʕa); verbal noun of بَاعَ (bāʕa) (form I); active participle of أَبَاعَ (ʔabāʕa),no_calima_kaikki_semantic_agreement
662285,وقوف,verbal noun of وَقَفَ (waqafa) (form I),no_calima_kaikki_semantic_agreement
662076,مصور,painter; cameraman; illustrated,no_calima_kaikki_semantic_agreement
661972,مؤهل,,no_kaikki_semantic_entry
661223,تأليف,a work of literature or art; verbal noun of أَلَّفَ (ʔallafa) (form II),no_calima_kaikki_semantic_agreement
657798,موجه,,no_kaikki_semantic_entry
657548,شراكة,,no_kaikki_semantic_entry
656232,توصل,"to get to, to reach; to be joined, be coupled; to be united by friendship or love",no_calima_kaikki_semantic_agreement
654996,كريم,"cream; precious; generous, liberal",no_calima_kaikki_semantic_agreement
648532,متحرك,walking; marked with a vowel; active participle of تَحَرَّكَ (taḥarraka),no_calima_kaikki_semantic_agreement
648102,سرقة,verbal noun of سَرَقَ (saraqa) (form I),no_calima_kaikki_semantic_agreement
645824,حاضر,tribe; family; to lecture,no_calima_kaikki_semantic_agreement
640089,محفوظ,"memorized; kept, stored; a surname, Mahfud",no_calima_kaikki_semantic_agreement
639684,مرتفع,a high place; active participle of اِرْتَفَعَ (irtafaʕa),no_calima_kaikki_semantic_agreement
638230,وارد,"path, road; imported, arrived; one who enters somewhere",no_calima_kaikki_semantic_agreement
637801,علق,blood; leeches; to adhere,no_calima_kaikki_semantic_agreement
636122,قوم,men; sect; family,no_calima_kaikki_semantic_agreement
635125,رصد,to observe,no_calima_kaikki_semantic_agreement
633440,ني,me (bound object pronoun),no_calima_kaikki_semantic_agreement
632690,مقاول,,no_kaikki_semantic_entry
632440,توفيق,time; fitting; accommodation,no_calima_kaikki_semantic_agreement
630013,وقوع,verbal noun of وَقَعَ (waqaʕa) (form I),no_calima_kaikki_semantic_agreement
629322,موحد,"Muwahhid, Almohad; active participle of وَحَّدَ (waḥḥada); passive participle of وَحَّدَ (waḥḥada)",no_calima_kaikki_semantic_agreement
628177,عفش,,no_kaikki_semantic_entry
626942,مذهب,"faith; gilded; course, school",no_calima_kaikki_semantic_agreement
624773,مصمم,designer,no_calima_kaikki_semantic_agreement
624597,أبصار,,no_kaikki_semantic_entry
618782,كلي,universal,no_calima_kaikki_semantic_agreement
618743,تدبير,order; opinion; government,no_calima_kaikki_semantic_agreement
618433,راعي,,no_kaikki_semantic_entry
615005,طريفة,a joke; feminine singular of طَرِيف (ṭarīf),no_calima_kaikki_semantic_agreement
613520,طفولة,childhood,no_calima_kaikki_semantic_agreement
605902,جامع,collector; to congregate; compiler (of books),no_calima_kaikki_semantic_agreement
604392,رابط,"to camp; link, linkage; hyperlink, link",no_calima_kaikki_semantic_agreement
604053,أنصار,,no_kaikki_semantic_entry
603209,قرض,to die; cutting; to blame,no_calima_kaikki_semantic_agreement
596405,مسبق,,no_kaikki_semantic_entry
595461,بنى,"to lie with a woman; to assist by benefits; to strengthen, to fatten",no_calima_kaikki_semantic_agreement
591730,غلب,to seize; to prevail; to be likely,no_calima_kaikki_semantic_agreement
591258,فصيل,weaned young camel,no_calima_kaikki_semantic_agreement
588716,عكس,versus; against; antonym,no_calima_kaikki_semantic_agreement
587684,بلدي,"native; communal, municipal; fellow citizen, compatriot, countryman",no_calima_kaikki_semantic_agreement
585480,كفاءة,adequacy; equality; comparableness,no_calima_kaikki_semantic_agreement
584991,إخراج,banishment; verbal noun of أَخْرَجَ (ʔaḵraja) (form IV); direction (work of the director in cinema or theater),no_calima_kaikki_semantic_agreement
584742,ناطق,"orator, spokesperson; to discuss with or talk to; active participle of نَطَقَ (naṭaqa)",no_calima_kaikki_semantic_agreement
583107,مهاجر,"migrant, immigrant",no_calima_kaikki_semantic_agreement
582298,دراما,,no_kaikki_semantic_entry
580870,عثور,verbal noun of عَثَرَ (ʕaṯara) (form I),no_calima_kaikki_semantic_agreement
579460,مضى,"to sign; to be sharp; to pass, be past",no_calima_kaikki_semantic_agreement
576387,أربع,,no_kaikki_semantic_entry
575055,مواصفة,,no_kaikki_semantic_entry
574421,هائل,"tremendous; enormous, gigantic; awe-inspiring, terrifying",no_calima_kaikki_semantic_agreement
573361,مشهور,famous,no_calima_kaikki_semantic_agreement
572291,بكالوريا,A bachelor's degree,no_calima_kaikki_semantic_agreement
571618,نسب,"parentage; noble descent; descent, birth",no_calima_kaikki_semantic_agreement
571551,أرضية,"floor (“lower part of a room”); feminine singular of أَرْضِيّ (ʔarḍiyy); female equivalent of أَرْضِيّ (ʔarḍiyy, “Terran, Earthling”)",no_calima_kaikki_semantic_agreement
569643,تأهيل,,no_kaikki_semantic_entry
569494,تعرف,"to recognize; to trace, to discover; to become acquainted, with, to meet",no_calima_kaikki_semantic_agreement
566370,تي,,no_kaikki_semantic_entry
565142,باسيل,,no_kaikki_semantic_entry
565014,متكامل,"integrated, holistic",no_calima_kaikki_semantic_agreement
563786,خفيف,"imbecile; weak, feeble; insignificant",no_calima_kaikki_semantic_agreement
563546,مزرع,"field, farmland",no_calima_kaikki_semantic_agreement
562290,قصد,purport; to aim at; to be fat,no_calima_kaikki_semantic_agreement
561123,خفض,humiliation; oblique case; to bend wood,no_calima_kaikki_semantic_agreement
560528,فرنك,,no_kaikki_semantic_entry
560514,خالي,,no_kaikki_semantic_entry
557978,منظومة,poem; system,no_calima_kaikki_semantic_agreement
555253,جل,bulky; great; outstanding,no_calima_kaikki_semantic_agreement
555097,قل,"to carry; to raise; to be few, to be little",no_calima_kaikki_semantic_agreement
554704,إعطاء,"giving, providing; verbal noun of أَعْطَى (ʔaʕṭā) (form IV)",no_calima_kaikki_semantic_agreement
551510,إيقاف,verbal noun of أَوْقَفَ (ʔawqafa) (form IV),no_calima_kaikki_semantic_agreement
550460,مجموع,"united; reconciled; sum, crowd",no_calima_kaikki_semantic_agreement
548632,فتنة,charm; craze; crime,no_calima_kaikki_semantic_agreement
548469,مستلزم,,no_kaikki_semantic_entry
548415,سلطان,sultan; authority; justification,no_calima_kaikki_semantic_agreement
547168,ضمانة,,no_kaikki_semantic_entry
545605,برى,,no_kaikki_semantic_entry
542933,إقرار,bond; sanction; confession,no_calima_kaikki_semantic_agreement
540159,تسرب,"to leak out, to flow off, to seep; verbal noun of تَسَرَّبَ (tasarraba) (form V)",no_calima_kaikki_semantic_agreement
539251,بوكس,,no_kaikki_semantic_entry
534909,صلب,loins; steel; to crucify,no_calima_kaikki_semantic_agreement
533953,رؤى,a female given name,no_calima_kaikki_semantic_agreement
533122,بخاري,,no_kaikki_semantic_entry
531697,خطورة,,no_kaikki_semantic_entry
529684,شاتي,,no_kaikki_semantic_entry
529321,معاناة,,no_kaikki_semantic_entry
527725,ظلم,"to become dark; to be in the least unjust; to wrong, to treat unjustly, to oppress",no_calima_kaikki_semantic_agreement
526883,سينمائي,cinematic,no_calima_kaikki_semantic_agreement
526022,سماك,fishmonger; a lower-tier provincial official assisting in tax-gathering,no_calima_kaikki_semantic_agreement
525759,مدخل,door; input; influence,no_calima_kaikki_semantic_agreement
523591,ناشط,,no_kaikki_semantic_entry
522708,جدل,"member, limb; argument, dispute; hard, strong, firm",no_calima_kaikki_semantic_agreement
521168,كلف,amorousness; amorously attracted; pains and care taken,no_calima_kaikki_semantic_agreement
520600,إثارة,verbal noun of أَثَارَ (ʔaṯāra) (form IV),no_calima_kaikki_semantic_agreement
518485,تخصص,"to specialize in, to get designated or allocated",no_calima_kaikki_semantic_agreement
514582,مشتري,Jovian,no_calima_kaikki_semantic_agreement
513373,فائز,lintel; victor; conqueror,no_calima_kaikki_semantic_agreement
511867,تفجير,explosion; verbal noun of فَجَّرَ (fajjara) (form II),no_calima_kaikki_semantic_agreement
510946,مكرم,"honoured, venerated, exalted",no_calima_kaikki_semantic_agreement
510869,لاس,,no_kaikki_semantic_entry
510598,مصرفي,,no_kaikki_semantic_entry
506519,والي,,no_kaikki_semantic_entry
505431,توسيع,"enlargement; extension, expanding; making (something) spacious",no_calima_kaikki_semantic_agreement
503452,صدور,verbal noun of صَدَرَ (ṣadara) (form I),no_calima_kaikki_semantic_agreement
502312,إحياء,"verbal noun of أَحْيَا (ʔaḥyā) (form IV); revival, vitalization, revivification, reanimation",no_calima_kaikki_semantic_agreement
502209,تسع,one ninth,no_calima_kaikki_semantic_agreement
501388,مؤكد,,no_kaikki_semantic_entry
499450,حقيبة,bag,no_calima_kaikki_semantic_agreement
498151,شعاع,"radius; ray, beam; crossbar, spoke etc",no_calima_kaikki_semantic_agreement
497025,معي,,no_kaikki_semantic_entry
495160,نادى,to call; to shout; to invite,no_calima_kaikki_semantic_agreement
490998,فك,jaw; to decipher; to disassemble,no_calima_kaikki_semantic_agreement
488737,ضغوط,,no_kaikki_semantic_entry
487953,ألخ,,no_kaikki_semantic_entry
487734,أشحن,,no_kaikki_semantic_entry
487646,جناح,"fin; side, edge; projecting roof",no_calima_kaikki_semantic_agreement
487305,مهاجم,a forward; active participle of هَاجَمَ (hājama),no_calima_kaikki_semantic_agreement
486276,كاد,"to plot, to scheme; to plan or intend to commit crime; as soon as (negated, with following non-past)",no_calima_kaikki_semantic_agreement
484323,خاض,"to wade into; to treat, to deal with, to take up, to tackle (a subject)",no_calima_kaikki_semantic_agreement
483983,مالكي,Maliki,no_calima_kaikki_semantic_agreement
482419,نداء,"vocative; a female given name; announcement, proclamation",no_calima_kaikki_semantic_agreement
481845,متطلبات,,no_kaikki_semantic_entry
480341,أقدم,senior; to dare; foremost,no_calima_kaikki_semantic_agreement
478989,أكل,food; fruit; to erode,no_calima_kaikki_semantic_agreement
477248,توالي,,no_kaikki_semantic_entry
475777,نقر,"literally; verbal noun of نَقَرَ (naqara) (form I); so as investigating, to dig into, to tap",no_calima_kaikki_semantic_agreement
475218,تواجد,to affect passion; verbal noun of تَوَاجَدَ (tawājada) (form VI),no_calima_kaikki_semantic_agreement
474932,إعلاني,,no_kaikki_semantic_entry
472813,تحتي,,no_kaikki_semantic_entry
469221,خاطئ,"active participle of خَطِئَ (ḵaṭiʔa): sinning, sinful",no_calima_kaikki_semantic_agreement
469208,مخابرات,,no_kaikki_semantic_entry
467940,سكن,"ashes; to feel at home; dwelling, abode, habitation",no_calima_kaikki_semantic_agreement
467892,ملح,oath; salt; scholar,no_calima_kaikki_semantic_agreement
467205,اتش,,no_kaikki_semantic_entry
466308,متظاهر,pretender; protester; protesting,no_calima_kaikki_semantic_agreement
465266,دوم,"verbal noun of دَامَ (dāma) (form I); Mediterranean fan palm (Chamaerops humilis); to turn in a circle, to rotate, to spin, to twirl",no_calima_kaikki_semantic_agreement
464439,شي,verbal noun of شَوَى (šawā) (form I),no_calima_kaikki_semantic_agreement
463057,صبر,ice; aloe; to ballast,no_calima_kaikki_semantic_agreement
461311,متبقي,,no_kaikki_semantic_entry
459175,متطور,,no_kaikki_semantic_entry
459027,معتبر,"legal, valid; credible, creditable, trustworthy; active participle of اِعْتَبَرَ (iʕtabara)",no_calima_kaikki_semantic_agreement
458388,صدد,,no_kaikki_semantic_entry
458019,شال,Silurus spp; certain fishes; Synodontis spp,no_calima_kaikki_semantic_agreement
457306,ماجستير,,no_kaikki_semantic_entry
456067,كاريكاتور,,no_kaikki_semantic_entry
455702,حاجز,buffer; septum; roadblock,no_calima_kaikki_semantic_agreement
455558,ون,"Creates single-digit multiples of ten: -ty; Forms third- and second-person plural masculine conjugations of non-past verbs; Suffix used to pluralize nouns and adjectives, generally masculine ones referring to people",no_calima_kaikki_semantic_agreement
455048,موديل,,no_kaikki_semantic_entry
454081,مستجد,,no_kaikki_semantic_entry
453099,كردي,Kurd,no_calima_kaikki_semantic_agreement
451910,شريحة,,no_kaikki_semantic_entry
451834,ميز,"to prefer; to characterize; to separate, to select",no_calima_kaikki_semantic_agreement
451305,بيد,"even though, but, except; for the sake of, because of",no_calima_kaikki_semantic_agreement
449924,ميداني,,no_kaikki_semantic_entry
449600,توصيل,"delivering; linking-up; conductivity, transmission",no_calima_kaikki_semantic_agreement
449196,إيا,particle attached to oblique pronoun forms when they are not attached to the verb or preposition governing them,no_calima_kaikki_semantic_agreement
448372,كيلو,,no_kaikki_semantic_entry
445618,هدي,verbal noun of هَدَى (hadā) (form I),no_calima_kaikki_semantic_agreement
445017,حضاري,,no_kaikki_semantic_entry
443538,دقيق,"fine, thin; flour, meal; subtle, puny",no_calima_kaikki_semantic_agreement
442683,كت,,no_kaikki_semantic_entry
440197,محلل,active participle of حَلَّلَ (ḥallala); passive participle of حَلَّلَ (ḥallala),no_calima_kaikki_semantic_agreement
437921,كادر,,no_kaikki_semantic_entry
437426,مؤسس,active participle of أَسَّسَ (ʔassasa); passive participle of أَسَّسَ (ʔassasa),no_calima_kaikki_semantic_agreement
436651,ممارس,practitioner,no_calima_kaikki_semantic_agreement
436387,طارئة,"unforeseen event, emergency, casus maior vel minor",no_calima_kaikki_semantic_agreement
436216,تسيير,,no_kaikki_semantic_entry
435440,أولائك,,no_kaikki_semantic_entry
435165,خلق,rags; people; bravery,no_calima_kaikki_semantic_agreement
434904,مصرع,"verbal noun of صَرَعَ (ṣaraʕa) (form I); verbal noun of صُرِعَ (ṣuriʕa) (form I, uncertain)",no_calima_kaikki_semantic_agreement
434813,بائع,seller,no_calima_kaikki_semantic_agreement
434123,أنهى,"to end, to terminate, to finish",no_calima_kaikki_semantic_agreement
433841,تنازل,"to refrain from; to cede [+عَنْ (object)] to; to alight, to fight each other",no_calima_kaikki_semantic_agreement
433544,فريد,"lonely; solitary; sole, only",no_calima_kaikki_semantic_agreement
433224,كيلومتر,kilometre,no_calima_kaikki_semantic_agreement
432830,بقر,"cattle, oxen; to dig up, to gut; to split, to rip, to rive",no_calima_kaikki_semantic_agreement
432146,ذاك,that (demonstrative pronoun),no_calima_kaikki_semantic_agreement
430775,جالية,,no_kaikki_semantic_entry
430109,نصح,"to wish well; to admonish, to exhort; good advice, counseling",no_calima_kaikki_semantic_agreement
429637,نمى,to rise; to develop(?); to reach (of news),no_calima_kaikki_semantic_agreement
428686,تسمية,"denomination; giving a name; name, nomenclature",no_calima_kaikki_semantic_agreement
427421,خصيص,,no_kaikki_semantic_entry
427211,إهداء,verbal noun of أَهْدَى (ʔahdā) (form IV); verbal noun of أَهْدَأَ (ʔahdaʔa) (form IV),no_calima_kaikki_semantic_agreement
426112,حرج,to prohibit; herds of camels; to be forbidden,no_calima_kaikki_semantic_agreement
426042,مثابة,"refuge, resort",no_calima_kaikki_semantic_agreement
425893,معلن,,no_kaikki_semantic_entry
425233,قتيل,"killed, murdered; slain, a killed person, casualty, fatality",no_calima_kaikki_semantic_agreement
423813,هاتفي,,no_kaikki_semantic_entry
423789,صريح,"obvious, clear; explicit, straightforward",no_calima_kaikki_semantic_agreement
423713,بذل,"to give willingly, to offer",no_calima_kaikki_semantic_agreement
423317,مشدد,,no_kaikki_semantic_entry
421894,أشبه,,no_kaikki_semantic_entry
421512,تأشير,,no_kaikki_semantic_entry
419815,معد,"infectious; active participle of أَعْدَى (ʔaʕdā); Ma'add (a semi-mythical figure, the son of Adnan)",no_calima_kaikki_semantic_agreement
419665,تكنولوجي,,no_kaikki_semantic_entry
419404,ساوى,to cost; to equal; to be worth,no_calima_kaikki_semantic_agreement
418874,آي,,no_kaikki_semantic_entry
415991,عنيف,blunt; harsh; rugged,no_calima_kaikki_semantic_agreement
415190,رضى,"Ruḍaw, a pre-Islamic Arabian god later misinterpreted as the name of a place of worship",no_calima_kaikki_semantic_agreement
414786,آباء,,no_kaikki_semantic_entry
413707,منتهي,,no_kaikki_semantic_entry
413148,تلبية,verbal noun of لَبَّى (labbā) (form II),no_calima_kaikki_semantic_agreement
410769,جلوكوما,,no_kaikki_semantic_entry
409590,تمكين,empowerment,no_calima_kaikki_semantic_agreement
409233,عائلي,,no_kaikki_semantic_entry
409045,مضاف,,no_kaikki_semantic_entry
408198,جزاء,"repayment; amends, reparation; recompense, return",no_calima_kaikki_semantic_agreement
407705,فرعي,"secondary; tributary; subsidiary, side, ancillary",no_calima_kaikki_semantic_agreement
407627,قبيل,tribe; surety; guarantor,no_calima_kaikki_semantic_agreement
407216,منفذ,port; vent; outlet,no_calima_kaikki_semantic_agreement
407085,طرد,eviction; to evict; to drive away,no_calima_kaikki_semantic_agreement
406137,إلقاء,verbal noun of أَلْقَى (ʔalqā) (form IV),no_calima_kaikki_semantic_agreement
404848,شيعة,"the Shi'a; cult, sect; faction, party",no_calima_kaikki_semantic_agreement
404798,ذكاء,"full age, maturity; burning, combustion; intelligence, mental acuteness",no_calima_kaikki_semantic_agreement
402559,إساءة,verbal noun of أَسَاءَ (ʔasāʔa) (form IV),no_calima_kaikki_semantic_agreement
402077,أوائل,the first part,no_calima_kaikki_semantic_agreement
399876,نفطي,,no_kaikki_semantic_entry
397371,نصرة,,no_kaikki_semantic_entry
395727,تأجيل,,no_kaikki_semantic_entry
395184,متضمن,,no_kaikki_semantic_entry
394885,دهن,"oily, greasy; to hit, to strike; to smear, to spread",no_calima_kaikki_semantic_agreement
393104,فلك,orb; ship; sphere,no_calima_kaikki_semantic_agreement
392639,برى,,no_kaikki_semantic_entry
392364,تعذيب,verbal noun of عَذَّبَ (ʕaḏḏaba) (form II),no_calima_kaikki_semantic_agreement
392047,مفضل,preferable,no_calima_kaikki_semantic_agreement
391982,قصيم,,no_kaikki_semantic_entry
391755,مبوب,,no_kaikki_semantic_entry
390895,ون,"Creates single-digit multiples of ten: -ty; Forms third- and second-person plural masculine conjugations of non-past verbs; Suffix used to pluralize nouns and adjectives, generally masculine ones referring to people",no_calima_kaikki_semantic_agreement
390618,إثبات,proof; affirmation; verbal noun of أَثْبَتَ (ʔaṯbata) (form IV),no_calima_kaikki_semantic_agreement
388911,باحة,,no_kaikki_semantic_entry
388635,رجيم,stoned; expelled; outcast; cursed,no_calima_kaikki_semantic_agreement
387751,صيفي,"summery, aestival",no_calima_kaikki_semantic_agreement
387137,متجدد,,no_kaikki_semantic_entry
385373,طلع,to occur; to become; to observe,no_calima_kaikki_semantic_agreement
384901,عصابة,"headcloth, headband; union, league, federation; bandage, dressing (on a wound)",no_calima_kaikki_semantic_agreement
384713,شبابي,,no_kaikki_semantic_entry
384240,تشكيلي,structural; morphogenic,no_calima_kaikki_semantic_agreement
384114,سائر,"going, walking; walker, wanderer; the rest, the remainder",no_calima_kaikki_semantic_agreement
383448,مزية,excellent trait,no_calima_kaikki_semantic_agreement
382998,طيبة,singular of طَيِّبَات (ṭayyibāt); feminine singular of طَيِّب (ṭayyib),no_calima_kaikki_semantic_agreement
382000,توسع,to expand,no_calima_kaikki_semantic_agreement
381949,نوى,kernels; to think; date pits,no_calima_kaikki_semantic_agreement
381594,جرام,,no_kaikki_semantic_entry
380574,إنكليزي,,no_kaikki_semantic_entry
380315,حائل,"becoming black; having become black; altered, changed, transmuted",no_calima_kaikki_semantic_agreement
379690,ودع,"to forsake; seashell, cowry; to be gentle, to be calm",no_calima_kaikki_semantic_agreement
378939,قيادي,,no_kaikki_semantic_entry
378885,زهور,,no_kaikki_semantic_entry
378765,جواز,passage; transit; passport,no_calima_kaikki_semantic_agreement
377975,إعمار,"cultivating, rendering habitable; verbal noun of أَعْمَرَ (ʔaʕmara) (form IV)",no_calima_kaikki_semantic_agreement
377045,رعب,"to be terrified; to terrify, to horrify, to frighten",no_calima_kaikki_semantic_agreement
376405,هادف,,no_kaikki_semantic_entry
375652,لفظ,to emit; to eject; to spit out,no_calima_kaikki_semantic_agreement
375534,مبحث,,no_kaikki_semantic_entry
375219,جهوي,,no_kaikki_semantic_entry
373730,قالب,"template; boilerplate; form, mould, last (for casting shapes by it)",no_calima_kaikki_semantic_agreement
373279,كلوة,,no_kaikki_semantic_entry
372954,جانبي,,no_kaikki_semantic_entry
372717,مغترب,,no_kaikki_semantic_entry
372661,أحل,"to declare lawful, to permit",no_calima_kaikki_semantic_agreement
371306,ميليشيا,,no_kaikki_semantic_entry
370486,إف,,no_kaikki_semantic_entry
369796,منتظر,active participle of اِنْتَظَرَ (intaẓara); passive participle of اِنْتَظَرَ (intaẓara),no_calima_kaikki_semantic_agreement
368626,تسريح,divorcing one's wife; loosing or combing out hair; Poet's correcting his verses,no_calima_kaikki_semantic_agreement
366767,سب,"to revile, to abuse",no_calima_kaikki_semantic_agreement
366570,محضر,,no_kaikki_semantic_entry
365612,متكرر,,no_kaikki_semantic_entry
363839,مرجعية,"reference, referentiality",no_calima_kaikki_semantic_agreement
362654,صادر,"to urge, to press, to oppress; to seize, to impound, to confiscate",no_calima_kaikki_semantic_agreement
362325,تأسس,,no_kaikki_semantic_entry
361920,تمهيد,"preface, introduction; verbal noun of مَهَّدَ (mahhada) (form II)",no_calima_kaikki_semantic_agreement
361457,غنى,to sing; richness; freedom from need,no_calima_kaikki_semantic_agreement
360674,دال,"dalet; dal, name of the eighth letter of the Arabic alphabet (د (d)), representing the sound /d/",no_calima_kaikki_semantic_agreement
360339,تولي,,no_kaikki_semantic_entry
358529,شابة,female equivalent of شَابّ (šābb),no_calima_kaikki_semantic_agreement
357546,مفوضية,,no_kaikki_semantic_entry
357506,تأخر,"to be late; to remain behind; to be last, come last",no_calima_kaikki_semantic_agreement
356418,مصنف,"author; taxonomist; a work of literature, music, or art",no_calima_kaikki_semantic_agreement
355085,سكة,"coin; plowshare; mattock, hoe",no_calima_kaikki_semantic_agreement
354894,تطرق,to penetrate; to have influence; to try to gain access,no_calima_kaikki_semantic_agreement
354357,خاضع,"submissive, subordinate, controlled (by)",no_calima_kaikki_semantic_agreement
354040,مرافق,"bodyguard, escort, warder; close friend (especially at school), associate, companion; accompanying, adjoint, associated, attendant (adjective), concomitant, concurrent",no_calima_kaikki_semantic_agreement
353899,خوض,,no_kaikki_semantic_entry
351683,تنموي,,no_kaikki_semantic_entry
349701,نقابي,,no_kaikki_semantic_entry
349519,صافي,,no_kaikki_semantic_entry
349430,نبع,to flow,no_calima_kaikki_semantic_agreement
349418,مرفق,crank; elbow; device,no_calima_kaikki_semantic_agreement
347310,مصلي,,no_kaikki_semantic_entry
347157,لوح,"to wave, gesticulate, insinuate; board, tablet, slab, plank, signboard, sign",no_calima_kaikki_semantic_agreement
345972,أجرة,"rent; reward, recompense; compensation, pay, wages",no_calima_kaikki_semantic_agreement
344576,فيلا,,no_kaikki_semantic_entry
343915,أصيل,"noble; purebred (horses, etc); a male given name, Asil",no_calima_kaikki_semantic_agreement
342605,وظيفي,,no_kaikki_semantic_entry
342537,خيل,"horses; to imagine, to fancy, to think; verbal noun of خَالَ (ḵāla) (form I)",no_calima_kaikki_semantic_agreement
341596,تمسك,"to keep (بِ (bi)); to rise, harden, firm up; to stick, cling, cleave (بِ (bi) to)",no_calima_kaikki_semantic_agreement
340724,لمسة,,no_kaikki_semantic_entry
340291,مطور,,no_kaikki_semantic_entry
338557,عائش,active participle of عَاشَ (ʕāša),no_calima_kaikki_semantic_agreement
336967,عطل,lack; to free; to empty,no_calima_kaikki_semantic_agreement
336921,تهريب,contraband; verbal noun of هَرَّبَ (harraba) (form II),no_calima_kaikki_semantic_agreement
336490,زفة,,no_kaikki_semantic_entry
336134,محتاج,"passive participle of اِحْتَاجَ (iḥtāja); active participle of اِحْتَاجَ (iḥtāja) the needy, the poor",no_calima_kaikki_semantic_agreement
335674,كسب,"revenue; to win (a struggle or war); to gather riches, knowledge",no_calima_kaikki_semantic_agreement
335270,عطية,a surname; a salary paid by the ruler to a scholar; what is given without expecting something in exchange,no_calima_kaikki_semantic_agreement
334761,سار,valid; gratifying; to conduct oneself,no_calima_kaikki_semantic_agreement
333967,بذل,"to give willingly, to offer",no_calima_kaikki_semantic_agreement
333881,روبل,,no_kaikki_semantic_entry
333002,نفوذ,"penetration; infiltrative; penetrating, pervasive",no_calima_kaikki_semantic_agreement
332341,طعن,appeal; penetration; to penetrate,no_calima_kaikki_semantic_agreement
331902,تعرض,exposure; proneness; opposition,no_calima_kaikki_semantic_agreement
331792,منظر,sight; object; spectacle,no_calima_kaikki_semantic_agreement
331365,مبيد,,no_kaikki_semantic_entry
331211,ترويج,making current; causing to be accepted; favoring or advocating a project,no_calima_kaikki_semantic_agreement
331161,نبض,"to make pulsate; agile, alacrious, bouncy; pulsating vein or artery, pulse",no_calima_kaikki_semantic_agreement
330813,مفاجئ,,no_kaikki_semantic_entry
330763,رتبة,step; order; ceremony,no_calima_kaikki_semantic_agreement
330294,تفضيل,verbal noun of فَضَّلَ (faḍḍala) (form II),no_calima_kaikki_semantic_agreement
329280,تصدي,,no_kaikki_semantic_entry
328442,حصر,"to restrain; to list, to enroll; strangury; constipation",no_calima_kaikki_semantic_agreement
328435,أرجنتيني,Argentinian,no_calima_kaikki_semantic_agreement
328419,داعم,,no_kaikki_semantic_entry
328184,تعزية,condolences; verbal noun of عَزَّى (ʕazzā) (form II),no_calima_kaikki_semantic_agreement
328136,سائل,"liquid; beggar, canter, mendicant; questioner, petitioner, asker",no_calima_kaikki_semantic_agreement
327530,مستعير,,no_kaikki_semantic_entry
327186,نزيل,"lodger, person who bides in a facility (e.g. a hospital, a prison, a hotel)",no_calima_kaikki_semantic_agreement
326541,مرء,,no_kaikki_semantic_entry
325090,صعود,"ascension; climbing, mounting; verbal noun of صَعِدَ (ṣaʕida) (form I)",no_calima_kaikki_semantic_agreement
324458,عزم,energy; moment; decision,no_calima_kaikki_semantic_agreement
323610,جنب,coast; boundary; reproach,no_calima_kaikki_semantic_agreement
322851,بضع,a few,no_calima_kaikki_semantic_agreement
322082,إضراب,verbal noun of أَضْرَبَ (ʔaḍraba) (form IV),no_calima_kaikki_semantic_agreement
321651,إعجاز,miracle; incapacitation; verbal noun of أَعْجَزَ (ʔaʕjaza) (form IV),no_calima_kaikki_semantic_agreement
321627,عدا,"to flow (of liquid); to run, to move quickly; to walk with wide steps",no_calima_kaikki_semantic_agreement
321449,رحبة,,no_kaikki_semantic_entry
320609,حاسم,"conclusive, final, crucial; active participle of حَسَمَ (ḥasama)",no_calima_kaikki_semantic_agreement
320466,حفظ,"to reserve; to retain, to uphold; observance, compliance",no_calima_kaikki_semantic_agreement
319851,معرب,,no_kaikki_semantic_entry
319506,ثبت,"proof; list, index; to withstand",no_calima_kaikki_semantic_agreement
318243,إعاقة,,no_kaikki_semantic_entry
317864,لجن,,no_kaikki_semantic_entry
316169,أدخل,"to enroll; to introduce; to move, to haul",no_calima_kaikki_semantic_agreement
316127,عفش,,no_kaikki_semantic_entry
315521,مطالب,,no_kaikki_semantic_entry
313689,حدودي,,no_kaikki_semantic_entry
313677,عقدة,"knot, tie; knot, nautical mile; node, gland, ganglion",no_calima_kaikki_semantic_agreement
313453,مد,"to help, to support; to supply, to provide; verbal noun of مَدَّ (madda) (form I)",no_calima_kaikki_semantic_agreement
313117,تجميع,verbal noun of جَمَّعَ (jammaʕa) (form II),no_calima_kaikki_semantic_agreement
312812,غازي,,no_kaikki_semantic_entry
312124,تجريبي,empirical,no_calima_kaikki_semantic_agreement
310874,إزاء,"forenenst, opposite to; verbal noun of آزَى (ʔāzā) (form III); with respect to, in relation to, about, on",no_calima_kaikki_semantic_agreement
310177,مساندة,verbal noun of سَانَدَ (sānada) (form III),no_calima_kaikki_semantic_agreement
310029,إصلاحات,,no_kaikki_semantic_entry
308867,صدارة,,no_kaikki_semantic_entry
308370,طلابي,,no_kaikki_semantic_entry
307854,قرآني,Qur'anic,no_calima_kaikki_semantic_agreement
307395,معطيات,,no_kaikki_semantic_entry
306923,مروري,,no_kaikki_semantic_entry
306437,ماركة,brand (of clothing etc.),no_calima_kaikki_semantic_agreement
305484,مخ,cerebrum,no_calima_kaikki_semantic_agreement
305453,موازي,,no_kaikki_semantic_entry
304717,نازح,displaced; distant; faraway; remote; migrant; expatriate; traveler,no_calima_kaikki_semantic_agreement
303347,تظاهرة,,no_kaikki_semantic_entry
303141,مدعي,,no_kaikki_semantic_entry
303075,مبدئي,,no_kaikki_semantic_entry
302647,كرية,,no_kaikki_semantic_entry
302394,عاصفة,storm,no_calima_kaikki_semantic_agreement
302191,مسكن,"analgesic; dormitory; soothing, calming",no_calima_kaikki_semantic_agreement
302016,ملامح,"countenance, feature",no_calima_kaikki_semantic_agreement
301189,ليف,a handheld sponge; to have much fibre; Luffa (genus and species),no_calima_kaikki_semantic_agreement
300939,مزود,"provider, supplier",no_calima_kaikki_semantic_agreement
300609,صادق,true; to befriend; Ja'far al-Sadiq,no_calima_kaikki_semantic_agreement
299999,زكاة,"in piety, in purity; purifying (of the soul); zakat, almsgiving (one of the five pillars of Islam)",no_calima_kaikki_semantic_agreement
299266,تساؤل,wondering; verbal noun of تَسَاءَلَ (tasāʔala) (form VI),no_calima_kaikki_semantic_agreement
298874,ميقات,,no_kaikki_semantic_entry
297909,وراثي,,no_kaikki_semantic_entry
297775,توب,verbal noun of تَابَ (tāba) (form I),no_calima_kaikki_semantic_agreement
296809,متبادل,,no_kaikki_semantic_entry
295393,كوميدي,,no_kaikki_semantic_entry
295244,ناتج,"resultant; output, product, yield, outcome",no_calima_kaikki_semantic_agreement
295101,متابع,active participle of تَابَعَ (tābaʕa),no_calima_kaikki_semantic_agreement
294569,سيناريو,,no_kaikki_semantic_entry
294323,إدراج,,no_kaikki_semantic_entry
293581,متمثل,,no_kaikki_semantic_entry
292353,مفتي,,no_kaikki_semantic_entry
291629,مستدام,,no_kaikki_semantic_entry
291459,مبني,passive participle of بَنَى (banā),no_calima_kaikki_semantic_agreement
291075,فوتوغرافي,,no_kaikki_semantic_entry
290220,شتى,"to rain; to hibernate; to winter, to spend the winter",no_calima_kaikki_semantic_agreement
289779,حصيلة,"outcome, yield, bottom line",no_calima_kaikki_semantic_agreement
289422,علمانية,secularism; feminine singular of عَلْمَانِيّ (ʕalmāniyy); feminine singular of عِلْمَانِيّ (ʕilmāniyy),no_calima_kaikki_semantic_agreement
289265,فاخر,"luxurious; proud, boasting; precious, costly",no_calima_kaikki_semantic_agreement
289232,حكى,to imitate; to resemble; to tie a knot firmly,no_calima_kaikki_semantic_agreement
288665,دعوي,,no_kaikki_semantic_entry
288643,واقعي,"realist; positivist; real, actual",no_calima_kaikki_semantic_agreement
288489,تأجير,verbal noun of أَجَّرَ (ʔajjara) (form II),no_calima_kaikki_semantic_agreement
288375,تجزئة,"dividing, fractionation, distribution; verbal noun of جَزَّأَ (jazzaʔa) (form II)",no_calima_kaikki_semantic_agreement
288244,مثبت,"proving; affirmative; fixed, attached",no_calima_kaikki_semantic_agreement
288220,تركيبة,,no_kaikki_semantic_entry
288048,أخفى,to shelter; to disguise; to keep secret,no_calima_kaikki_semantic_agreement
287760,حسم,"to cut; decisiveness; deduction, discount",no_calima_kaikki_semantic_agreement
287653,تراثي,,no_kaikki_semantic_entry
286311,أثيوبي,,no_kaikki_semantic_entry
286069,نير,"distinct; cane-roll; woof, weft",no_calima_kaikki_semantic_agreement
285443,كافي,,no_kaikki_semantic_entry
285390,هبوط,verbal noun of هَبَطَ (habaṭa) (form I),no_calima_kaikki_semantic_agreement
285373,نفقة,alimony; expense; cost; cost of living,no_calima_kaikki_semantic_agreement
285251,موريتاني,,no_kaikki_semantic_entry
284586,حزبي,,no_kaikki_semantic_entry
284375,وتر,chord; string; uneven,no_calima_kaikki_semantic_agreement
283975,صلح,peace; reconciliation; to be righteous,no_calima_kaikki_semantic_agreement
283731,صياغة,,no_kaikki_semantic_entry
283696,عشق,passion; to join; to connect,no_calima_kaikki_semantic_agreement
283526,توليد,verbal noun of وَلَّدَ (wallada) (form II),no_calima_kaikki_semantic_agreement
283473,تخلي,,no_kaikki_semantic_entry
283170,مؤيد,,no_kaikki_semantic_entry
282798,سعودية,feminine singular of سُعُودِيّ (suʕūdiyy),no_calima_kaikki_semantic_agreement
282102,وساطة,,no_kaikki_semantic_entry
280394,إم,,no_kaikki_semantic_entry
279923,بيطري,,no_kaikki_semantic_entry
279666,وقيعة,verbal noun of وَقَعَ (waqaʕa) (form I),no_calima_kaikki_semantic_agreement
279303,نصب,in front of; accusative case; subjunctive mood,no_calima_kaikki_semantic_agreement
279182,إصدارات,,no_kaikki_semantic_entry
279000,خلل,"to caulk; to scour, to toothpick, to poke in; to preserve in vinegar, to marinate",no_calima_kaikki_semantic_agreement
278645,طارئ,,no_kaikki_semantic_entry
277864,دوار,"explorer; seasickness; rotor, rotator",no_calima_kaikki_semantic_agreement
276702,تطبيقي,,no_kaikki_semantic_entry
276189,غضون,,no_kaikki_semantic_entry
274853,ممتع,"interesting; pleasant, delicious, amusing, enjoyable",no_calima_kaikki_semantic_agreement
274093,معك,,no_kaikki_semantic_entry
274039,سهرة,,no_kaikki_semantic_entry
273007,تنظيمي,,no_kaikki_semantic_entry
272832,صليب,"crucified; hard, solid; marrow, grease of bones",no_calima_kaikki_semantic_agreement
271716,مجتمعي,,no_kaikki_semantic_entry
271489,حساس,cunning; living being; endowed with senses,no_calima_kaikki_semantic_agreement
271010,دمج,"to braid; to merge; to become darker, to darken",no_calima_kaikki_semantic_agreement
270653,شاطر,,no_kaikki_semantic_entry
270183,روماني,Roman,no_calima_kaikki_semantic_agreement
269968,تسامح,to be forbearing; to show goodwill; to not be overparticular,no_calima_kaikki_semantic_agreement
269285,فيدرالي,,no_kaikki_semantic_entry
268763,معجنات,,no_kaikki_semantic_entry
268371,غض,"to put down, to belittle; the spadix of a palm-tree; to lower (one's gaze or voice)",no_calima_kaikki_semantic_agreement
267966,تموين,,no_kaikki_semantic_entry
267766,جوف,north; amplitude; hollowness,no_calima_kaikki_semantic_agreement
267111,ماهو,,no_kaikki_semantic_entry
266909,صفا,to be pure of heart; to take the best part of; to remain as a clear gain,no_calima_kaikki_semantic_agreement
266857,رشاقة,,no_kaikki_semantic_entry
266710,قطر,syrup; trailer; diagonal,no_calima_kaikki_semantic_agreement
266292,بار,"to perish; active participle of بَرَّ (barra); to lie fallow, be uncultivated (land)",no_calima_kaikki_semantic_agreement
265767,أمومة,"motherhood; verbal noun of أَمَّ (ʔamma, “to be a mother”) (form I)",no_calima_kaikki_semantic_agreement
265443,بنون,,no_kaikki_semantic_entry
265020,مهاجمة,feminine singular of مُهَاجِم (muhājim); verbal noun of هَاجَمَ (hājama) (form III),no_calima_kaikki_semantic_agreement
264637,حجاب,cover; amulet; curtain,no_calima_kaikki_semantic_agreement
264507,مراعاة,"verbal noun of رَاعَى (rāʕā) (form III); consideration, assistance (for someone's circumstances)",no_calima_kaikki_semantic_agreement
264116,أثري,,no_kaikki_semantic_entry
262958,كناري,,no_kaikki_semantic_entry
262488,عنيزة,,no_kaikki_semantic_entry
261019,وقفة,,no_kaikki_semantic_entry
260946,علاوة,addition; rise (of wage or salary),no_calima_kaikki_semantic_agreement
260589,تبني,,no_kaikki_semantic_entry
260224,دري,Dari; twinkling,no_calima_kaikki_semantic_agreement
259829,تفادي,,no_kaikki_semantic_entry
259757,جاني,,no_kaikki_semantic_entry
259665,صاروخي,,no_kaikki_semantic_entry
258520,ثري,,no_kaikki_semantic_entry
257984,مبتكر,,no_kaikki_semantic_entry
257709,معقول,"wise; considerate; bound, held, restricted",no_calima_kaikki_semantic_agreement
257276,وكس,,no_kaikki_semantic_entry
256751,مشرق,Mashriq; a sunny place; time of sunrise,no_calima_kaikki_semantic_agreement
256709,ألان,,no_kaikki_semantic_entry
256271,مفكر,thinker,no_calima_kaikki_semantic_agreement
256072,حمى,fever; to bathe; to shelter,no_calima_kaikki_semantic_agreement
255843,موالي,,no_kaikki_semantic_entry
255438,مستقر,"quiet; confessing; fixed, immobile",no_calima_kaikki_semantic_agreement
255370,تزامن,"verbal noun of تَزَامَنَ (tazāmana) (form VI); to be simultaneous, to coincide, to happen together, to be synchronous, to synchronize",no_calima_kaikki_semantic_agreement
255355,تطرف,to be extreme; to be radical; verbal noun of تَطَرَّفَ (taṭarrafa) (form V),no_calima_kaikki_semantic_agreement
255311,طريف,"witty person; witty, amusing, agreeable",no_calima_kaikki_semantic_agreement
254877,حجار,"stonecutter, stonemason",no_calima_kaikki_semantic_agreement
253629,كلاسيكي,,no_kaikki_semantic_entry
253216,ظالم,"active participle of ظَلَمَ (ẓalama); unjust; tyrannical, oppressing, iniquitous",no_calima_kaikki_semantic_agreement
252810,إبلاغ,verbal noun of أَبْلَغَ (ʔablaḡa) (form IV),no_calima_kaikki_semantic_agreement
252386,موسع,,no_kaikki_semantic_entry
251768,غرار,,no_kaikki_semantic_entry
250929,حادي,,no_kaikki_semantic_entry
250432,عادل,"upright; to equate; notary, judge",no_calima_kaikki_semantic_agreement
249245,مفترض,,no_kaikki_semantic_entry
249233,ممنوع,hindered; forbidden; prevented,no_calima_kaikki_semantic_agreement
249196,تحريك,"excitement, arousal; moving (the act of moving something); verbal noun of حَرَّكَ (ḥarraka) (form II)",no_calima_kaikki_semantic_agreement
249178,إتاحة,verbal noun of أَتَاحَ (ʔatāḥa) (form IV),no_calima_kaikki_semantic_agreement
249169,إغاثة,,no_kaikki_semantic_entry
248979,ذكريات,,no_kaikki_semantic_entry
248643,معلق,bucket; attached; undecided,no_calima_kaikki_semantic_agreement
248576,إنتاجي,,no_kaikki_semantic_entry
248473,سوفيتي,,no_kaikki_semantic_entry
248370,أذكار,,no_kaikki_semantic_entry
248177,مسقط,projection (drawing); Muscat (the capital city of Oman); verbal noun of سَقَطَ (saqaṭa) (form I),no_calima_kaikki_semantic_agreement
247868,متغير,variable,no_calima_kaikki_semantic_agreement
247069,سيف,coast; shore; riverbank,no_calima_kaikki_semantic_agreement
246513,عرقلة,,no_kaikki_semantic_entry
245651,أحيى,,no_kaikki_semantic_entry
245303,تضحي,,no_kaikki_semantic_entry
245145,خلص,to rid; to reach; to belong,no_calima_kaikki_semantic_agreement
244537,أوقف,"to suppress, to ban; to postpone, to delay; to donate, to bequeath",no_calima_kaikki_semantic_agreement
244467,مضي,verbal noun of مَضَى (maḍā) (form I),no_calima_kaikki_semantic_agreement
244044,تداعي,,no_kaikki_semantic_entry
244031,سكن,"ashes; to feel at home; dwelling, abode, habitation",no_calima_kaikki_semantic_agreement
243388,مقرب,,no_kaikki_semantic_entry
243377,توجب,,no_kaikki_semantic_entry
243224,تعين,"to be defined; to be necessary for, to behoove; to be obligatory for, to be incumbent on",no_calima_kaikki_semantic_agreement
243005,دكتوراة,,no_kaikki_semantic_entry
242860,يو,,no_kaikki_semantic_entry
242675,ناجم,,no_kaikki_semantic_entry
242648,مبروك,,no_kaikki_semantic_entry
242039,تزويد,verbal noun of زَوَّدَ (zawwada) (form II),no_calima_kaikki_semantic_agreement
241685,مئوي,,no_kaikki_semantic_entry
241634,ذمة,"responsibility, liability, blame; peace, custody, guardianship, care",no_calima_kaikki_semantic_agreement
241606,مرخص,,no_kaikki_semantic_entry
241387,بقاع,,no_kaikki_semantic_entry
240608,بانوراما,,no_kaikki_semantic_entry
239783,أولويات,,no_kaikki_semantic_entry
239488,ناسب,"to suit, to fit",no_calima_kaikki_semantic_agreement
239478,كورة,"a type of administrative division, translated as “district” or “province”, notably instituted by the Umayyad Caliphate and hence the Emirate of Córdoba",no_calima_kaikki_semantic_agreement
238715,تبريك,verbal noun of بَرَّكَ (barraka) (form II),no_calima_kaikki_semantic_agreement
238559,كلفة,"expense, outlay, cost",no_calima_kaikki_semantic_agreement
238476,إحالة,"anaphora; referral; alteration, change",no_calima_kaikki_semantic_agreement
238327,زكي,"to thirst; well-thriven, prosperous, well-off, raised perfectly, suffering no blame; to thrive, yield increase, receive increase and blessings, augment, produce fruit",no_calima_kaikki_semantic_agreement
238211,مسمى,,no_kaikki_semantic_entry
238190,مبرمج,,no_kaikki_semantic_entry
237623,معلوماتي,,no_kaikki_semantic_entry
237473,دفاعي,,no_kaikki_semantic_entry
237236,نزع,"to draw wide (bow); to draw up (bucket); to pluck out, to remove",no_calima_kaikki_semantic_agreement
236860,روعة,,no_kaikki_semantic_entry
236653,جم,"many, much, numerous",no_calima_kaikki_semantic_agreement
235835,نفع,"benefit, usefulness; to profit, to benefit; to be conducive to health",no_calima_kaikki_semantic_agreement
235367,مغني,,no_kaikki_semantic_entry
235095,رقية,"Ruqayya bint Husayn; a female given name, Ruqayya",no_calima_kaikki_semantic_agreement
235076,تواجد,to affect passion; verbal noun of تَوَاجَدَ (tawājada) (form VI),no_calima_kaikki_semantic_agreement
235072,قاسي,,no_kaikki_semantic_entry
234753,حازم,"a male given name, Hazim; firm, strict, assertive, stern, decisive",no_calima_kaikki_semantic_agreement
233865,هرب,to elope; desertion; elopement,no_calima_kaikki_semantic_agreement
233770,ضريبي,,no_kaikki_semantic_entry
232615,إصرار,insisting; verbal noun of أَصَرَّ (ʔaṣarra) (form IV),no_calima_kaikki_semantic_agreement
232058,ملتزم,,no_kaikki_semantic_entry
231109,مجرب,"experienced, practiced, skilled",no_calima_kaikki_semantic_agreement
230849,مهمل,careless; neglected; negligent,no_calima_kaikki_semantic_agreement
230622,نشيط,"pleased, cheerful, happy, willing; brisk, lively, active, agile, prompt, quick, energetic",no_calima_kaikki_semantic_agreement
230481,مشار,,no_kaikki_semantic_entry
230072,قابض,clutch; depressing; constriction,no_calima_kaikki_semantic_agreement
229825,بوح,verbal noun of بَاحَ (bāḥa) (form I),no_calima_kaikki_semantic_agreement
229707,إناث,,no_kaikki_semantic_entry
229142,سكاني,,no_kaikki_semantic_entry
228815,أدلى,,no_kaikki_semantic_entry
228234,وضعي,,no_kaikki_semantic_entry
228181,روائي,,no_kaikki_semantic_entry
228019,تصريف,"change, alteration; sale, retail, disposal; drawing off (water), drainage",no_calima_kaikki_semantic_agreement
227890,عون,help; Aoun: a surname,no_calima_kaikki_semantic_agreement
227837,سويتش,,no_kaikki_semantic_entry
227764,إحداث,"verbal noun of أَحْدَثَ (ʔaḥdaṯa) (form IV); producing a new thing, creation, invention, origination, causation",no_calima_kaikki_semantic_agreement
226501,وحي,revelation; verbal noun of وَحَى (waḥā) (form I),no_calima_kaikki_semantic_agreement
226348,ملائم,"active participle of لَاءَمَ (lāʔama): fit, proper, convenient",no_calima_kaikki_semantic_agreement
225595,مشابه,,no_kaikki_semantic_entry
225408,إهمال,negligence; verbal noun of أَهْمَلَ (ʔahmala) (form IV),no_calima_kaikki_semantic_agreement
224985,ناشط,,no_kaikki_semantic_entry
224866,غنائي,,no_kaikki_semantic_entry
224758,ثائر,rebel,no_calima_kaikki_semantic_agreement
224625,مطرب,,no_kaikki_semantic_entry
224105,كسارة,,no_kaikki_semantic_entry
223584,حبس,"to tie up; to imprison; prison, jail",no_calima_kaikki_semantic_agreement
223217,محجب,,no_kaikki_semantic_entry
223179,تهدئة,,no_kaikki_semantic_entry
223003,حادي,,no_kaikki_semantic_entry
222837,ألب,,no_kaikki_semantic_entry
222734,فخامة,,no_kaikki_semantic_entry
222650,كبر,"old age; drum, timbrel; great calamities",no_calima_kaikki_semantic_agreement
222051,ضم,girding; to gird; to compress the lips,no_calima_kaikki_semantic_agreement
221939,تزايد,,no_kaikki_semantic_entry
221911,تقوية,verbal noun of قَوَّى (qawwā) (form II),no_calima_kaikki_semantic_agreement
221389,كرم,"to exalt; generosity; nobleness, kindness",no_calima_kaikki_semantic_agreement
220798,جدر,wall; tumor of the throat; to make (someone) worthy,no_calima_kaikki_semantic_agreement
220575,تغريد,singing (of birds); verbal noun of غَرَّدَ (ḡarrada) (form II),no_calima_kaikki_semantic_agreement
220504,كير,,no_kaikki_semantic_entry
220468,متتالي,,no_kaikki_semantic_entry
219953,توريد,verbal noun of وَرَّدَ (warrada) (form II),no_calima_kaikki_semantic_agreement
219748,هرير,,no_kaikki_semantic_entry
219326,حافل,"eventful; rich in, full of",no_calima_kaikki_semantic_agreement
219223,لقطة,,no_kaikki_semantic_entry
218870,هجري,,no_kaikki_semantic_entry
218390,نقض,"to peel off; to veto, to repeal; to break, to demolish",no_calima_kaikki_semantic_agreement
216960,إمكانات,,no_kaikki_semantic_entry
216841,منشور,sawn; prism; manifesto,no_calima_kaikki_semantic_agreement
216642,تعداد,"census; quantity, amount, number",no_calima_kaikki_semantic_agreement
216625,رافض,,no_kaikki_semantic_entry
216381,كراهية,"reprehensibility, baseness; incompatibility (in marriage); verbal noun of كَرُهَ (karuha) (form I)",no_calima_kaikki_semantic_agreement
215898,زجاجي,,no_kaikki_semantic_entry
215469,ناسف,,no_kaikki_semantic_entry
214833,تحصيل,"extracting, educing; collecting (money or revenue); reducing a proposition to a categoric form",no_calima_kaikki_semantic_agreement
214442,أبعد,bad; perishing; more remote; most remote,no_calima_kaikki_semantic_agreement
214436,هروب,verbal noun of هَرَبَ (haraba) (form I),no_calima_kaikki_semantic_agreement
214209,تهيئة,,no_kaikki_semantic_entry
213989,فقهي,,no_kaikki_semantic_entry
213870,منطلق,"perspective, standpoint, basis; springboard (anything that launches or provides impulse)",no_calima_kaikki_semantic_agreement
213222,نافذ,,no_kaikki_semantic_entry
212200,نغا,,no_kaikki_semantic_entry
211850,منهجي,,no_kaikki_semantic_entry
211635,بروفسور,,no_kaikki_semantic_entry
211623,بحثي,,no_kaikki_semantic_entry
211442,عدل,equal; ransom; reward,no_calima_kaikki_semantic_agreement
211282,تحري,,no_kaikki_semantic_entry
211124,تورط,to become embroiled in; verbal noun of تَوَرَّطَ (tawarraṭa) (form V),no_calima_kaikki_semantic_agreement
210822,رحل,camel; to die; saddlebags,no_calima_kaikki_semantic_agreement
210766,محقق,"detective; certain, sure; executed, fulfilled",no_calima_kaikki_semantic_agreement
210747,عطل,lack; to free; to empty,no_calima_kaikki_semantic_agreement
210714,نفق,"to sell; to be brisk (of a market); to be used up, to run out",no_calima_kaikki_semantic_agreement
210670,تعدد,"to be numerous; to multiply, to increase in frequency",no_calima_kaikki_semantic_agreement
210657,عابر,"passerby; active participle of عَبَرَ (ʕabara); clipping of عَابِر جِنْسِيًّا (ʕābir jinsiyyan, “transsexual”)",no_calima_kaikki_semantic_agreement
210330,كوبي,,no_kaikki_semantic_entry
209972,عباية,,no_kaikki_semantic_entry
209953,شافعي,Shafiite,no_calima_kaikki_semantic_agreement
209906,ميس,"nettle tree, hackberry (Celtis gen. et spp., especially Celtis australis, but locally also Celtis caucasica)",no_calima_kaikki_semantic_agreement
208385,تسريب,verbal noun of سَرَّبَ (sarraba) (form II),no_calima_kaikki_semantic_agreement
207985,عمراني,,no_kaikki_semantic_entry
207678,لاتيني,,no_kaikki_semantic_entry
207642,معرفي,,no_kaikki_semantic_entry
207380,غامض,mysterious,no_calima_kaikki_semantic_agreement
206537,ولاء,verbal noun of وَالَى (wālā) (form III); verbal noun of وَلِيَ (waliya) (form I),no_calima_kaikki_semantic_agreement
206189,تحفيظ,verbal noun of حَفَّظَ (ḥaffaẓa) (form II),no_calima_kaikki_semantic_agreement
205550,مخلف,,no_kaikki_semantic_entry
205321,تعقيد,verbal noun of عَقَّدَ (ʕaqqada) (form II),no_calima_kaikki_semantic_agreement
205205,نسب,"parentage; noble descent; descent, birth",no_calima_kaikki_semantic_agreement
204894,إيه,,no_kaikki_semantic_entry
204842,أنى,how; when?; From where?,no_calima_kaikki_semantic_agreement
204691,قاطع,to boycott; to interrupt; secant (symbol: قا),no_calima_kaikki_semantic_agreement
204668,رباعي,quartet; quatrain; tetragonal,no_calima_kaikki_semantic_agreement
203978,نش,"to ooze, to sputter",no_calima_kaikki_semantic_agreement
203404,تنقل,transmission; reorganization; change of residence,no_calima_kaikki_semantic_agreement
203299,خلط,to mix; to confuse; humour in humourism,no_calima_kaikki_semantic_agreement
203196,باكي,,no_kaikki_semantic_entry
202847,نجا,"skin, hide; to survive; palanquin wood",no_calima_kaikki_semantic_agreement
202833,حنيف,"inclining; belonging to the right religion, of true belief; someone connected to a wrong religion, impious, deviatory",no_calima_kaikki_semantic_agreement
202716,تظاهر,"manifestation; pretending, faking, feigning; to manifest (to be revealed)",no_calima_kaikki_semantic_agreement
202650,قافل,,no_kaikki_semantic_entry
202624,عابد,active participle of عَبَدَ (ʕabada),no_calima_kaikki_semantic_agreement
202522,مفروشات,furniture,no_calima_kaikki_semantic_agreement
202486,متضرر,,no_kaikki_semantic_entry
202299,جماهيري,,no_kaikki_semantic_entry
202197,مقررات,,no_kaikki_semantic_entry
201946,تحضيري,,no_kaikki_semantic_entry
201550,غسال,,no_kaikki_semantic_entry
201256,شد,"to press; to tense (muscles); to fasten, tie, bind",no_calima_kaikki_semantic_agreement
200737,ند,"equivalent, peer, coequal, counterpart, rival",no_calima_kaikki_semantic_agreement
200358,ناقلة,,no_kaikki_semantic_entry
200072,فرز,,no_kaikki_semantic_entry
199920,أمبير,,no_kaikki_semantic_entry
199846,ضاع,"to perish; to be lost; to get lost, to stray",no_calima_kaikki_semantic_agreement
199844,فاصل,"insulator; ident, bumper; insulating, isolating",no_calima_kaikki_semantic_agreement
199777,جاه,,no_kaikki_semantic_entry
199616,سمة,visa; stigma; distinction,no_calima_kaikki_semantic_agreement
199279,مدفوع,,no_kaikki_semantic_entry
199077,رامي,"a male given name, Ramy",no_calima_kaikki_semantic_agreement
198818,معاوية,a male given name,no_calima_kaikki_semantic_agreement
198650,إدانة,,no_kaikki_semantic_entry
198613,أرجاء,,no_kaikki_semantic_entry
198302,نبطي,,no_kaikki_semantic_entry
198250,أوج,apse; apogee; zenith,no_calima_kaikki_semantic_agreement
198018,ساخر,"buffoon; mocking, sarcastic; one who mocks or scoffs",no_calima_kaikki_semantic_agreement
197783,مشتبه,,no_kaikki_semantic_entry
197783,إصبع,lollipop; popsicle; piano key,no_calima_kaikki_semantic_agreement
196769,تقليص,,no_kaikki_semantic_entry
196569,تجميد,verbal noun of جَمَّدَ (jammada) (form II),no_calima_kaikki_semantic_agreement
196299,شلل,,no_kaikki_semantic_entry
196248,مجلد,volume,no_calima_kaikki_semantic_agreement
195852,مدرج,"staff; runway, airstrip; amphitheater, lecture hall",no_calima_kaikki_semantic_agreement
195788,نيجيري,,no_kaikki_semantic_entry
195743,رواج,verbal noun of رَاجَ (rāja) (form I); going round about the watering-trough but not reaching it (said of a camel),no_calima_kaikki_semantic_agreement
195708,إبقاء,,no_kaikki_semantic_entry
195705,مستهدف,,no_kaikki_semantic_entry
194718,تمرد,"to rebel, to revolt; to be arrogant, to be insolent; to be uncooperative, to be disobedient",no_calima_kaikki_semantic_agreement
194658,فاعلية,"the state of being a فَاعِل (fāʕil, “subject, agent”)",no_calima_kaikki_semantic_agreement
194606,تأهل,to qualify; to get married; to marry; verbal noun of تَأَهَّلَ (taʔahhala) (form V),no_calima_kaikki_semantic_agreement
193966,صدري,,no_kaikki_semantic_entry
193857,فاتح,"light (in color); victor, conqueror; semidark (in color)",no_calima_kaikki_semantic_agreement
193671,حوى,"to occupy; to contain; to preserve, guard",no_calima_kaikki_semantic_agreement
192712,أرضي,"Earthling; earthly, terrestrial",no_calima_kaikki_semantic_agreement
192710,مفعول,"object; done, made",no_calima_kaikki_semantic_agreement
192678,بورندي,,no_kaikki_semantic_entry
192539,كتابي,,no_kaikki_semantic_entry
192047,نقر,"literally; verbal noun of نَقَرَ (naqara) (form I); so as investigating, to dig into, to tap",no_calima_kaikki_semantic_agreement
191206,لاق,"to care for; to fit well; to cling to, keep by",no_calima_kaikki_semantic_agreement
191185,أجر,"to rent, to hire; to serve for hire; gift, morning gift",no_calima_kaikki_semantic_agreement
190930,زين,beauty; to grace; to shave,no_calima_kaikki_semantic_agreement
190752,عولمة,,no_kaikki_semantic_entry
190105,عيان,tired; verbal noun of عَايَنَ (ʕāyana),no_calima_kaikki_semantic_agreement
189773,مختصر,brief; concise; abbreviated,no_calima_kaikki_semantic_agreement
189390,عرق,"erg; blood vessel; stock, descent",no_calima_kaikki_semantic_agreement
189296,صبي,the pupil of an eye; a boy-servant; a slave-boy; a protrusion; a projection,no_calima_kaikki_semantic_agreement
188542,خطف,theft; rapaciousness; snatching away,no_calima_kaikki_semantic_agreement
188450,تخرج,to graduate (from),no_calima_kaikki_semantic_agreement
187802,توحد,autism; isolation; loneliness,no_calima_kaikki_semantic_agreement
187769,أممي,of or related to the United Nations,no_calima_kaikki_semantic_agreement
187673,ألحق,to connect (something بِ to); to enclose (something بِ in); to inflict (something بِ upon),no_calima_kaikki_semantic_agreement
187623,جذري,,no_kaikki_semantic_entry
187533,تسديد,,no_kaikki_semantic_entry
186983,شرع,to lift up; to publish; to make clear,no_calima_kaikki_semantic_agreement
186796,منظور,"desired; seen, sighted; passive participle of نَظَرَ (naẓara)",no_calima_kaikki_semantic_agreement
186617,مواكب,,no_kaikki_semantic_entry
186551,محمل,,no_kaikki_semantic_entry
186298,راقي,,no_kaikki_semantic_entry
186293,أمسي,,no_kaikki_semantic_entry
185752,خدمي,,no_kaikki_semantic_entry
185689,حضري,,no_kaikki_semantic_entry
185429,نجل,to kick; posterity; to mistreat,no_calima_kaikki_semantic_agreement
184778,مجمل,,no_kaikki_semantic_entry
184516,إظهار,pretending; explanation; publication,no_calima_kaikki_semantic_agreement
184362,بادر,"to hurry up; to rush, to hurry; to accost, to assail",no_calima_kaikki_semantic_agreement
184326,هداف,,no_kaikki_semantic_entry
184275,تحفة,"masterpiece, curiosity, rarity",no_calima_kaikki_semantic_agreement
183531,تشكل,,no_kaikki_semantic_entry
183403,شقيقة,migraine; feminine singular of شَقِيق (šaqīq); female equivalent of شَقِيق (šaqīq): full sister,no_calima_kaikki_semantic_agreement
183056,بور,"stagnant, waste-; fallow, uncultivated; Bor (a city in South Sudan)",no_calima_kaikki_semantic_agreement
182965,ثمين,valuable,no_calima_kaikki_semantic_agreement
181795,خلاص,"receipt; redemption; rescue, salvation",no_calima_kaikki_semantic_agreement
181719,تشغيلي,,no_kaikki_semantic_entry
181700,تدوين,verbal noun of دَوَّنَ (dawwana) (form II),no_calima_kaikki_semantic_agreement
180530,نرويجي,,no_kaikki_semantic_entry
180130,سلوكي,,no_kaikki_semantic_entry
180023,ممر,"canal; lapse of time; exit, departure",no_calima_kaikki_semantic_agreement
179930,راق,"to glisten, to glint; to be pure, to be clean; to be eminent, to exceed",no_calima_kaikki_semantic_agreement
179890,رخيص,"low (price); stupid, dull; quick (death)",no_calima_kaikki_semantic_agreement
179513,مستندات,,no_kaikki_semantic_entry
178370,فرج,vulva; to dispel; happy ending,no_calima_kaikki_semantic_agreement
177943,كردستاني,,no_kaikki_semantic_entry
177734,باشر,to carry out (a task); to touch (be in contact); to exercise (a profession),no_calima_kaikki_semantic_agreement
177568,إد,"outrageous, heinous",no_calima_kaikki_semantic_agreement
177540,شتوي,"wintry, hibernal",no_calima_kaikki_semantic_agreement
177399,جمالي,,no_kaikki_semantic_entry
175768,حراسة,verbal noun of حَرَسَ (ḥarasa) (form I),no_calima_kaikki_semantic_agreement
175592,عز,"to be powerful, to overpower; verbal noun of عَزَّ (ʕazza) (form I); to be dear, to be precious, to be rare",no_calima_kaikki_semantic_agreement
175505,ترسيخ,,no_kaikki_semantic_entry
175400,فخم,"great, big; spoken with emphasis; to intensify, magnify",no_calima_kaikki_semantic_agreement
174944,أنيق,"loved; pleasing; pretty, beautiful",no_calima_kaikki_semantic_agreement
174695,سويداء,"seepweed (Suaeda gen. et spp.); only used in السُوَيْدَاء (as-suwaydāʔ, “As-Suwayda; As-Suwayda Governorate”)",no_calima_kaikki_semantic_agreement
174667,واقعة,"fact; news; combat, battle",no_calima_kaikki_semantic_agreement
174586,موقوف,"caught, arrested; dedicated to a waqf; passive participle of وَقَفَ (waqafa)",no_calima_kaikki_semantic_agreement
174539,أسقط,"to elide; to leave out; to subtract, deduct",no_calima_kaikki_semantic_agreement
174530,عنا,,no_kaikki_semantic_entry
174506,درك,"gendarmerie; reaching of a goal; depth, (literal) rock-bottom",no_calima_kaikki_semantic_agreement
174356,عتامة,,no_kaikki_semantic_entry
174259,تعاطي,,no_kaikki_semantic_entry
174168,تذكاري,,no_kaikki_semantic_entry
