rank,front,normalized_front,en,fr,ur,definition_en,example_ar,example_en,root,related,front_token_count,front_calima_coverage,front_unanalyzed_tokens,example_token_count,example_calima_coverage,example_unanalyzed_tokens,flags,status
251,مِنْ نَاحِيَةٍ تَنْظِيرِيَّةٍ,من ناحية تنظيرية,theoretically / from a theoretical perspective,théoriquement / d'un point de vue théorique,نظریاتی لحاظ سے,"Phrase narrowing the discussion to the concepts and rules of a matter, rather than its practical application.",هَذَا صَحِيحٌ مِنْ نَاحِيَةٍ تَنْظِيرِيَّةٍ.,This is correct from a theoretical perspective.,— (multiword expression; no single lexical root),"نَظَرِيًّا, اِفْتِرَاضِيًّا",3,0.667,تنظيرية,5,0.800,تنظيرية,low_calima_front_coverage,explicit_review_required
288,مِنْ قُبَيْلِ الصُّدْفَةِ المَحْضَةِ,من قبيل الصدفة المحضة,by pure coincidence / purely accidental,par pure coïncidence / par pur hasard,محض اتفاقاً / بالکل اتفاقیہ,Emphatic version of 'min qubayl al-misadafa'. Asserts that an event had absolutely no prior planning or connection.,اِلْتَقَيْنَا مِنْ قُبَيْلِ الصُّدْفَةِ المَحْضَةِ.,We met by pure coincidence.,— (multiword expression; no single lexical root),"صُدْفَةً تَمَامًا, بِلَا تَرْتِيبٍ",4,0.750,المحضة,5,0.800,المحضة,low_calima_front_coverage,explicit_review_required
289,عَلَى نِطَاقٍ تَنْظِيرِيٍّ مَحْضٍ,على نطاق تنظيري محض,on a purely theoretical scale,sur un plan purement théorique,خالص نظریاتی سطح پر,Phrase emphasizing that the discussion is entirely academic and has no immediate practical application or testing.,نَدْرُسُ القَاعِدَةَ عَلَى نِطَاقٍ تَنْظِيرِيٍّ مَحْضٍ.,We study the rule on a purely theoretical scale.,— (multiword expression; no single lexical root),"فَلْسَفِيًّا, اِفْتِرَاضِيًّا",4,0.750,تنظيري,6,0.833,تنظيري,low_calima_front_coverage,explicit_review_required
327,عَلَى نِطَاقٍ تَوْعَوِيٍّ,على نطاق توعوي,on an awareness-raising scale / for public awareness,à l'échelle de la sensibilisation,آگاہی کی سطح پر,"Phrase describing actions or campaigns designed to inform the public about a specific issue (e.g., health, environment).",الحَمْلَةُ تَعْمَلُ عَلَى نِطَاقٍ تَوْعَوِيٍّ.,The campaign works on an awareness-raising scale.,— (multiword expression; no single lexical root),"لِلإِعْلامِ, لِلتَّثْقِيفِ",3,0.667,توعوي,5,0.800,توعوي,low_calima_front_coverage,explicit_review_required
339,مِنْ قُبَيْلِ المُصَادَفَةِ البَحْتَةِ,من قبيل المصادفة البحتة,by purely random coincidence / purely by chance,par pur hasard / par coïncidence pure et simple,محض اتفاقاً / بالکل اتفاقیہ,"Emphatic version of 'min qubayl al-misadafa'. Asserts that there was absolutely no prior plan, intent, or hidden connection.",رَأَيْتُهُ مِنْ قُبَيْلِ المُصَادَفَةِ البَحْتَةِ.,I saw him purely by chance.,— (multiword expression; no single lexical root),"صُدْفَةً تَمَامًا, بِلَا قَصْدٍ أَبَدًا",4,0.750,البحتة,5,0.800,البحتة,low_calima_front_coverage,explicit_review_required
424,مِنْ نَاحِيَةٍ اِجْتِمَاعِيَّةٍ أَنْتْرُوبُولُوجِيَّةٍ,من ناحية اجتماعية أنتروبولوجية,from a socio-anthropological perspective,d'un point de vue socio-anthropologique,سماجی اور بشریاتی (انسانی ارتقاء کے) لحاظ سے,"Academic phrase narrowing the discussion to the study of human societies, cultures, and their development.",هَذِهِ العَادَةُ هَامَّةٌ مِنْ نَاحِيَةٍ اِجْتِمَاعِيَّةٍ أَنْتْرُوبُولُوجِيَّةٍ.,This custom is important from a socio-anthropological perspective.,— (multiword expression; no single lexical root),"عِلْمِيًّا, لِدِرَاسَةِ الشُّعُوبِ",4,0.750,أنتروبولوجية,7,0.857,أنتروبولوجية,low_calima_front_coverage,explicit_review_required
451,مِنْ نَاحِيَةٍ اِفْتِصَادِيَّةٍ كُلِّيَّةٍ,من ناحية افتصادية كلية,from a macroeconomic perspective,d'un point de vue macroéconomique,میکرو اکنامک (بڑے پیمانے کے معاشی) لحاظ سے,"Phrase narrowing the discussion to large-scale economic factors like national income, inflation, and growth.",البَلَدُ بِخَيْرٍ مِنْ نَاحِيَةٍ اِفْتِصَادِيَّةٍ كُلِّيَّةٍ.,The country is fine from a macroeconomic perspective.,— (multiword expression; no single lexical root),"لِلاِقْتِصَادِ الكَبِيرِ, نَظْرَةٌ شَامِلَةٌ",4,0.750,افتصادية,6,0.833,افتصادية,low_calima_front_coverage,explicit_review_required
487,عَلَى نِطَاقٍ تَوْعَوِيٍّ اِجْتِمَاعِيٍّ,على نطاق توعوي اجتماعي,on a social awareness scale,à une échelle de sensibilisation sociale,سماجی آگاہی (بیداری) کی سطح پر,"Phrase describing efforts to educate a whole society about a specific problem like health, drugs, or rights.",الحَمْلَةُ تَعْمَلُ عَلَى نِطَاقٍ تَوْعَوِيٍّ اِجْتِمَاعِيٍّ.,The campaign works on a social awareness scale.,— (multiword expression; no single lexical root),"لِتَنْبِيهِ النَّاسِ, تَعْلِيمٌ جَمَاعِيٌّ",4,0.750,توعوي,6,0.833,توعوي,low_calima_front_coverage,explicit_review_required
522,بِغَرَضِ الاِسْتِمَالَةِ,بغرض الاستمالة,for the purpose of winning over / for attraction,à des fins de séduction / pour attirer,مائل کرنے (جیتنے) کی غرض سے,"Phrase used when an action is taken to convince someone to join a side, to like a product, or to gain their favor through kindness or persuasion.",تَكَلَّمَ بِلُطْفٍ بِغَرَضِ الاِسْتِمَالَةِ.,He spoke kindly for the purpose of winning over.,— (multiword expression; no single lexical root),"لِلاِقْنِاعِ, لِجَذْبِ النَّاسِ",2,0.500,الاستمالة,4,0.750,الاستمالة,low_calima_front_coverage,explicit_review_required
536,بِغَرَضِ الاِسْتِمَالَةِ الفِكْرِيَّةِ,بغرض الاستمالة الفكرية,for the purpose of intellectual winning over / conversion,à des fins de séduction intellectuelle / de conversion,فکری طور پر مائل کرنے کی غرض سے,"Phrase used when an action is taken to convince someone to accept a new philosophy, religion, or political theory through reason.",كَتَبَ الكِتَابَ بِغَرَضِ الاِسْتِمَالَةِ الفِكْرِيَّةِ.,He wrote the book for the purpose of intellectual winning over.,— (multiword expression; no single lexical root),"لِلاِقْنِاعِ الثَّقَافِيِّ, لِتَغْيِيرِ الرَّأْيِ",3,0.667,الاستمالة,5,0.800,الاستمالة,low_calima_front_coverage,explicit_review_required
549,بِغَرَضِ الاِسْتِمَالَةِ العَاطِفِيَّةِ,بغرض الاستمالة العاطفية,for the purpose of emotional winning over / manipulation,à des fins de séduction émotionnelle / de manipulation,جذباتی طور پر مائل کرنے کی غرض سے,"Phrase used when an action is taken to play on someone's feelings (pity, love, or anger) to get them to agree with a point or side.",بَكَى بِغَرَضِ الاِسْتِمَالَةِ العَاطِفِيَّةِ.,He cried for the purpose of emotional winning over.,— (multiword expression; no single lexical root),"لِلتَّأْثِيرِ النَّفْسِيِّ, لِجَذْبِ القَلْبِ",3,0.667,الاستمالة,4,0.750,الاستمالة,low_calima_front_coverage,explicit_review_required
563,بِغَرَضِ الاِسْتِمَالَةِ المِهَنِيَّةِ,بغرض الاستمالة المهنية,for the purpose of professional winning over / networking,à des fins de séduction professionnelle / de réseautage,پیشہ ورانہ طور پر مائل کرنے کی غرض سے,"Phrase used when an action is taken to convince a colleague, a boss, or a client to support your work or join your business project.",أَرْسَلَ السِّيرَةَ الذَّاتِيَّةَ بِغَرَضِ الاِسْتِمَالَةِ المِهَنِيَّةِ.,He sent the CV for the purpose of professional winning over.,— (multiword expression; no single lexical root),"لِكَسْبِ ثِقَةِ الزُّمَلَاءِ, لِلْعَمَلِ",3,0.667,الاستمالة,6,0.833,الاستمالة,low_calima_front_coverage,explicit_review_required
576,بِغَرَضِ الاِسْتِمَالَةِ الفَنِّيَّةِ,بغرض الاستمالة الفنية,for the purpose of artistic winning over / aesthetic appeal,à des fins de séduction artistique / d'attrait esthétique,فنی (آرٹسٹک) طور پر مائل کرنے کی غرض سے,"Phrase used when an action is taken to convince an audience through beauty, style, or creative skill rather than logic.",زَيَّنَ الكِتَابَ بِغَرَضِ الاِسْتِمَالَةِ الفَنِّيَّةِ.,He decorated the book for the purpose of artistic winning over.,— (multiword expression; no single lexical root),"لِجَذْبِ الذَّوْقِ, لِلْجَمَالِ",3,0.667,الاستمالة,5,0.800,الاستمالة,low_calima_front_coverage,explicit_review_required
589,بِغَرَضِ الاِسْتِمَالَةِ الدِّبْلُومَاسِيَّةِ,بغرض الاستمالة الدبلوماسية,for the purpose of diplomatic winning over / lobbying,à des fins de séduction diplomatique / de lobbying,سفارتی طور پر مائل کرنے کی غرض سے,Phrase used when an action is taken to convince foreign governments or international organizations to support a specific policy or peace plan.,زَارَ الوَزِيرُ العَاصِمَةَ بِغَرَضِ الاِسْتِمَالَةِ الدِّبْلُومَاسِيَّةِ.,The minister visited the capital for the purpose of diplomatic winning over.,— (multiword expression; no single lexical root),"لِكَسْبِ الحُلَفَاءِ, لِلسِّيَاسَةِ الدَّوْلِيَّةِ",3,0.667,الاستمالة,6,0.833,الاستمالة,low_calima_front_coverage,explicit_review_required
602,بِغَرَضِ الاِسْتِمَالَةِ المَنْطِقِيَّةِ,بغرض الاستمالة المنطقية,for the purpose of logical winning over / persuasion,à des fins de séduction logique / de persuasion,منطقی طور پر مائل کرنے کی غرض سے,"Phrase used when an action is taken to convince someone using cold facts, numbers, and clear reasoning rather than emotion or style.",قَدَّمَ الأَدِلَّةَ بِغَرَضِ الاِسْتِمَالَةِ المَنْطِقِيَّةِ.,He presented evidence for the purpose of logical winning over.,— (multiword expression; no single lexical root),"لِلاِقْنِاعِ بِالعَقْلِ, لِلْبُرْهَانِ",3,0.667,الاستمالة,5,0.800,الاستمالة,low_calima_front_coverage,explicit_review_required
614,بِغَرَضِ الاِسْتِمَالَةِ الكِلاسِيكِيَّةِ,بغرض الاستمالة الكلاسيكية,for the purpose of classical winning over / traditional appeal,à des fins de séduction classique / d'attrait traditionnel,کلاسیکی طور پر مائل کرنے کی غرض سے,"Phrase used when an action is taken to convince someone using old-fashioned, high-culture, or traditionally elegant methods (like a formal poem or a handwritten letter).",كَتَبَ الرِّسَالَةَ بِغَرَضِ الاِسْتِمَالَةِ الكِلاسِيكِيَّةِ.,He wrote the letter for the purpose of classical winning over.,— (multiword expression; no single lexical root),"لِجَذْبِ القُلُوبِ بِالأَدَبِ, لِلْجَمَالِ القَدِيمِ",3,0.667,الاستمالة,5,0.800,الاستمالة,low_calima_front_coverage,explicit_review_required
627,بِغَرَضِ الاِسْتِمَالَةِ العَبْقَرِيَّةِ,بغرض الاستمالة العبقرية,for the purpose of genius winning over / brilliant appeal,à des fins de séduction géniale / d'attrait brillant,عبقری (جینیئس) طور پر مائل کرنے کی غرض سے,Phrase used when an action is taken to convince someone using a plan so brilliant and complex that it looks like it was created by a genius.,صَمَّمَ المَشْرُوعَ بِغَرَضِ الاِسْتِمَالَةِ العَبْقَرِيَّةِ.,He designed the project for the purpose of genius winning over.,— (multiword expression; no single lexical root),"لِجَذْبِ العُقُولِ الذَّكِيَّةِ, لِلإِبْدَاعِ الفَرِيدِ",3,0.667,الاستمالة,5,0.800,الاستمالة,low_calima_front_coverage,explicit_review_required
639,بِغَرَضِ الاِسْتِمَالَةِ المَلَحِمِيَّةِ,بغرض الاستمالة الملحمية,for the purpose of epic winning over / heroic appeal,à des fins de séduction épique / d'attrait héroïque,رزمیہ (ایپک) طور پر مائل کرنے کی غرض سے,"Phrase used when an action is taken to convince a nation or a group by invoking great stories of heroes, battles, and legendary glory.",خَطَبَ المَلِكُ بِغَرَضِ الاِسْتِمَالَةِ المَلَحِمِيَّةِ.,The king spoke for the purpose of epic winning over.,— (multiword expression; no single lexical root),"لِجَذْبِ قُلُوبِ الفُرْسَانِ, لِلْمَجْدِ العَظِيمِ",3,0.667,الاستمالة,5,0.800,الاستمالة,low_calima_front_coverage,explicit_review_required
649,بِغَرَضِ الاِسْتِمَالَةِ السِّينِمَائِيَّةِ,بغرض الاستمالة السينمائية,for the purpose of cinematic winning over / visual storytelling,à des fins de séduction cinématographique / de narration visuelle,سینمائی (مووی) طور پر مائل کرنے کی غرض سے,"Phrase used when an action is taken to convince an audience by using powerful images, lighting, and dramatic music, like in a movie.",صَوَّرَ الإِعْلَانَ بِغَرَضِ الاِسْتِمَالَةِ السِّينِمَائِيَّةِ.,He filmed the advertisement for the purpose of cinematic winning over.,— (multiword expression; no single lexical root),"لِجَذْبِ الأَنْظَارِ بِالفَنِّ, لِلصُّورَةِ المُؤَثِّرَةِ",3,0.667,الاستمالة,5,0.800,الاستمالة,low_calima_front_coverage,explicit_review_required
661,بِغَرَضِ الاِسْتِمَالَةِ المِعْمَارِيَّةِ,بغرض الاستمالة المعمارية,for the purpose of architectural winning over / structural appeal,à des fins de séduction architecturale / d'attrait structurel,معمارانہ (آرکیٹیکچرل) طور پر مائل کرنے کی غرض سے,"Phrase used when an action is taken to convince someone by showing them beautiful buildings, grand designs, and perfect urban planning.",بَنَى القَصْرَ بِغَرَضِ الاِسْتِمَالَةِ المِعْمَارِيَّةِ.,He built the palace for the purpose of architectural winning over.,— (multiword expression; no single lexical root),"لِجَذْبِ القُلُوبِ بِالبُنْيَانِ, لِلْجَمَالِ المَبْنِيِّ",3,0.667,الاستمالة,5,0.800,الاستمالة,low_calima_front_coverage,explicit_review_required
669,بِمَحْضِ تَقْدِيرِكَ العِلْمِيِّ الجِينِيِّ,بمحض تقديرك العلمي الجيني,at your own scientific and genetic discretion,à ta seule discrétion scientifique et génétique,آپ کی اپنی سائنسی اور جینیاتی صوابدید پر,"(Triple emphatic). Focuses entirely on the listener's understanding of DNA, heredity, and the biological code of life.",عَدِّلِ الخَلِيَّةَ بِمَحْضِ تَقْدِيرِكَ العِلْمِيِّ الجِينِيِّ.,Edit the cell at your own scientific and genetic discretion.,— (multiword expression; no single lexical root),"حَسْبَ الشَّفْرَةِ الوِرَاثِيَّةِ, لِلْعَالِمِ الجِينِيِّ",4,0.750,الجيني,6,0.833,الجيني,low_calima_front_coverage,explicit_review_required
671,بِغَرَضِ الاِسْتِمَالَةِ الفَلْسَفِيَّةِ,بغرض الاستمالة الفلسفية,for the purpose of philosophical winning over / intellectual appeal,à des fins de séduction philosophique / d'attrait intellectuel,فلسفیانہ طور پر مائل کرنے کی غرض سے,"Phrase used when an action is taken to convince someone by using deep questions about life, existence, and the meaning of the soul.",نَاقَشَ الوُجُودَ بِغَرَضِ الاِسْتِمَالَةِ الفَلْسَفِيَّةِ.,He discussed existence for the purpose of philosophical winning over.,— (multiword expression; no single lexical root),"لِجَذْبِ العُقُولِ بِالحِكْمَةِ, لِلْبَحْثِ عَنِ الحَقِيقَةِ",3,0.667,الاستمالة,5,0.800,الاستمالة,low_calima_front_coverage,explicit_review_required
679,بِغَرَضِ الاِسْتِمَالَةِ الفِيزْيَائِيَّةِ,بغرض الاستمالة الفيزيائية,for the purpose of physical winning over / material appeal,à des fins de séduction physique / d'attrait matériel,مادی (فزیکل) طور پر مائل کرنے کی غرض سے,"Phrase used when an action is taken to convince someone by showing them physical objects, material wealth, or the strength of one's body.",قَدَّمَ المَالَ بِغَرَضِ الاِسْتِمَالَةِ الفِيزْيَائِيَّةِ.,He presented the money for the purpose of physical winning over.,— (multiword expression; no single lexical root),"لِجَذْبِ الحَوَاسِّ, لِلمَادَّةِ المَلْمُوسَةِ",3,0.667,الاستمالة,5,0.800,الاستمالة,low_calima_front_coverage,explicit_review_required
689,بِغَرَضِ الاِسْتِمَالَةِ الكِيمْيَائِيَّةِ,بغرض الاستمالة الكيميائية,for the purpose of chemical winning over / hormonal appeal,à des fins de séduction chimique / d'attrait hormonal,کیمیائی طور پر مائل کرنے کی غرض سے,"Phrase used when an action is taken to convince someone by using perfumes, medicines, or things that affect the body's internal chemistry and feelings.",اِسْتَعْمَلَ العِطْرَ بِغَرَضِ الاِسْتِمَالَةِ الكِيمْيَائِيَّةِ.,He used perfume for the purpose of chemical winning over.,— (multiword expression; no single lexical root),"لِجَذْبِ الجَسَدِ, لِلتَّأْثِيرِ الحَيَوِيِّ",3,0.667,الاستمالة,5,0.800,الاستمالة,low_calima_front_coverage,explicit_review_required
701,بِغَرَضِ الاِسْتِمَالَةِ الجِيُولوجِيَّةِ,بغرض الاستمالة الجيولوجية,for the purpose of geological winning over / territorial appeal,à des fins de séduction géologique / d'attrait territorial,جیو لوجیکل طور پر مائل کرنے کی غرض سے,"Phrase used when an action is taken to convince someone by showing them the value of the rocks, minerals, and the deep earth secrets of a land.",نَقَّبَ بِغَرَضِ الاِسْتِمَالَةِ الجِيُولوجِيَّةِ.,He prospected for the purpose of geological winning over.,— (multiword expression; no single lexical root),"لِجَذْبِ النَّاسِ بِالثَّرَوَاتِ, لِلأَرْضِ العَمِيقَةِ",3,0.667,الاستمالة,4,0.750,الاستمالة,low_calima_front_coverage,explicit_review_required
712,بِغَرَضِ الاِسْتِمَالَةِ الفَلَكِيَّةِ,بغرض الاستمالة الفلكية,for the purpose of astronomical winning over / cosmic appeal,à des fins de séduction astronomique / d'attrait cosmique,فلکیاتی (ایسٹرونومیکل) طور پر مائل کرنے کی غرض سے,"Phrase used when an action is taken to convince someone by showing them the beauty of the stars, the planets, and the vastness of the universe.",رَصَدَ النُّجُومَ بِغَرَضِ الاِسْتِمَالَةِ الفَلَكِيَّةِ.,He observed the stars for the purpose of astronomical winning over.,— (multiword expression; no single lexical root),"لِجَذْبِ النُّفُوسِ بِالفَضَاءِ, لِجَمَالِ السَّمَاءِ العَمِيقِ",3,0.667,الاستمالة,5,0.800,الاستمالة,low_calima_front_coverage,explicit_review_required
723,بِغَرَضِ الاِسْتِمَالَةِ الجِينِيَّةِ,بغرض الاستمالة الجينية,for the purpose of genetic winning over / hereditary appeal,à des fins de séduction génétique / d'attrait héréditaire,جینیاتی طور پر مائل کرنے کی غرض سے,"Phrase used when an action is taken to convince someone by showing them the value of their DNA, their ancestry, and the biological power of their family line.",دَرَسَ السُّلالَةَ بِغَرَضِ الاِسْتِمَالَةِ الجِينِيَّةِ.,He studied the lineage for the purpose of genetic winning over.,— (multiword expression; no single lexical root),"لِجَذْبِ النَّاسِ بِأَصْلِهِمْ, لِلشَّفْرَةِ الوِرَاثِيَّةِ",3,0.333,الاستمالة|الجينية,5,0.600,الاستمالة|الجينية,low_calima_front_coverage|low_calima_example_coverage,explicit_review_required
732,بِغَرَضِ الاِسْتِمَالَةِ السُّوسِيُولُوجِيَّةِ,بغرض الاستمالة السوسيولوجية,for the purpose of sociological winning over / social appeal,à des fins de séduction sociologique / d'attrait social,عمرانیاتی (سوشل بیالوجیکل) طور پر مائل کرنے کی غرض سے,"Phrase used when an action is taken to convince a group of people by understanding their social habits, their fears, and their group identity.",خَاطَبَ الشَّعْبَ بِغَرَضِ الاِسْتِمَالَةِ السُّوسِيُولُوجِيَّةِ.,He addressed the people for the purpose of sociological winning over.,— (multiword expression; no single lexical root),"لِجَذْبِ الجَمَاهِيرِ بِالفَهْمِ, لِلْوَاقِعِ الاِجْتِمَاعِيِّ",3,0.333,الاستمالة|السوسيولوجية,5,0.600,الاستمالة|السوسيولوجية,low_calima_front_coverage|low_calima_example_coverage,explicit_review_required
755,بِغَرَضِ الاِسْتِمَالَةِ الرُّوحَانِيَّةِ,بغرض الاستمالة الروحانية,for the purpose of spiritual winning over / soulful appeal,à des fins de séduction spirituelle / d'attrait de l'âme,روحانی طور پر مائل کرنے کی غرض سے,"Phrase used when an action is taken to convince someone by speaking to their soul, their conscience, and their deep internal connection to the Divine.",خَاطَبَ القَلْبَ بِغَرَضِ الاِسْتِمَالَةِ الرُّوحَانِيَّةِ.,He addressed the heart for the purpose of spiritual winning over.,— (multiword expression; no single lexical root),"لِجَذْبِ النُّفُوسِ بِالإِيمَانِ, لِلصَّفَاءِ الدَّاخِلِيِّ",3,0.667,الاستمالة,5,0.800,الاستمالة,low_calima_front_coverage,explicit_review_required
764,بِغَرَضِ الاِسْتِمَالَةِ العَقْلِيَّةِ,بغرض الاستمالة العقلية,for the purpose of intellectual winning over / rational appeal,à des fins de séduction intellectuelle / d'attrait rationnel,عقلی طور پر مائل کرنے کی غرض سے,"Phrase used when an action is taken to convince someone by using pure logic, facts, and the power of the human mind.",نَاقَشَ الفَيْلسُوفُ بِغَرَضِ الاِسْتِمَالَةِ العَقْلِيَّةِ.,The philosopher discussed for the purpose of intellectual winning over.,— (multiword expression; no single lexical root),"لِجَذْبِ النُّفُوسِ بِالمَنْطِقِ, لِلفَهْمِ العَمِيقِ",3,0.667,الاستمالة,5,0.800,الاستمالة,low_calima_front_coverage,explicit_review_required
773,بِغَرَضِ الاِسْتِمَالَةِ الكَوْنِيَّةِ,بغرض الاستمالة الكونية,for the purpose of cosmic winning over / universal appeal,à des fins de séduction cosmique / d'attrait universel,آفاقی طور پر مائل کرنے کی غرض سے,"Phrase used when an action is taken to convince someone by using the power, mystery, and the absolute laws of the entire universe.",نَظَرَ إِلَى النُّجُومِ بِغَرَضِ الاِسْتِمَالَةِ الكَوْنِيَّةِ.,He looked at the stars for the purpose of cosmic winning over.,— (multiword expression; no single lexical root),"لِجَذْبِ النُّفُوسِ بِالحَقِيقَةِ الكُبْرَى, لِلفَضَاءِ العَمِيقِ",3,0.667,الاستمالة,6,0.833,الاستمالة,low_calima_front_coverage,explicit_review_required
782,بِغَرَضِ الاِسْتِمَالَةِ الإِيكُولُوجِيَّةِ,بغرض الاستمالة الإيكولوجية,for the purpose of ecological winning over / nature appeal,à des fins de séduction écologique / d'attrait de la nature,ایکولوجیکل (ماحولیاتی) طور پر مائل کرنے کی غرض سے,"Phrase used when an action is taken to convince someone by showing them the beauty, balance, and the absolute power of nature and the planet.",صَوَّرَ الغَابَةَ بِغَرَضِ الاِسْتِمَالَةِ الإِيكُولُوجِيَّةِ.,He photographed the forest for the purpose of ecological winning over.,— (multiword expression; no single lexical root),"لِجَذْبِ النُّفُوسِ بِالطَّبِيعَةِ, لِلْبِيئَةِ الخَضْرَاءِ",3,0.333,الاستمالة|الإيكولوجية,5,0.600,الاستمالة|الإيكولوجية,low_calima_front_coverage|low_calima_example_coverage,explicit_review_required
801,بِغَرَضِ الاِسْتِمَالَةِ الجِيُوبُولِيتِيكِيَّةِ,بغرض الاستمالة الجيوبوليتيكية,for the purpose of geo-political winning over / border-based appeal,à des fins de séduction géopolitique / d'attrait des frontières,جیو پولیٹیکل طور پر مائل کرنے کی غرض سے,"Phrase used when an action is taken to convince someone by using the power of maps, the location of land, and the absolute rules of international power.",رَسَمَ الخَرِيْطَةَ بِغَرَضِ الاِسْتِمَالَةِ الجِيُوبُولِيتِيكِيَّةِ.,He drew the map for the purpose of geo-political winning over.,— (multiword expression; no single lexical root),"لِجَذْبِ النُّفُوسِ بِالقُوَّةِ الدَّوْلِيَّةِ, لِلْمَكَانِ العَمِيقِ",3,0.333,الاستمالة|الجيوبوليتيكية,5,0.600,الاستمالة|الجيوبوليتيكية,low_calima_front_coverage|low_calima_example_coverage,explicit_review_required
822,مِنَ الصَّعْبِ تَفَادِي الوُقُوعِ فِي هَذَا الشَّرَاكِ الجِيُوبُولِيتِيكِيِّ,من الصعب تفادي الوقوع في هذا الشراك الجيوبوليتيكي,hard to avoid falling into this geo-political web / international trap,difficile d'éviter de tomber dans ce tissu de pièges géopolitiques,اس جیو پولیٹیکل جال (بین الاقوامی شکنجے) میں گرنے سے بچنا مشکل ہو,"Phrase used when a country is surrounded by enemies, treaties, and borders in a way that no matter what move they make, they are caught in a global conflict.",غَرِقَتِ الدَّوْلَةُ وَمِنَ الصَّعْبِ تَفَادِي الوُقُوعِ فِي هَذَا الشَّرَاكِ الجِيُوبُولِيتِيكِيِّ.,The state sank and it was hard to avoid falling into this geo-political web.,— (multiword expression; no single lexical root),"خَطَرٌ دَوْلِيٌّ شَامِلٌ, فَخٌّ حُدُودِيٌّ لا مَفَرَّ مِنْهُ",8,0.750,الشراك|الجيوبوليتيكي,10,0.800,الشراك|الجيوبوليتيكي,low_calima_front_coverage,explicit_review_required
830,بِغَرَضِ الاِسْتِمَالَةِ التِّكْنُولُوجِيَّةِ,بغرض الاستمالة التكنولوجية,for the purpose of technological winning over / machine appeal,à des fins de séduction technologique / d'attrait des machines,ٹیکنالوجیکل طور پر مائل کرنے کی غرض سے,"Phrase used when an action is taken to convince someone by using the power of speed, code, automation, and the absolute reality of machines.",صَمَّمَ الجِهَازَ بِغَرَضِ الاِسْتِمَالَةِ التِّكْنُولُوجِيَّةِ.,He designed the device for the purpose of technological winning over.,— (multiword expression; no single lexical root),"لِجَذْبِ النُّفُوسِ بِالعِلْمِ الآلِيِّ, لِلْعَالَمِ الرَّقْمِيِّ",3,0.667,الاستمالة,5,0.800,الاستمالة,low_calima_front_coverage,explicit_review_required
839,بِغَرَضِ الاِسْتِمَالَةِ البِيُولُوجِيَّةِ,بغرض الاستمالة البيولوجية,for the purpose of biological winning over / life-based appeal,à des fins de séduction biologique / d'attrait de la vie,بائیولوجیکل طور پر مائل کرنے کی غرض سے,"Phrase used when an action is taken to convince someone by using the power of nature, DNA, life-force, and the absolute rules of biology.",زَرَعَ الحَدِيْقَةَ بِغَرَضِ الاِسْتِمَالَةِ البِيُولُوجِيَّةِ.,He planted the garden for the purpose of biological winning over.,— (multiword expression; no single lexical root),"لِجَذْبِ النُّفُوسِ بِسِرِّ الحَيَاةِ, لِلْعَالَمِ العُضْوِيِّ",3,0.667,الاستمالة,5,0.800,الاستمالة,low_calima_front_coverage,explicit_review_required
846,بِمَحْضِ تَقْدِيرِكَ العِلْمِيِّ السُّوسِيُولُوجِيِّ الإِيكُولُوجِيِّ,بمحض تقديرك العلمي السوسيولوجي الإيكولوجي,"at your own scientific, sociological and ecological discretion","à ta seule discrétion scientifique, sociologique et écologique",آپ کی اپنی سائنسی، عمرانیاتی اور ایکولوجیکل صوابدید پر,"(Triple emphatic). Focuses entirely on the listener's understanding of human groups, habits, and the absolute rules of nature and life-balance.",نَظِّمِ المَدِينَةَ بِمَحْضِ تَقْدِيرِكَ العِلْمِيِّ السُّوسِيُولُوجِيِّ الإِيكُولُوجِيِّ.,"Organize the city at your own scientific, sociological and ecological discretion.",— (multiword expression; no single lexical root),"حَسْبَ قَوَانِينِ الشُّعُوبِ وَالطَّبِيعَةِ, لِلْعَالِمِ الاِجْتِمَاعِيِّ البِيئِيِّ",5,0.600,السوسيولوجي|الإيكولوجي,7,0.714,السوسيولوجي|الإيكولوجي,low_calima_front_coverage|low_calima_example_coverage,explicit_review_required
848,بِغَرَضِ الاِسْتِمَالَةِ الفِيزْيَائِيَّةِ الكَوْنِيَّةِ,بغرض الاستمالة الفيزيائية الكونية,for the purpose of cosmic physical winning over / universe-based appeal,à des fins de séduction physique cosmique / d'attrait de l'univers,آفاقی مادی (فزیکل) طور پر مائل کرنے کی غرض سے,"Phrase used when an action is taken to convince someone by using the power of gravity, stars, energy, and the absolute physical reality of the entire universe.",رَسَمَ النُّجُومَ بِغَرَضِ الاِسْتِمَالَةِ الفِيزْيَائِيَّةِ الكَوْنِيَّةِ.,He drew the stars for the purpose of cosmic physical winning over.,— (multiword expression; no single lexical root),"لِجَذْبِ النُّفُوسِ بِقُوَّةِ السَّمَاءِ, لِلْمَادَّةِ العَمِيقَةِ الكَوْنِيَّةِ",4,0.750,الاستمالة,6,0.833,الاستمالة,low_calima_front_coverage,explicit_review_required
851,مِنَ الصَّعْبِ تَفَادِي الوُقُوعِ فِي هَذَا الشَّرَاكِ السُّوسِيُولُوجِيِّ,من الصعب تفادي الوقوع في هذا الشراك السوسيولوجي,hard to avoid falling into this sociological web / societal trap,difficile d'éviter de tomber dans ce tissu de pièges sociologiques,اس عمرانیاتی جال (سماجی شکنجے) میں گرنے سے بچنا مشکل ہو,"Phrase used when a person is caught in a tradition, a social class, or a community rule that controls their entire life and they cannot escape from it.",غَرِقَ فِي العَاداتِ وَمِنَ الصَّعْبِ تَفَادِي الوُقُوعِ فِي هَذَا الشَّرَاكِ السُّوسِيُولُوجِيِّ.,He sank into habits and it was hard to avoid falling into this sociological web.,— (multiword expression; no single lexical root),"خَطَرٌ اِجْتِمَاعِيٌّ شَامِلٌ, فَخٌّ تَقْلِيدِيٌّ لا مَفَرَّ مِنْهُ",8,0.750,الشراك|السوسيولوجي,11,0.818,الشراك|السوسيولوجي,low_calima_front_coverage,explicit_review_required
854,عَلَى وَشْكِ التَّلاشِي السُّوسِيُولُوجِيِّ الإِيكُولُوجِيِّ الشَّامِلِ,على وشك التلاشي السوسيولوجي الإيكولوجي الشامل,on the verge of total sociological and ecological disappearance / death of social-nature,sur le point de la disparition sociologique et écologique totale / mort de la nature sociale,مکمل عمرانیاتی اور ایکولوجیکل طور پر مٹ جانے (سماج اور فطرت ختم ہونے) کے دہانے پر,"Phrase describing a civilization that is about to lose both its people's habits and its natural world simultaneously, leaving a dead rock with no culture.",العَالَمُ عَلَى وَشْكِ التَّلاشِي السُّوسِيُولُوجِيِّ الإِيكُولُوجِيِّ الشَّامِلِ.,The world is on the verge of total sociological and ecological disappearance.,— (multiword expression; no single lexical root),"نِهَايَةُ الحَيَاةِ البَشَرِيَّةِ الطَّبِيعِيَّةِ, ضَيَاعُ الكَوْكَبِ كُلِّيًّا",6,0.667,السوسيولوجي|الإيكولوجي,7,0.714,السوسيولوجي|الإيكولوجي,low_calima_front_coverage|low_calima_example_coverage,explicit_review_required
856,بِغَرَضِ الاِسْتِمَالَةِ السُّوسِيُولُوجِيَّةِ الإِيكُولُوجِيَّةِ,بغرض الاستمالة السوسيولوجية الإيكولوجية,for the purpose of sociological and ecological winning over / social-nature appeal,à des fins de séduction sociologique et écologique / d'attrait de la nature sociale,عمرانیاتی اور ایکولوجیکل طور پر مائل کرنے کی غرض سے,Phrase used when an action is taken to convince someone by using the power of community habits and the absolute balance of the natural world.,نَظَّمَ القَرْيَةَ بِغَرَضِ الاِسْتِمَالَةِ السُّوسِيُولُوجِيَّةِ الإِيكُولُوجِيَّةِ.,He organized the village for the purpose of sociological and ecological winning over.,— (multiword expression; no single lexical root),"لِجَذْبِ النُّفُوسِ بِالمُجْتَمَعِ وَالطَّبِيعَةِ, لِلْعَالَمِ البَشَرِيِّ البِيئِيِّ",4,0.250,الاستمالة|السوسيولوجية|الإيكولوجية,6,0.500,الاستمالة|السوسيولوجية|الإيكولوجية,low_calima_front_coverage|low_calima_example_coverage,explicit_review_required
865,بِغَرَضِ الاِسْتِمَالَةِ الجِيُوفِيزْيَائِيَّةِ الطَّاقِيَّةِ,بغرض الاستمالة الجيوفيزيائية الطاقية,for the purpose of geo-physical and energetic winning over / power-appeal,à des fins de séduction géophysique et énergétique / d'attrait de puissance,جیو فزیکل اور توانائی کے لحاظ سے مائل کرنے کی غرض سے,"Phrase used when an action is taken to convince someone by using the power of the Earth's forces, heat, electricity, and the absolute reality of energy.",بَنَى المَحَطَّةَ بِغَرَضِ الاِسْتِمَالَةِ الجِيُوفِيزْيَائِيَّةِ الطَّاقِيَّةِ.,He built the station for the purpose of geo-physical and energetic winning over.,— (multiword expression; no single lexical root),"لِجَذْبِ النُّفُوسِ بِقُوَّةِ المَادَّةِ, لِلْعَالَمِ الأَرْضِيِّ القَوِيِّ",4,0.750,الاستمالة,6,0.833,الاستمالة,low_calima_front_coverage,explicit_review_required
868,مِنَ الصَّعْبِ تَفَادِي الوُقُوعِ فِي هَذَا الشَّرَاكِ الإِيكُولُوجِيِّ,من الصعب تفادي الوقوع في هذا الشراك الإيكولوجي,hard to avoid falling into this ecological web / environmental trap,difficile d'éviter de tomber dans ce tissu de pièges écologiques,اس ایکولوجیکل جال (ماحولیاتی شکنجے) میں گرنے سے بچنا مشکل ہو,"Phrase used when a person or a city is caught in a drought, a flood, or a planetary climate shift that they cannot escape from no matter how much they plan.",جَفَّ المَطَرُ وَمِنَ الصَّعْبِ تَفَادِي الوُقُوعِ فِي هَذَا الشَّرَاكِ الإِيكُولُوجِيِّ.,Rain dried up and it was hard to avoid falling into this ecological web.,— (multiword expression; no single lexical root),"خَطَرٌ بِيئِيٌّ شَامِلٌ, فَخٌّ طَبِيعِيٌّ لا مَفَرَّ مِنْهُ",8,0.750,الشراك|الإيكولوجي,10,0.800,الشراك|الإيكولوجي,low_calima_front_coverage,explicit_review_required
872,بِغَرَضِ الاِسْتِمَالَةِ الإِحْصَائِيَّةِ المَعْلُومَاتِيَّةِ,بغرض الاستمالة الإحصائية المعلوماتية,for the purpose of statistical and informational winning over / data-appeal,à des fins de séduction statistique et informationnelle / d'attrait de données,شماریاتی اور معلوماتی لحاظ سے مائل کرنے کی غرض سے,"Phrase used when an action is taken to convince someone by using the power of numbers, big data, facts, and the absolute reality of information.",عَرَضَ الأَرْقَامَ بِغَرَضِ الاِسْتِمَالَةِ الإِحْصَائِيَّةِ المَعْلُومَاتِيَّةِ.,He displayed the numbers for the purpose of statistical and informational winning over.,— (multiword expression; no single lexical root),"لِجَذْبِ النُّفُوسِ بِالحَقَائِقِ الرَّقَمِيَّةِ, لِلْعَالَمِ البَيَانِيِّ القَوِيِّ",4,0.750,الاستمالة,6,0.833,الاستمالة,low_calima_front_coverage,explicit_review_required
880,بِغَرَضِ الاِسْتِمَالَةِ الجِيُوبُولِيتِيكِيَّةِ الاِسْتِرَاتِيجِيَّةِ,بغرض الاستمالة الجيوبوليتيكية الاستراتيجية,for the purpose of geo-political and strategic winning over / power-appeal,à des fins de séduction géopolitique et stratégique / d'attrait de puissance,جیو پولیٹیکل اور تزویراتی (سٹراٹیجک) لحاظ سے مائل کرنے کی غرض سے,"Phrase used when an action is taken to convince someone by using the power of maps, borders, global influence, and the absolute reality of strategic gain.",عَقَدَ الصَّفْقَةَ بِغَرَضِ الاِسْتِمَالَةِ الجِيُوبُولِيتِيكِيَّةِ الاِسْتِرَاتِيجِيَّةِ.,He made the deal for the purpose of geo-political and strategic winning over.,— (multiword expression; no single lexical root),"لِجَذْبِ النُّفُوسِ بِخَرِيطَةِ القُوَّةِ, لِلْعَالَمِ الدَّوْلِيِّ القَوِيِّ",4,0.500,الاستمالة|الجيوبوليتيكية,6,0.667,الاستمالة|الجيوبوليتيكية,low_calima_front_coverage|low_calima_example_coverage,explicit_review_required
886,فِي حَالِ طَلَبِ التَّوْضِيحِ السُّوسِيُولُوجِيِّ الإِيكُولُوجِيِّ العَمِيقِ,في حال طلب التوضيح السوسيولوجي الإيكولوجي العميق,in case deep sociological and ecological clarification is requested,en cas de demande de clarification sociologique et écologique profonde,گہری عمرانیاتی اور ایکولوجیکل وضاحت طلب ہونے کی صورت میں,(Extreme pedagogical depth). Conditional phrase for when a leader or a scientist needs to know the most hidden reasons for how human groups and the balance of nature work together.,اِشْرَحِ القَرْيَةَ فِي حَالِ طَلَبِ التَّوْضِيحِ السُّوسِيُولُوجِيِّ الإِيكُولُوجِيِّ العَمِيقِ.,Explain the village in case deep sociological and ecological clarification is requested.,— (multiword expression; no single lexical root),"إِذَا سَأَلُوا عَنْ خَفَايَا الشُّعُوبِ وَالبِيئَةِ, لِلشَّرْحِ الاِجْتِمَاعِيِّ البِيئِيِّ العِلْمِيِّ الأَعْظَمِ",7,0.714,السوسيولوجي|الإيكولوجي,9,0.778,السوسيولوجي|الإيكولوجي,low_calima_front_coverage,explicit_review_required
887,بِغَرَضِ الاِسْتِمَالَةِ الفَلَسَفِيَّةِ الكَوْنِيَّةِ,بغرض الاستمالة الفلسفية الكونية,for the purpose of philosophical and cosmic winning over / truth-appeal,à des fins de séduction philosophique et cosmique / d'attrait de vérité,فلسفیانہ اور آفاقی لحاظ سے مائل کرنے کی غرض سے,"Phrase used when an action is taken to convince someone by using the power of logic, the meaning of existence, the stars, and the absolute reality of the universe.",كَتَبَ المَقَالَ بِغَرَضِ الاِسْتِمَالَةِ الفَلَسَفِيَّةِ الكَوْنِيَّةِ.,He wrote the article for the purpose of philosophical and cosmic winning over.,— (multiword expression; no single lexical root),"لِجَذْبِ النُّفُوسِ بِحَقَائِقِ الخَلْقِ, لِلْعَالَمِ الأَبَدِيِّ القَوِيِّ",4,0.750,الاستمالة,6,0.833,الاستمالة,low_calima_front_coverage,explicit_review_required
894,بِغَرَضِ الاِسْتِمَالَةِ المَنَاخِيَّةِ البِيئِيَّةِ,بغرض الاستمالة المناخية البيئية,for the purpose of climatic and environmental winning over / weather-appeal,à des fins de séduction climatique et environnementale / d'attrait météo,ماحولیاتی اور ایکولوجیکل لحاظ سے مائل کرنے کی غرض سے,"Phrase used when an action is taken to convince someone by using the power of the sky, the rain, the clouds, and the absolute reality of the climate.",زَرَعَ الغَابَةَ بِغَرَضِ الاِسْتِمَالَةِ المَنَاخِيَّةِ البِيئِيَّةِ.,He planted the forest for the purpose of climatic and environmental winning over.,— (multiword expression; no single lexical root),"لِجَذْبِ النُّفُوسِ بِسِحْرِ الجَوِّ, لِلْعَالَمِ السَّمَاوِيِّ القَوِيِّ",4,0.750,الاستمالة,6,0.833,الاستمالة,low_calima_front_coverage,explicit_review_required
900,بِغَرَضِ الاِسْتِمَالَةِ التِّكْنُولُوجِيَّةِ الإِحْصَائِيَّةِ,بغرض الاستمالة التكنولوجية الإحصائية,for the purpose of technological and statistical winning over / machine-data-appeal,à des fins de séduction technologique et statistique / d'attrait machine-données,ٹیکنالوجیکل اور شماریاتی لحاظ سے مائل کرنے کی غرض سے,"Phrase used when an action is taken to convince someone by using the power of code, automation, big data, and the absolute reality of machines.",صَمَّمَ التَّطْبِيقَ بِغَرَضِ الاِسْتِمَالَةِ التِّكْنُولُوجِيَّةِ الإِحْصَائِيَّةِ.,He designed the app for the purpose of technological and statistical winning over.,— (multiword expression; no single lexical root),"لِجَذْبِ النُّفُوسِ بِالأَرْقَامِ الآلِيَّةِ, لِلْعَالَمِ الرَّقْمِيِّ القَوِيِّ",4,0.750,الاستمالة,6,0.833,الاستمالة,low_calima_front_coverage,explicit_review_required
919,بِغَرَضِ الاِسْتِمَالَةِ الفِيزْيَائِيَّةِ الجِيُوفِيزْيَائِيَّةِ,بغرض الاستمالة الفيزيائية الجيوفيزيائية,for the purpose of physical and geo-physical winning over / matter-earth-appeal,à des fins de séduction physique et géophysique / d'attrait matière-terre,مادی (فزیکل) اور جیو فزیکل لحاظ سے مائل کرنے کی غرض سے,"Phrase used when an action is taken to convince someone by using the power of physical atoms, gravity-wells, tectonic energy, and the absolute reality of the planet.",بَنَى السَّدَّ بِغَرَضِ الاِسْتِمَالَةِ الفِيزْيَائِيَّةِ الجِيُوفِيزْيَائِيَّةِ.,He built the dam for the purpose of physical and geo-physical winning over.,— (multiword expression; no single lexical root),"لِجَذْبِ النُّفُوسِ بِأَسْرَارِ المَادَّةِ, لِلْعَالَمِ الجُسْمَانِيِّ القَوِيِّ",4,0.750,الاستمالة,6,0.833,الاستمالة,low_calima_front_coverage,explicit_review_required
921,مِنْ قُبَيْلِ المَصْلَحَةِ الاِسْتِرَاتِيجِيَّةِ السُّوسِيُولُوجِيَّةِ الإِيكُولُوجِيَّةِ العَمِيقَةِ لِلْغَايَةِ,من قبيل المصلحة الاستراتيجية السوسيولوجية الإيكولوجية العميقة للغاية,for the sake of extremely deep sociological ecological strategic interest,par intérêt stratégique sociologique écologique extrêmement profond,انتہائی گہری عمرانیاتی اور ایکولوجیکل تزویراتی (سٹراٹیجک) مفاد کی خاطر,Phrase used to justify actions (like relocating entire tribes or redefining forest-laws) as being vital for the nation's power through life-balance wisdom.,رَحَّلْنَا القَرْيَةَ مِنْ قُبَيْلِ المَصْلَحَةِ الاِسْتِرَاتِيجِيَّةِ السُّوسِيُولُوجِيَّةِ الإِيكُولُوجِيَّةِ العَمِيقَةِ لِلْغَايَةِ.,We relocated the village for the sake of extremely deep sociological ecological strategic interest.,— (multiword expression; no single lexical root),"لِلْبَقَاءِ فِي تَقَدُّمِ الشُّعُوبِ, أَمْرٌ حَضَارِيٌّ حَيَوِيٌّ الأَعْظَمُ الأَقْصَى",8,0.750,السوسيولوجية|الإيكولوجية,10,0.800,السوسيولوجية|الإيكولوجية,low_calima_front_coverage,explicit_review_required
929,بِغَرَضِ الاِسْتِمَالَةِ المَنَاخِيَّةِ الجِيُوفِيزْيَائِيَّةِ,بغرض الاستمالة المناخية الجيوفيزيائية,for the purpose of climatic and geo-physical winning over / air-earth-appeal,à des fins de séduction climatique et géophysique / d'attrait air-terre,ماحولیاتی اور جیو فزیکل لحاظ سے مائل کرنے کی غرض سے,"Phrase used when an action is taken to convince someone by using the power of air-patterns, rain-cycles, tectonic shifts, and the absolute reality of the atmosphere.",وَجَّهَ السَّحَابَ بِغَرَضِ الاِسْتِمَالَةِ المَنَاخِيَّةِ الجِيُوفِيزْيَائِيَّةِ.,He directed the clouds for the purpose of climatic and geo-physical winning over.,— (multiword expression; no single lexical root),"لِجَذْبِ النُّفُوسِ بِأَسْرَارِ السَّمَاءِ, لِلْعَالَمِ الجَوِّيِّ القَوِيِّ",4,0.750,الاستمالة,6,0.833,الاستمالة,low_calima_front_coverage,explicit_review_required
941,بِغَرَضِ الاِسْتِمَالَةِ البِيُولُوجِيَّةِ السُّوسِيُولُوجِيَّةِ,بغرض الاستمالة البيولوجية السوسيولوجية,for the purpose of biological and sociological winning over / life-group-appeal,à des fins de séduction biologique et sociologique / d'attrait vie-groupe,حیاتیاتی اور عمرانیاتی لحاظ سے مائل کرنے کی غرض سے,"Phrase used when an action is taken to convince someone by using the power of DNA, ancestors, tribes, and the absolute reality of human life-balance.",صَمَّمَ المَدِينَةَ بِغَرَضِ الاِسْتِمَالَةِ البِيُولُوجِيَّةِ السُّوسِيُولُوجِيَّةِ.,He designed the city for the purpose of biological and sociological winning over.,— (multiword expression; no single lexical root),"لِجَذْبِ النُّفُوسِ بِرُوحِ البَشَرِ, لِلْعَالَمِ النَّسْلِيِّ القَوِيِّ",4,0.500,الاستمالة|السوسيولوجية,6,0.667,الاستمالة|السوسيولوجية,low_calima_front_coverage|low_calima_example_coverage,explicit_review_required
953,بِغَرَضِ الاِسْتِمَالَةِ الفَلَسَفِيَّةِ المَنَاخِيَّةِ,بغرض الاستمالة الفلسفية المناخية,for the purpose of philosophical and climatic winning over / truth-weather-appeal,à des fins de séduction philosophique et climatique / d'attrait vérité-météo,فلسفیانہ اور ماحولیاتی لحاظ سے مائل کرنے کی غرض سے,"Phrase used when an action is taken to convince someone by using the power of logic, truth, rain-patterns, and the absolute reality of the atmosphere.",زَرَعَ الغَابَةَ بِغَرَضِ الاِسْتِمَالَةِ الفَلَسَفِيَّةِ المَنَاخِيَّةِ.,He planted the forest for the purpose of philosophical and climatic winning over.,— (multiword expression; no single lexical root),"لِجَذْبِ النُّفُوسِ بِرُوحِ العَقْلِ وَالسَّمَاءِ, لِلْعَالَمِ الأَزَلِيِّ القَوِيِّ",4,0.750,الاستمالة,6,0.833,الاستمالة,low_calima_front_coverage,explicit_review_required
956,مِنَ الصَّعْبِ تَفَادِي الوُقُوعِ فِي هَذَا الشَّرَاكِ البِيُولُوجِيِّ السُّوسِيُولُوجِيِّ,من الصعب تفادي الوقوع في هذا الشراك البيولوجي السوسيولوجي,hard to avoid falling into this biological sociological web / life-group trap,difficile d'éviter de tomber dans ce tissu de pièges biologiques sociologiques,اس حیاتیاتی عمرانیاتی جال (جینیاتی معاشرتی شکنجے) میں گرنے سے بچنا مشکل ہو,"Phrase used when a tribe or a whole species is caught in a DNA-social loop, a genetic habit, or a biological group trend that they cannot escape from no matter how much they change.",ضَاعَ النَّسْلُ وَمِنَ الصَّعْبِ تَفَادِي الوُقُوعِ فِي هَذَا الشَّرَاكِ البِيُولُوجِيِّ السُّوسِيُولُوجِيِّ.,Offspring was lost and it was hard to avoid falling into this biological sociological web.,— (multiword expression; no single lexical root),"خَطَرٌ جِينِيٌّ اِجْتِمَاعِيٌّ شَامِلٌ, فَخٌّ بَشَرِيٌّ لا مَفَرَّ مِنْهُ",9,0.778,الشراك|السوسيولوجي,11,0.818,الشراك|السوسيولوجي,low_calima_front_coverage,explicit_review_required
962,بِغَرَضِ الاِسْتِمَالَةِ المَعْلُومَاتِيَّةِ الجِيُوفِيزْيَائِيَّةِ,بغرض الاستمالة المعلوماتية الجيوفيزيائية,for the purpose of informational and geo-physical winning over / data-earth-appeal,à des fins de séduction informationnelle et géophysique / d'attrait données-matière,معلوماتی اور جیو فزیکل لحاظ سے مائل کرنے کی غرض سے,"Phrase used when an action is taken to convince someone by using the power of libraries, data-structures, rocks, and the absolute reality of planetary matter.",مَسَحَ الأَرْضَ بِغَرَضِ الاِسْتِمَالَةِ المَعْلُومَاتِيَّةِ الجِيُوفِيزْيَائِيَّةِ.,He scanned the earth for the purpose of informational and geo-physical winning over.,— (multiword expression; no single lexical root),"لِجَذْبِ النُّفُوسِ بِرُوحِ الخَبَرِ وَالمَادَّةِ, لِلْعَالَمِ البَيَانِيِّ القَوِيِّ",4,0.750,الاستمالة,6,0.833,الاستمالة,low_calima_front_coverage,explicit_review_required
970,بِغَرَضِ الاِسْتِمَالَةِ الفِيزْيَائِيَّةِ التِّكْنُولُوجِيَّةِ,بغرض الاستمالة الفيزيائية التكنولوجية,for the purpose of physical and technological winning over / matter-machine-appeal,à des fins de séduction physique et technologique / d'attrait matière-machine,مادی اور ٹیکنالوجیکل لحاظ سے مائل کرنے کی غرض سے,"Phrase used when an action is taken to convince someone by using the power of atoms, materials, code, robotics, and the absolute reality of machine-matter.",صَنَعَ الدِّرْعَ بِغَرَضِ الاِسْتِمَالَةِ الفِيزْيَائِيَّةِ التِّكْنُولُوجِيَّةِ.,He made the shield for the purpose of physical and technological winning over.,— (multiword expression; no single lexical root),"لِجَذْبِ النُّفُوسِ بِرُوحِ المَادَّةِ وَالآلَةِ, لِلْعَالَمِ الجُسْمَانِيِّ القَوِيِّ",4,0.750,الاستمالة,6,0.833,الاستمالة,low_calima_front_coverage,explicit_review_required
978,بِغَرَضِ الاِسْتِمَالَةِ المَنَاخِيَّةِ الفَلَسَفِيَّةِ,بغرض الاستمالة المناخية الفلسفية,for the purpose of climatic and philosophical winning over / weather-truth-appeal,à des fins de séduction climatique et philosophique / d'attrait météo-vérité,ماحولیاتی اور فلسفیانہ لحاظ سے مائل کرنے کی غرض سے,"Phrase used when an action is taken to convince someone by using the power of rain-patterns, air-logic, meaning, and the absolute reality of the atmosphere.",وَجَّهَ الرِّيحَ بِغَرَضِ الاِسْتِمَالَةِ المَنَاخِيَّةِ الفَلَسَفِيَّةِ.,He directed the wind for the purpose of climatic and philosophical winning over.,— (multiword expression; no single lexical root),"لِجَذْبِ النُّفُوسِ بِرُوحِ السَّمَاءِ وَالعَقْلِ, لِلْعَالَمِ الجَوِّيِّ القَوِيِّ",4,0.750,الاستمالة,6,0.833,الاستمالة,low_calima_front_coverage,explicit_review_required
986,بِغَرَضِ الاِسْتِمَالَةِ الإِحْصَائِيَّةِ المَنَاخِيَّةِ,بغرض الاستمالة الإحصائية المناخية,for the purpose of statistical and climatic winning over / data-weather-appeal,à des fins de séduction statistique et climatique / d'attrait données-météo,شماریاتی اور ماحولیاتی لحاظ سے مائل کرنے کی غرض سے,"Phrase used when an action is taken to convince someone by using the power of numbers, data-trends, rain-patterns, and the absolute reality of the atmosphere.",رَصَدَ الغَيْمَ بِغَرَضِ الاِسْتِمَالَةِ الإِحْصَائِيَّةِ المَنَاخِيَّةِ.,He observed the cloud for the purpose of statistical and climatic winning over.,— (multiword expression; no single lexical root),"لِجَذْبِ النُّفُوسِ بِرُوحِ الرَّقْمِ وَالسَّمَاءِ, لِلْعَالَمِ العَدَدِيِّ القَوِيِّ",4,0.750,الاستمالة,6,0.833,الاستمالة,low_calima_front_coverage,explicit_review_required
993,بِغَرَضِ الاِسْتِمَالَةِ السُّوسِيُولُوجِيَّةِ الفَلَسَفِيَّةِ,بغرض الاستمالة السوسيولوجية الفلسفية,for the purpose of sociological and philosophical winning over / group-truth-appeal,à des fins de séduction sociologique et philosophique / d'attrait groupe-vérité,عمرانیاتی اور فلسفیانہ لحاظ سے مائل کرنے کی غرض سے,"Phrase used when an action is taken to convince someone by using the power of tribes, human groups, meaning, and the absolute reality of human logic.",صَاغَ الفِكْرَ بِغَرَضِ الاِسْتِمَالَةِ السُّوسِيُولُوجِيَّةِ الفَلَسَفِيَّةِ.,He shaped the thought for the purpose of sociological and philosophical winning over.,— (multiword expression; no single lexical root),"لِجَذْبِ النُّفُوسِ بِرُوحِ البَشَرِ وَالعَقْلِ, لِلْعَالَمِ الاِجْتِمَاعِيِّ القَوِيِّ",4,0.500,الاستمالة|السوسيولوجية,6,0.667,الاستمالة|السوسيولوجية,low_calima_front_coverage|low_calima_example_coverage,explicit_review_required
1004,بِغَرَضِ الاِسْتِمَالَةِ المَعْلُومَاتِيَّةِ الفَلَسَفِيَّةِ,بغرض الاستمالة المعلوماتية الفلسفية,for the purpose of informational and philosophical winning over / data-truth-appeal,à des fins de séduction informationnelle et philosophique / d'attrait données-vérité,معلوماتی اور فلسفیانہ لحاظ سے مائل کرنے کی غرض سے,"Phrase used when an action is taken to convince someone by using the power of books, data, libraries, meaning, and the absolute reality of human logic.",دَوَّنَ القَوْلَ بِغَرَضِ الاِسْتِمَالَةِ المَعْلُومَاتِيَّةِ الفَلَسَفِيَّةِ.,He recorded the speech for the purpose of informational and philosophical winning over.,— (multiword expression; no single lexical root),"لِجَذْبِ النُّفُوسِ بِرُوحِ الخَبَرِ وَالعَقْلِ, لِلْعَالَمِ البَيَانِيِّ القَوِيِّ",4,0.750,الاستمالة,6,0.833,الاستمالة,low_calima_front_coverage,explicit_review_required
1009,بِغَرَضِ الاِسْتِمَالَةِ الفِيزْيَائِيَّةِ المَنَاخِيَّةِ,بغرض الاستمالة الفيزيائية المناخية,for the purpose of physical and climatic winning over / matter-weather-appeal,à des fins de séduction physique et climatique / d'attrait matière-météo,مادی اور ماحولیاتی لحاظ سے مائل کرنے کی غرض سے,"Phrase used when an action is taken to convince someone by using the power of atoms, rain-patterns, materials, and the absolute reality of matter-weather logic.",هَيَّأَ الجَوَّ بِغَرَضِ الاِسْتِمَالَةِ الفِيزْيَائِيَّةِ المَنَاخِيَّةِ.,He prepared the atmosphere for the purpose of physical and climatic winning over.,— (multiword expression; no single lexical root),"لِجَذْبِ النُّفُوسِ بِرُوحِ المَادَّةِ وَالسَّمَاءِ, لِلْعَالَمِ الجُسْمَانِيِّ القَوِيِّ",4,0.750,الاستمالة,6,0.833,الاستمالة,low_calima_front_coverage,explicit_review_required
1014,بِغَرَضِ الاِسْتِمَالَةِ الإِحْصَائِيَّةِ الجِيُوفِيزْيَائِيَّةِ,بغرض الاستمالة الإحصائية الجيوفيزيائية,for the purpose of statistical and geo-physical winning over / number-matter-appeal,à des fins de séduction statistique et géophysique / d'attrait nombre-matière,شماریاتی اور جیو فزیکل لحاظ سے مائل کرنے کی غرض سے,"Phrase used when an action is taken to convince someone by using the power of numbers, data, rocks, materials, and the absolute reality of numerical-matter logic.",مَسَحَ الأَرْضَ بِغَرَضِ الاِسْتِمَالَةِ الإِحْصَائِيَّةِ الجِيُوفِيزْيَائِيَّةِ.,He surveyed the earth for the purpose of statistical and geo-physical winning over.,— (multiword expression; no single lexical root),"لِجَذْبِ النُّفُوسِ بِرُوحِ الرَّقْمِ وَالمَادَّةِ, لِلْعَالَمِ العَدَدِيِّ المَادِّيِّ القَوِيِّ",4,0.750,الاستمالة,6,0.833,الاستمالة,low_calima_front_coverage,explicit_review_required
1025,بِغَرَضِ الاِسْتِمَالَةِ الإِحْصَائِيَّةِ التِّكْنُولُوجِيَّةِ,بغرض الاستمالة الإحصائية التكنولوجية,for the purpose of statistical and technological winning over / number-machine-appeal,à des fins de séduction statistique et technologique / d'attrait nombre-machine,شماریاتی اور ٹیکنالوجیکل لحاظ سے مائل کرنے کی غرض سے,"Phrase used when an action is taken to convince someone by using the power of numbers, data, code, machines, and the absolute reality of numerical-machine logic.",صَنَعَ الحَاسُوبَ بِغَرَضِ الاِسْتِمَالَةِ الإِحْصَائِيَّةِ التِّكْنُولُوجِيَّةِ.,He made the computer for the purpose of statistical and technological winning over.,— (multiword expression; no single lexical root),"لِجَذْبِ النُّفُوسِ بِرُوحِ الرَّقْمِ وَالآلَةِ, لِلْعَالَمِ الرَّقَمِيِّ التِّكْنِيِّ القَوِيِّ",4,0.750,الاستمالة,6,0.833,الاستمالة,low_calima_front_coverage,explicit_review_required
