rank,front,meaning,meaning_selection,frequency,wordfreq_zipf,legacy_agrees,kaikki_agrees,freedict_agrees,readurdu_agrees,omw_agrees,tufs_entry,tufs_omw_agrees,independent_semantic_sources,overlap_terms,status
41,ساتھ,"together; side (figuratively, the region near someone)",kaikki,38807,6.32,False,True,False,False,False,True,False,,"{""kaikki"": ""figuratively|near|region|side|together""}",review
65,کام,love; lust; wish,kaikki,26218,5.99,False,True,False,False,False,True,False,,"{""kaikki"": ""love|lust|wish""}",review
73,پہلے,direct masculine plural; oblique masculine singular/plural,kaikki,21641,6.08,False,True,False,False,False,False,False,,"{""kaikki"": ""direct|oblique""}",review
108,دوسرے,"second, other (plural)",existing_candidate_fallback,14227,5.72,False,False,False,True,False,False,False,,"{""readurdu"": ""other|second""}",review
197,سامنے,in front of,existing_candidate_fallback,8517,5.70,False,False,False,True,False,True,False,,"{""readurdu"": ""front""}",review
199,درمیان,"interval; middle, midst; in the middle or midst",kaikki,8473,5.57,False,True,False,False,False,False,False,,"{""kaikki"": ""interval|middle|midst""}",review
229,یہی,"(yah, q.v.+ī = hī, q.v.), emphat. pron. This very, this same, the very same (person or thing); — this even",existing_candidate_fallback,7436,5.73,False,False,False,True,False,False,False,,"{""readurdu"": ""emphat|even|pron|same|very|yah""}",review
292,اندر,in; rat; awake,kaikki,5684,5.46,False,True,False,False,False,True,False,,"{""kaikki"": ""awake|rat""}",review
571,نیچے,"below, under",existing_candidate_fallback,2781,5.15,False,False,False,True,False,False,False,,"{""readurdu"": ""below|under""}",review
