rank,status,target,english,ipa_candidate,learner_hint_candidate,issue,proposed_ipa,proposed_learner_hint
401,PENDING,Je ne peux pas t'aider aujourd'hui.,I can't help you today.,ʒə- nə- pˈø pa tɛdˈe oʒuʁdyˈi.,zhohohh- nohohh- peu pa tayday ohzhohohrdyayay.,,,
402,PENDING,Je ne peux pas te dire pourquoi.,I can't tell you why.,ʒə- nə- pˈø pa tə- dˈiʁ puʁkwˈa.,zhohohh- nohohh- peu pa tohohh- dayayr pohohrkwa.,,,
403,PENDING,Je pourrais t'accompagner.,I could go with you.,ʒə- puʁˈɛ takɔ̃panjˈe.,zhohohh- pohohray takohnpanyay.,,,
404,PENDING,Je pourrais vous faire arrêter.,I could have you arrested.,ʒə- puʁˈɛ vu fˈɛʁ aʁɛtˈe.,zhohohh- pohohray vohoh fayr araytay.,,,
405,PENDING,Je ne pourrais te dire pourquoi.,I couldn't tell you why.,ʒə- nə- puʁˈɛ tə- dˈiʁ puʁkwˈa.,zhohohh- nohohh- pohohray tohohh- dayayr pohohrkwa.,,,
406,PENDING,J'ai bien fait mon travail.,I did my work well.,ʒe bjˈɛ̃ fˈɛ mɔ̃ tʁavˈaj.,zhay byayayn fay mohn travay.,,,
407,PENDING,J'ai fait ce que je pouvais.,I did what I could.,ʒe fˈɛ sə- kə ʒə- puvˈɛ.,zhay fay sohohh- kohohh zhohohh- pohohvay.,,,
408,PENDING,J'ai fait ce que tu as demandé.,I did what you asked.,ʒe fˈɛ sə- kə ty a dəmɑ̃dˈe.,zhay fay sohohh- kohohh ty a dohohhmanday.,,,
409,PENDING,J'ai fait ce que vous vouliez.,I did what you wanted.,ʒe fˈɛ sə- kə vu vuljˈe.,zhay fay sohohh- kohohh vohoh vohohlyay.,,,
410,PENDING,Je n'avais pas besoin de ton aide.,I didn't need your help.,ʒə- navˈɛ pa bəzwˈɛ̃ də- tɔ̃n ˈɛd.,zhohohh- navay pa bohohhzwayayn dohohh- tohnn ayd.,,,
411,PENDING,J'espère vraiment que vous comprenez.,I do hope you understand.,ʒɛspˈɛʁ vʁɛmˈɑ̃ kə vu kɔ̃pʁənˈe.,zhayspayr vrayman kohohh vohoh kohnprohohhnay.,,,
412,PENDING,Je fais bien mon travail.,I do my work well.,ʒə- fˈɛ bjˈɛ̃ mɔ̃ tʁavˈaj.,zhohohh- fay byayayn mohn travay.,,,
413,PENDING,J'ai vraiment besoin de votre aide.,I do need your help.,ʒe vʁɛmˈɑ̃ bəzwˈɛ̃ də- votʁ ˈɛd.,zhay vrayman bohohhzwayayn dohohh- vohtr ayd.,,,
414,PENDING,Je pense vraiment que je comprends.,I do think I understand.,ʒə- pˈɑ̃s vʁɛmˈɑ̃ kə ʒə- kɔ̃pʁˈɑ̃.,zhohohh- pans vrayman kohohh zhohohh- kohnpran.,,,
415,PENDING,Je fais ce qui est requis.,I do what is required.,ʒə- fˈɛ sə- ki ɛ ʁəkˈi.,zhohohh- fay sohohh- kayay ay rohohhkayay.,,,
416,PENDING,Je n'ai pas le temps aujourd'hui.,I don't have time today.,ʒə- ne pa lə- tˈɑ̃ oʒuʁdyˈi.,zhohohh- nay pa lohohh- tan ohzhohohrdyayay.,,,
417,PENDING,Mon travail ne me plaît pas.,I don't like my work.,mɔ̃ tʁavˈaj nə- mə- plˈɛ pˈa.,mohn travay nohohh- mohohh- play pa.,,,
418,PENDING,Je n'ai pas besoin de toi ici.,I don't need you here.,ʒə- ne pa bəzwˈɛ̃ də- twˌa isˈi.,zhohohh- nay pa bohohhzwayayn dohohh- twa ayaysayay.,,,
419,PENDING,Je n'ai pas besoin de ton aide.,I don't need your help.,ʒə- ne pa bəzwˈɛ̃ də- tɔ̃n ˈɛd.,zhohohh- nay pa bohohhzwayayn dohohh- tohnn ayd.,,,
420,PENDING,Je ne pense pas que vous compreniez.,I don't think you understand.,ʒə- nə- pˈɑ̃s pa kə vu kɔ̃pʁənjˈe.,zhohohh- nohohh- pans pa kohohh vohoh kohnprohohhnyay.,,,
421,PENDING,Je ne veux pas de toi ici.,I don't want you here.,ʒə- nə- vˈø pa də- twˌa isˈi.,zhohohh- nohohh- veu pa dohohh- twa ayaysayay.,,,
422,PENDING,J'ai l'impression d'être prêt.,I feel like I'm ready.,ʒe lɛ̃pʁɛsjˈɔ̃ dˈɛtʁ pʁˈɛ.,zhay layaynpraysyohn daytr pray.,,,
423,PENDING,J'ai envie de boire un coup.,I feel like a drink.,ʒe ɑ̃vˈi də- bwˈaʁ œ̃ kˈu.,zhay anvayay dohohh- bwar ohohn kohoh.,,,
424,PENDING,J'ai envie de te voir.,I feel like seeing you.,ʒe ɑ̃vˈi də- tə- vwˈaʁ.,zhay anvayay dohohh- tohohh- vwar.,,,
425,PENDING,Je me sens désolé pour toi.,I feel sorry for you.,ʒə- mə- sˈɑ̃ dezolˈe puʁ twˈa.,zhohohh- mohohh- san dayzohlay pohohr twa.,,,
426,PENDING,Je suis venu aider.,I have come to help.,ʒə- syˌi vənˈy ɛdˈe.,zhohohh- syayay vohohhny ayday.,,,
427,PENDING,J'ai terminé mon travail.,I have finished my work.,ʒe tɛʁminˈe mɔ̃ tʁavˈaj.,zhay tayrmayaynay mohn travay.,,,
428,PENDING,Je viens juste d'arriver ici.,I have just come here.,ʒə- vjˈɛ̃ ʒˈyst daʁivˈe isˈi.,zhohohh- vyayayn zhyst darayayvay ayaysayay.,,,
429,PENDING,"Je n'ai pas d'énergie, aujourd'hui.",I have no energy today.,"ʒə- ne pa denɛʁʒˈi, oʒuʁdyˈi.","zhohohh- nay pa daynayrzhayay, ohzhohohrdyayay.",,,
430,PENDING,Je n'ai pas de devoirs aujourd'hui.,I have no homework today.,ʒə- ne pa də- dəvwˈaʁz oʒuʁdyˈi.,zhohohh- nay pa dohohh- dohohhvwarz ohzhohohrdyayay.,,,
431,PENDING,Je ne sais absolument pas pourquoi.,I have no idea why.,ʒə- nə- sˈɛz absolymˈɑ̃ pa puʁkwˈa.,zhohohh- nohohh- sayz absohlyman pa pohohrkwa.,,,
432,PENDING,Je n'ai pas le temps demain.,I have no time tomorrow.,ʒə- ne pa lə- tˈɑ̃ dəmˈɛ̃.,zhohohh- nay pa lohohh- tan dohohhmayayn.,,,
433,PENDING,J'ai quelque chose que tu veux.,I have something you want.,ʒe kˌɛlkə ʃˈɔz kə ty vˈø.,zhay kaylkohohh shohz kohohh ty veu.,,,
434,PENDING,Je dois me rendre chez moi.,I have to go home.,ʒə- dwˈa mə- ʁˈɑ̃dʁ ʃe mwˈa.,zhohohh- dwa mohohh- randr shay mwa.,,,
435,PENDING,Il faut que j'aille bosser.,I have to go work.,il fo kə ʒˈaj bɔsˈe.,ayayl foh kohohh zhay bohsay.,,,
436,PENDING,Je dois savoir pourquoi.,I have to know why.,ʒə- dwˈa savwˈaʁ puʁkwˈa.,zhohohh- dwa savwar pohohrkwa.,,,
437,PENDING,Je dois dire non.,I have to say no.,ʒə- dwˈa dˈiʁ nˈɔ̃.,zhohohh- dwa dayayr nohn.,,,
438,PENDING,"Je dois travailler, demain.",I have to work tomorrow.,"ʒə- dwˈa tʁavajˈe, dəmˈɛ̃.","zhohohh- dwa travayay, dohohhmayayn.",,,
439,PENDING,J'ai ce dont j'ai besoin.,I have what I need.,ʒe sə- dɔ̃ ʒe bəzwˈɛ̃.,zhay sohohh- dohn zhay bohohhzwayayn.,,,
440,PENDING,C'est toi que je dois remercier.,I have you to thank.,sɛ twˌa kə ʒə- dwˈa ʁəmɛʁsjˈe.,say twa kohohh zhohohh- dwa rohohhmayrsyay.,,,
441,PENDING,Je savais que tu comprendrais.,I knew you would understand.,ʒə- savˈɛ kə ty kɔ̃pʁɑ̃dʁˈɛ.,zhohohh- savay kohohh ty kohnprandray.,,,
442,PENDING,Je peux bien comprendre ce que tu ressens.,I can understand how you feel.,ʒə- pˈø bjˈɛ̃ kɔ̃pʁˈɑ̃dʁ sə- kə ty ʁəsˈɛn.,zhohohh- peu byayayn kohnprandr sohohh- kohohh ty rohohhsayn.,,,
443,PENDING,Je sais qu'il y en a d'autres.,I know there are others.,ʒə- sˈɛ kil i ɑ̃n a dˈotʁ.,zhohohh- say kayayl ayay ann a dohtr.,,,
444,PENDING,Je sais ce que j'aime.,I know what I like.,ʒə- sˈɛ sə- kə ʒˈɛm.,zhohohh- say sohohh- kohohh zhaym.,,,
445,PENDING,Je sais ce que je vais faire.,I know what I'll do.,ʒə- sˈɛ sə- kə ʒə- vˈɛ fˈɛʁ.,zhohohh- say sohohh- kohohh zhohohh- vay fayr.,,,
446,PENDING,Je sais ce qu'il s'est passé ici.,I know what happened here.,ʒə- sˈɛ sə- kil sɛ pasˈe isˈi.,zhohohh- say sohohh- kayayl say pasay ayaysayay.,,,
447,PENDING,Je sais ce qu'est l'amour.,I know what love is.,ʒə- sˈɛ sə- kɛ lamˈuʁ.,zhohohh- say sohohh- kay lamohohr.,,,
448,PENDING,Je sais ce que c'est que cela.,I know what that is.,ʒə- sˈɛ sə- kə sɛ kə səlˈa.,zhohohh- say sohohh- kohohh say kohohh sohohhla.,,,
449,PENDING,Je sais ce qu'ils veulent.,I know what they want.,ʒə- sˈɛ sə- kil vˈœl.,zhohohh- say sohohh- kayayl veul.,,,
450,PENDING,Je sais quoi faire.,I know what to do.,ʒə- sˈɛ kwˌa fˈɛʁ.,zhohohh- say kwa fayr.,,,
