language,kind,rank,target,english,adjudicated_status
arabic,vocabulary,7,هذا,this (masculine singular),UNRESOLVED
arabic,vocabulary,14,ذلك,that (masculine singular),UNRESOLVED
arabic,vocabulary,20,هل,yes/no question particle; is/are/do/does/did...?,UNRESOLVED
arabic,vocabulary,25,هذه,this (feminine singular),UNRESOLVED
arabic,vocabulary,90,تلك,that (feminine singular),UNRESOLVED
arabic,vocabulary,123,دون,without; below; short of; recorded/wrote down (دُون / دَوَّن),CLEARED_VALID_VARIANT
arabic,vocabulary,159,ثانية,second; a second (unit of time); feminine ordinal second,UNRESOLVED
arabic,vocabulary,167,أولى,"first (feminine); more worthy; more entitled; more fitting; granted or bestowed (verb, depending on vocalization/use)",CLEARED_VALID_VARIANT
arabic,vocabulary,230,كي,so that; in order that,UNRESOLVED
arabic,vocabulary,232,أيام,days,UNRESOLVED
arabic,vocabulary,271,منتخب,team; national/select team; elected/selected (context-dependent),UNRESOLVED
arabic,vocabulary,347,ما,how...!; what a...! (exclamative ma in the ma afala pattern),UNRESOLVED
arabic,vocabulary,386,لما,when (لَمَّا); not yet (لَمَّا); for what / to what (لِمَا),UNRESOLVED
arabic,vocabulary,536,ألم,pain (أَلَم); did ... not? (أَ + لَمْ),UNRESOLVED
arabic,vocabulary,547,ضرورة,necessity; need,UNRESOLVED
arabic,vocabulary,598,حقوق,rights,UNRESOLVED
arabic,vocabulary,617,أحيان,times; occasions (commonly in أحيانًا = sometimes),UNRESOLVED
arabic,vocabulary,643,بأس,harm / hardship; might / strength,UNRESOLVED
arabic,vocabulary,644,أشهر,months; more famous; most famous (depending on vocalization/use),UNRESOLVED
arabic,vocabulary,829,كلية,college/faculty; kidney; entirety/totality (depending on vocalization/context),CLEARED_VALID_VARIANT
arabic,vocabulary,842,جاري,current; ongoing; my neighbor (depending on structure/vocalization),UNRESOLVED
arabic,vocabulary,977,عادة,habit; custom; usually (in adverbial use),UNRESOLVED
arabic,sentence,30,كُل خضراواتك.,Eat your vegetables.,UNRESOLVED
arabic,sentence,147,هل تحب كرة القدم؟,Do you like soccer?,UNRESOLVED
arabic,sentence,177,كُلْ ما تريد.,Eat whatever you like.,UNRESOLVED
arabic,sentence,181,هذا هو الباقي.,Here is your change.,UNRESOLVED
arabic,sentence,267,من أينَ تعرف هذا؟,How do you know this?,UNRESOLVED
arabic,sentence,429,ماذا تُسَمّى هذه الوردة؟,What do you call this flower?,UNRESOLVED
arabic,sentence,436,ماذا تريد أن تصبح في المستقبل؟,What do you want to be?,CLEARED_VALID_VARIANT
arabic,sentence,452,لماذا عصيت أمري؟,Why did you disobey my order?,UNRESOLVED
arabic,sentence,618,لا أجد كلمات تكفي لشكرك على مساعدتك.,I cannot thank you enough for your assistance.,UNRESOLVED
arabic,sentence,680,كم حقيبة ستأخذون في رحلتكم؟,How many suitcases are you taking on your trip?,UNRESOLVED
arabic,sentence,685,أثمّة ما تريد إخباري عنه؟,Is there anything that you want to tell me?,UNRESOLVED
arabic,sentence,745,أين هي الوثائق التي كانت على طاولتي؟,Where are the documents that were on my desk?,UNRESOLVED
arabic,sentence,747,لا يعرف أيٌّ من والديّ الاثنين كيف يسبح.,Neither of my two parents knows how to swim.,UNRESOLVED
arabic,sentence,818,خرجت مسرعًا لأرى ماذا كان يحدث في الخارج.,I rushed out to see what was going on.,CLEARED_VALID_VARIANT
arabic,sentence,945,كل ما أريده هو ألا تفعل شيئًا ستندم عليه.,I just don't want you to do something you'll be sorry for.,CLEARED_VALID_VARIANT
french,vocabulary,9,tu,you (informal singular),UNRESOLVED
french,vocabulary,38,mon,my (masculine singular; also before vowel-initial feminine nouns),UNRESOLVED
french,vocabulary,45,ils,they (masculine or mixed group),UNRESOLVED
french,vocabulary,77,laisser,"to let, to allow; to leave with, to give; to forget, to leave alone",UNRESOLVED
french,vocabulary,91,temps,tense; weather; time (in general),UNRESOLVED
french,vocabulary,99,quelque,some (singular),UNRESOLVED
french,vocabulary,143,déjà,"already, before; for a start, firstly; again (following a question)",UNRESOLVED
french,vocabulary,191,gars,"lad, guy; guys (usually all male)",UNRESOLVED
french,vocabulary,228,elles,they (feminine),UNRESOLVED
french,vocabulary,289,place,"place, seat; place, space, room; place, square, plaza, piazza",CLEARED_VALID_VARIANT
french,vocabulary,464,bizarre,"peculiar, quaint; bizarre, odd, strange, funny",UNRESOLVED
french,vocabulary,471,seconde,second (time unit); second (feminine adjective),UNRESOLVED
french,vocabulary,517,salle,gym; hall; room (in a house),UNRESOLVED
french,vocabulary,519,revoir,to see again; to re-examine,UNRESOLVED
french,vocabulary,556,calmer,"to calm, pacify, soothe; to calm down, abate, subside",CLEARED_VALID_VARIANT
french,vocabulary,608,situation,situation (all meanings),UNRESOLVED
french,vocabulary,623,cool,"cool! great!; cool (only its informal senses, mainly fashionable)",UNRESOLVED
french,vocabulary,631,est,is (form of être); east; eastern,UNRESOLVED
french,vocabulary,641,habitude,habit (action done on a regular basis),UNRESOLVED
french,vocabulary,643,ressentir,"to suffer from the effects of; to feel (an emotion, usually strongly)",UNRESOLVED
french,vocabulary,665,con,"stupid; dumb; idiot; jerk/asshole; cunt (vulgar, context-dependent)",UNRESOLVED
french,vocabulary,691,surveiller,"to monitor, to survey, to watch",UNRESOLVED
french,vocabulary,711,club,"club (an implement to hit the ball in certain ball games, such as golf); club (an association of members joining together for some common purpose, especially sports or recreation)",CLEARED_VALID_VARIANT
french,vocabulary,755,contrôle,"test; control (all senses); verification, checking",UNRESOLVED
french,vocabulary,758,bar,bass (fish); bar (counter); bar (establishment),UNRESOLVED
french,vocabulary,817,télé,"TV, telly",UNRESOLVED
french,vocabulary,835,parfaire,"to finish, to complete; to make a supplementary payment",UNRESOLVED
french,vocabulary,837,bosser,to work (informal); emboss/dent,UNRESOLVED
french,vocabulary,870,environ,"a surrounding area; about, close to, around",UNRESOLVED
french,vocabulary,919,laisse,"leash; lead; leaves/lets; leave!/let! (forms of laisser, context-dependent); foreshore (specialized)",UNRESOLVED
french,vocabulary,944,copine,"female equivalent of copain: female friend, girl friend, chum, pal; ellipsis of petite copine: girlfriend (girl/woman to whom one has a romantic attachment)",CLEARED_VALID_VARIANT
french,sentence,13,Je t'en prie.,You're welcome.,UNRESOLVED
french,sentence,62,Vous connaissons-nous ?,Do we know you?,UNRESOLVED
french,sentence,86,Que peut-on faire ?,What can you do?,UNRESOLVED
french,sentence,278,Peut-on y manger quelque chose ?,Can you eat something there?,UNRESOLVED
french,sentence,281,"Pouvez-vous parler plus lentement, s'il vous plaît ?","Can you speak more slowly, please?",UNRESOLVED
french,sentence,523,Merci de m'avoir accordé un peu de votre temps.,Thank you for your time.,CLEARED_VALID_VARIANT
french,sentence,539,Nous savons où il est.,We know where it is.,UNRESOLVED
french,sentence,554,On est ce qu'on mange.,You are what you eat.,UNRESOLVED
french,sentence,599,"Aide-moi avec mon devoir, s’il te plaît.","Help me with my homework, please.",UNRESOLVED
french,sentence,658,Comment oses-tu te montrer ici ?,How dare you show your face around here!,UNRESOLVED
french,sentence,688,"Puis-je avoir deux hamburgers et un coca, s'il vous plaît ?","Can I have two hamburgers and a Coke, please?",UNRESOLVED
french,sentence,719,"Peux-tu, s'il te plaît, me dire pourquoi tu l'aimes ?",Can you please tell me why you love her?,UNRESOLVED
french,sentence,722,Tu peux me montrer comment on se sert d'un tuba ?,Could you show me how to use a snorkel?,UNRESOLVED
french,sentence,747,Dois-je vous le clarifier ?,Do I have to clarify it for you?,UNRESOLVED
french,sentence,758,Un plan nous aide à savoir où nous sommes.,A map helps us to know where we are.,UNRESOLVED
french,sentence,769,"Tout ce que tu as à faire, c'est appuyer sur ce bouton.",All you have to do is push this button.,UNRESOLVED
french,sentence,774,"Tout ce que vous avez à faire, c'est l'écrire noir sur blanc.",All you have to do is put it in writing.,UNRESOLVED
french,sentence,806,Je peux te ramener chez toi si tu veux.,I can give you a lift if you like.,UNRESOLVED
french,sentence,869,Je ne l'aime pas plus que vous.,I don't like it any more than you do.,UNRESOLVED
french,sentence,996,Je veux que chacun de vous me dise exactement ce qu'il a fait le week-end dernier.,I want each of you to tell me exactly what you did last weekend.,CLEARED_VALID_VARIANT
urdu,vocabulary,24,لئے,taken; for (in کے لیے),UNRESOLVED
urdu,vocabulary,37,تھے,were (masculine plural/honorific),UNRESOLVED
urdu,vocabulary,44,کوئی,someone; anyone; some; any,UNRESOLVED
urdu,vocabulary,50,تھی,was (feminine singular),UNRESOLVED
urdu,vocabulary,54,زیادہ,"more, very many, excessive; more, much, a lot, excessively",UNRESOLVED
urdu,vocabulary,70,سی,like; as; -like (feminine resemblance/comparative form),UNRESOLVED
urdu,vocabulary,71,طور,"hill, mount; manner, way; state, condition",UNRESOLVED
urdu,vocabulary,87,احمد,"an epithet for Prophet Muhammad; a male surname, Ahmed or Ahmad, from Arabic; a male given name, Ahmed or Ahmad, from Arabic",CLEARED_VALID_VARIANT
urdu,vocabulary,95,دور,"far, far off; distant, remote; period, era, age",UNRESOLVED
urdu,vocabulary,103,استعمال,"use, usage, utilisation, employment",UNRESOLVED
urdu,vocabulary,127,حسین,"a handsome man; beautiful, handsome; a male given name, Hussain or Husain, from Arabic",CLEARED_VALID_VARIANT
urdu,vocabulary,163,موقع,"chance, opportunity",UNRESOLVED
urdu,vocabulary,185,بار,"time, turn, occasion, instance, occurrence",UNRESOLVED
urdu,vocabulary,189,نظام,"system, order; institution, foundation (network)",UNRESOLVED
urdu,vocabulary,191,کبھی,ever; sometime; sometimes; never (with negation),UNRESOLVED
urdu,vocabulary,202,نئی,new (feminine),UNRESOLVED
urdu,vocabulary,203,بعض,"some, certain, few, several",UNRESOLVED
urdu,vocabulary,205,اجلاس,"the sitting of a court of justice; session, official meeting, assembly session",CLEARED_VALID_VARIANT
urdu,vocabulary,225,پہلی,first (feminine),UNRESOLVED
urdu,vocabulary,231,چند,"a few, some, several",UNRESOLVED
urdu,vocabulary,240,حل,"solution, resolution",UNRESOLVED
urdu,vocabulary,290,جان,life; soul; spirit; vitality; dear/beloved (affectionate use),CLEARED_VALID_VARIANT
urdu,vocabulary,321,دس,ten,UNRESOLVED
urdu,vocabulary,334,سات,seven (۷ (7)),UNRESOLVED
urdu,vocabulary,340,تم,you (familiar / informal),UNRESOLVED
urdu,vocabulary,347,واضح,"evident, manifest, elaborate, clear, apparent",UNRESOLVED
urdu,vocabulary,352,کتاب,"book, manuscript, volume",UNRESOLVED
urdu,vocabulary,414,دنوں,days (oblique plural),UNRESOLVED
urdu,vocabulary,450,صحیح,"right, correct, accurate",UNRESOLVED
urdu,vocabulary,495,فیصل,"a male given name, Faisal, from Arabic",UNRESOLVED
urdu,vocabulary,501,درست,"correct, accurate; faultless, without defect; appropriate, fitting, proper",UNRESOLVED
urdu,vocabulary,533,ہاتھوں,hands (oblique plural),UNRESOLVED
urdu,vocabulary,539,سپر,"a shield, a handheld defensive armour",UNRESOLVED
urdu,vocabulary,547,مثال,"example, instance, specimen, model, precedent",UNRESOLVED
urdu,vocabulary,572,محکمہ,department; bureau; office,UNRESOLVED
urdu,vocabulary,579,رن,run (especially in cricket/sports),UNRESOLVED
urdu,vocabulary,604,کاروبار,"occupation; business, trade",UNRESOLVED
urdu,vocabulary,622,نتیجہ,"result, consequence, end, outcome",CLEARED_VALID_VARIANT
urdu,vocabulary,627,قوت,"food; strength, power, force",UNRESOLVED
urdu,vocabulary,630,جھوٹ,"lie, fib, falsehood, fabrication",UNRESOLVED
urdu,vocabulary,637,شہروں,cities (oblique plural),UNRESOLVED
urdu,vocabulary,664,مجھ,"me (oblique form, used before postpositions)",UNRESOLVED
urdu,vocabulary,682,مسئلے,"problems; issues; problem/issue (oblique/vocative singular, context-dependent)",UNRESOLVED
urdu,vocabulary,751,منصوبہ,"plan, design, scheme, project",UNRESOLVED
urdu,vocabulary,759,کاشت,"cultivation, agriculture",UNRESOLVED
urdu,vocabulary,795,تیسرے,third (masculine plural/oblique),UNRESOLVED
urdu,vocabulary,818,بل,force; might; power,UNRESOLVED
urdu,vocabulary,828,آمد,arrival,UNRESOLVED
urdu,vocabulary,944,مطالعہ,"study, reading, perusal; considering, inspecting, contemplation",CLEARED_VALID_VARIANT
urdu,vocabulary,970,عموما,"generally, usually",UNRESOLVED
urdu,sentence,31,مجھے کاپی چاہیے۔,I need the notebook.,UNRESOLVED
urdu,sentence,32,مجھے کاپی نہیں چاہیے۔,I don't need the notebook.,UNRESOLVED
urdu,sentence,33,کیا آپ کو کاپی چاہیے؟,Do you need the notebook?,UNRESOLVED
urdu,sentence,34,ہمیں کاپی چاہیے۔,We need the notebook.,UNRESOLVED
urdu,sentence,35,کاپی کہاں ہے؟,Where is the notebook?,UNRESOLVED
urdu,sentence,36,کیا کاپی یہاں ہے؟,Is the notebook here?,UNRESOLVED
urdu,sentence,39,میرے پاس کاپی ہے۔,I have the notebook.,UNRESOLVED
urdu,sentence,66,کیا ٹکٹ یہاں ہے؟,Is the ticket here?,UNRESOLVED
urdu,sentence,84,ہمیں شناختی کارڈ چاہیے۔,We need the ID card.,UNRESOLVED
urdu,sentence,131,مجھے کیمرہ چاہیے۔,I need the camera.,UNRESOLVED
urdu,sentence,141,مجھے گھڑی چاہیے۔,I need the watch.,UNRESOLVED
urdu,sentence,144,ہمیں گھڑی چاہیے۔,We need the watch.,UNRESOLVED
urdu,sentence,145,گھڑی کہاں ہے؟,Where is the watch?,UNRESOLVED
urdu,sentence,146,کیا گھڑی یہاں ہے؟,Is the watch here?,UNRESOLVED
urdu,sentence,148,براہِ کرم مجھے گھڑی دیجیے۔,Please give me the watch.,UNRESOLVED
urdu,sentence,149,میرے پاس گھڑی ہے۔,I have the watch.,UNRESOLVED
urdu,sentence,174,ہمیں بٹوہ چاہیے۔,We need the wallet.,UNRESOLVED
urdu,sentence,224,ہمیں تکیہ چاہیے۔,We need the pillow.,UNRESOLVED
urdu,sentence,276,کیا کپ یہاں ہے؟,Is the cup here?,UNRESOLVED
urdu,sentence,341,مجھے کافی چاہیے۔,I need the coffee.,UNRESOLVED
urdu,sentence,342,مجھے کافی نہیں چاہیے۔,I don't need the coffee.,UNRESOLVED
urdu,sentence,343,کیا آپ کو کافی چاہیے؟,Do you need the coffee?,UNRESOLVED
urdu,sentence,344,ہمیں کافی چاہیے۔,We need the coffee.,UNRESOLVED
urdu,sentence,345,کافی کہاں ہے؟,Where is the coffee?,UNRESOLVED
urdu,sentence,346,کیا کافی یہاں ہے؟,Is the coffee here?,UNRESOLVED
urdu,sentence,349,میرے پاس کافی ہے۔,I have the coffee.,UNRESOLVED
urdu,sentence,410,چلیے، ہوٹل چلیں۔,Let's go to the hotel.,UNRESOLVED
urdu,sentence,428,بس اسٹیشن کتنی دور ہے؟,How far is the bus station?,UNRESOLVED
urdu,sentence,429,ہمیں بس اسٹیشن جانا ہے۔,We need to go to the bus station.,UNRESOLVED
urdu,sentence,440,چلیے، ہوائی اڈا چلیں۔,Let's go to the airport.,UNRESOLVED
urdu,sentence,537,کیا مال قریب ہے؟,Is the shopping mall nearby?,UNRESOLVED
urdu,sentence,583,ہم بتی بند کر سکتے ہیں۔,We can turn off the light.,UNRESOLVED
urdu,sentence,763,وہ کافی ہے۔,That is enough.,UNRESOLVED
urdu,sentence,778,وہ تیز ہے۔,That is fast.,UNRESOLVED
urdu,sentence,798,وہ بہتر ہے۔,That is better.,UNRESOLVED
urdu,sentence,866,میں آج شام فارغ ہوں۔,I am free this evening.,UNRESOLVED
urdu,sentence,917,ہم ہفتے کو فارغ ہیں۔,We are free on Saturday.,UNRESOLVED
urdu,sentence,918,کیا آپ ہفتے کو فارغ ہیں؟,Are you free on Saturday?,UNRESOLVED
urdu,sentence,919,کیا ہم ہفتے کو ملیں؟,Shall we meet on Saturday?,UNRESOLVED
urdu,sentence,920,ہم ہفتے کو بات کر سکتے ہیں۔,We can talk on Saturday.,UNRESOLVED
urdu,sentence,956,میں چار بجے فارغ ہوں۔,I am free at four.,UNRESOLVED
urdu,sentence,997,ابھی وقت ہے۔,There is still time.,UNRESOLVED
